id,average_mape,F0mean_mape,F0std_mape,F0num_mape,F0mean_abs_error,F0std_abs_error,macro_f1,balanced_accuracy,recall_v,recall_uv,TP,TN,FP,FN,false_voiced_sil,F0num,allowed_f1,model
ACF_000,29.11082781780771,2.020714494541211,71.82335786413188,13.488411094750042,3.6277498367556653,18.011026709768068,0.8363427059624089,0.8709389865735436,0.8799378141943056,0.8619401589527816,533,157,23,81,44,600,True,ACF
ACF_001,27.59656011480798,1.4760164551989154,67.82525279447498,13.488411094750042,2.6177575092531313,16.816008764905916,0.8363427059624089,0.8709389865735436,0.8799378141943056,0.8619401589527816,533,157,23,81,44,600,True,ACF
ACF_002,24.890351603816537,1.0001362932970694,60.1825074234025,13.488411094750042,1.5704907296919757,15.42690946975357,0.8363427059624089,0.8709389865735436,0.8799378141943056,0.8619401589527816,533,157,23,81,44,600,True,ACF
ACF_003,24.545491123528286,0.8280451426244027,59.32001713321041,13.488411094750042,1.280107900061246,15.224971071661024,0.8363427059624089,0.8709389865735436,0.8799378141943056,0.8619401589527816,533,157,23,81,44,600,True,ACF
ACF_004,22.92052771397401,0.5417046647503967,54.73146738242159,13.488411094750042,0.7268511287247819,14.051909710208148,0.8363427059624089,0.8709389865735436,0.8799378141943056,0.8619401589527816,533,157,23,81,44,600,True,ACF
ACF_005,23.676847760585083,0.8805456401201548,56.66158654688505,13.488411094750042,1.1966292535226728,14.784728428004973,0.8363427059624089,0.8709389865735436,0.8799378141943056,0.8619401589527816,533,157,23,81,44,600,True,ACF
ACF_006,23.31279539024934,1.0139795946502814,55.43599548134769,13.488411094750042,1.4412919633372567,14.389288321809783,0.8363427059624089,0.8709389865735436,0.8799378141943056,0.8619401589527816,533,157,23,81,44,600,True,ACF
ACF_007,22.75703895127001,1.2894402511527683,53.49326550790723,13.488411094750042,1.987915026556017,13.904345611087448,0.8363427059624089,0.8709389865735436,0.8799378141943056,0.8619401589527816,533,157,23,81,44,600,True,ACF
ACF_008,22.03457638122312,1.4239701604751656,51.19134788844415,13.488411094750042,2.2803763771957115,13.288888600990827,0.8363427059624089,0.8709389865735436,0.8799378141943056,0.8619401589527816,533,157,23,81,44,600,True,ACF
ACF_009,23.824061373375514,2.56495122311963,55.41882180225687,13.488411094750042,4.15190870277285,14.496229097523225,0.8363427059624089,0.8709389865735436,0.8799378141943056,0.8619401589527816,533,157,23,81,44,600,True,ACF
ACF_010,22.581301279404943,2.6332748645462463,51.62221787891855,13.488411094750042,4.336721655269649,13.448617717604844,0.8363427059624089,0.8709389865735436,0.8799378141943056,0.8619401589527816,533,157,23,81,44,600,True,ACF
ACF_011,20.966584935708187,0.8606637688359984,48.55067994353851,13.488411094750042,1.217792992409894,12.755923301546444,0.8363427059624089,0.8709389865735436,0.8799378141943056,0.8619401589527816,533,157,23,81,44,600,True,ACF
ACF_012,20.91925096791363,0.8841060119848688,48.385235797005976,13.488411094750042,1.2727310254319733,12.718354576893853,0.8363427059624089,0.8709389865735436,0.8799378141943056,0.8619401589527816,533,157,23,81,44,600,True,ACF
ACF_013,22.32725415816507,0.7117858650792436,52.781565514665914,13.488411094750042,1.0437547229182478,13.872877092324076,0.8363427059624089,0.8709389865735436,0.8799378141943056,0.8619401589527816,533,157,23,81,44,600,True,ACF
ACF_014,22.245738834042445,0.7398627543479057,52.50894265302939,13.488411094750042,1.1041106572543633,13.807013186884033,0.8363427059624089,0.8709389865735436,0.8799378141943056,0.8619401589527816,533,157,23,81,44,600,True,ACF
ACF_015,23.170167997465207,1.6719054255228918,54.350187472122684,13.488411094750042,2.3741700310760407,14.0409583868455,0.8363427059624089,0.8709389865735436,0.8799378141943056,0.8619401589527816,533,157,23,81,44,600,True,ACF
ACF_016,23.089984146181138,1.6995560217625116,54.08198532203087,13.488411094750042,2.4335471966174715,13.975897326325647,0.8363427059624089,0.8709389865735436,0.8799378141943056,0.8619401589527816,533,157,23,81,44,600,True,ACF
ACF_017,20.923078642282963,0.839633746630283,48.44119108546856,13.488411094750042,1.193208896451413,12.727018243015976,0.8363427059624089,0.8709389865735436,0.8799378141943056,0.8619401589527816,533,157,23,81,44,600,True,ACF
ACF_018,20.86859414440294,0.857671861828182,48.2596994766306,13.488411094750042,1.2418295038988063,12.685212988314754,0.8363427059624089,0.8709389865735436,0.8799378141943056,0.8619401589527816,533,157,23,81,44,600,True,ACF
ACF_019,20.91928533403629,0.8327498782887082,48.43669502907011,13.488411094750042,1.1851616543601118,12.725831284126786,0.8363427059624089,0.8709389865735436,0.8799378141943056,0.8619401589527816,533,157,23,81,44,600,True,ACF
ACF_020,20.864780070559966,0.8507824805644597,48.255146636365396,13.488411094750042,1.233775817201515,12.684011038484739,0.8363427059624089,0.8709389865735436,0.8799378141943056,0.8619401589527816,533,157,23,81,44,600,True,ACF
ACF_021,21.6791687618727,1.8866192007902294,49.66247599007782,13.488411094750042,2.790493374163436,13.452419275203816,0.8363427059624089,0.8709389865735436,0.8799378141943056,0.8619401589527816,533,157,23,81,44,600,True,ACF
ACF_022,21.590816563877496,1.9201073084181632,49.363931288464286,13.488411094750042,2.8571820209945287,13.380670917771994,0.8363427059624089,0.8709389865735436,0.8799378141943056,0.8619401589527816,533,157,23,81,44,600,True,ACF
ACF_023,16.749346638636172,2.225365584983857,41.90677762688566,6.115896704038993,4.079172330975474,8.94680143020906,0.8413979679771644,0.8931490327894082,0.8658615298144405,0.9204365357643759,527,164,16,87,3,546,True,ACF
ACF_024,15.234011526433761,1.7408954484123138,37.84524242684998,6.115896704038993,3.2094691091751137,7.73108326907838,0.8413979679771644,0.8931490327894082,0.8658615298144405,0.9204365357643759,527,164,16,87,3,546,True,ACF
ACF_025,12.09157154412107,1.1300777441843262,29.028740184139888,6.115896704038993,1.8868514387521707,5.9215709140142065,0.8413979679771644,0.8931490327894082,0.8658615298144405,0.9204365357643759,527,164,16,87,3,546,True,ACF
ACF_026,12.1223210777237,0.9974942461763712,29.253572282955744,6.115896704038993,1.7060358775812645,6.128796068232358,0.8413979679771644,0.8931490327894082,0.8658615298144405,0.9204365357643759,527,164,16,87,3,546,True,ACF
ACF_027,10.607050285112265,0.626330860743132,25.078923290554677,6.115896704038993,0.9655152328108016,5.117573325424838,0.8413979679771644,0.8931490327894082,0.8658615298144405,0.9204365357643759,527,164,16,87,3,546,True,ACF
ACF_028,10.511039359005997,0.5821276327197694,24.835093740259236,6.115896704038993,0.8583925321390673,5.10087887534844,0.8413979679771644,0.8931490327894082,0.8658615298144405,0.9204365357643759,527,164,16,87,3,546,True,ACF
ACF_029,10.423396623241121,0.6905853878796924,24.46370777780468,6.115896704038993,1.0280556111382317,5.021061810615725,0.8413979679771644,0.8931490327894082,0.8658615298144405,0.9204365357643759,527,164,16,87,3,546,True,ACF
ACF_030,9.850380228683601,0.5559866222626125,22.8792573597492,6.115896704038993,0.7676831284693222,4.6494573378767505,0.8413979679771644,0.8931490327894082,0.8658615298144405,0.9204365357643759,527,164,16,87,3,546,True,ACF
ACF_031,9.419946051147022,0.5648247385069005,21.579116710895168,6.115896704038993,0.7996319107986025,4.401367239942541,0.8413979679771644,0.8931490327894082,0.8658615298144405,0.9204365357643759,527,164,16,87,3,546,True,ACF
ACF_032,8.854603230438958,0.8479595444103567,19.599953442867523,6.115896704038993,1.3573689485290927,4.01786000072178,0.8413979679771644,0.8931490327894082,0.8658615298144405,0.9204365357643759,527,164,16,87,3,546,True,ACF
ACF_033,8.110664298037353,0.8929824735769425,17.323113716496124,6.115896704038993,1.5110883822758439,3.531770840151446,0.8413979679771644,0.8931490327894082,0.8658615298144405,0.9204365357643759,527,164,16,87,3,546,True,ACF
ACF_034,9.580063862536926,0.7179727108968698,21.906322172674916,6.115896704038993,1.0699609168367168,4.506526798842736,0.8413979679771644,0.8931490327894082,0.8658615298144405,0.9204365357643759,527,164,16,87,3,546,True,ACF
ACF_035,9.485102757397039,0.7059724552045308,21.633439112947595,6.115896704038993,1.0504669366016905,4.435445389947595,0.8413979679771644,0.8931490327894082,0.8658615298144405,0.9204365357643759,527,164,16,87,3,546,True,ACF
ACF_036,9.575637901361105,0.712418263391472,21.89859873665285,6.115896704038993,1.0634677677029067,4.50448781173291,0.8413979679771644,0.8931490327894082,0.8658615298144405,0.9204365357643759,527,164,16,87,3,546,True,ACF
ACF_037,9.480698529680325,0.7004180076991239,21.625780877302862,6.115896704038993,1.0439737874678698,4.433423615737385,0.8413979679771644,0.8931490327894082,0.8658615298144405,0.9204365357643759,527,164,16,87,3,546,True,ACF
ACF_038,9.575637901361105,0.712418263391472,21.89859873665285,6.115896704038993,1.0634677677029067,4.50448781173291,0.8413979679771644,0.8931490327894082,0.8658615298144405,0.9204365357643759,527,164,16,87,3,546,True,ACF
ACF_039,9.480698529680325,0.7004180076991239,21.625780877302862,6.115896704038993,1.0439737874678698,4.433423615737385,0.8413979679771644,0.8931490327894082,0.8658615298144405,0.9204365357643759,527,164,16,87,3,546,True,ACF
ACF_040,9.638891490267921,0.6943618529582767,22.106415913806497,6.115896704038993,1.0423598239065015,4.559351546501473,0.8413979679771644,0.8931490327894082,0.8658615298144405,0.9204365357643759,527,164,16,87,3,546,True,ACF
ACF_041,9.55284011689363,0.6753157089248019,21.867307937717104,6.115896704038993,1.0146292002006874,4.497186759686745,0.8413979679771644,0.8931490327894082,0.8658615298144405,0.9204365357643759,527,164,16,87,3,546,True,ACF
ACF_042,9.63447954686242,0.6888074054528819,22.09873453109539,6.115896704038993,1.035866674772695,4.55732366146574,0.8413979679771644,0.8931490327894082,0.8658615298144405,0.9204365357643759,527,164,16,87,3,546,True,ACF
ACF_043,9.54845703103455,0.6697612614193948,21.859713127645268,6.115896704038993,1.0081360510668667,4.49518172982778,0.8413979679771644,0.8931490327894082,0.8658615298144405,0.9204365357643759,527,164,16,87,3,546,True,ACF
ACF_044,7.371243652781038,1.0747512343615055,14.923083019942615,6.115896704038993,1.8679615698996876,3.0791394501682694,0.8413979679771644,0.8931490327894082,0.8658615298144405,0.9204365357643759,527,164,16,87,3,546,True,ACF
ACF_045,7.279236147400932,1.0557123244608002,14.666099413703003,6.115896704038993,1.8402465429841364,3.0132973047556737,0.8413979679771644,0.8931490327894082,0.8658615298144405,0.9204365357643759,527,164,16,87,3,546,True,ACF
ACF_046,16.963607026040073,2.0610240161759807,43.73032626657253,5.099470795371706,3.9101908386371953,9.215635687547664,0.8580811085449516,0.8997163849499336,0.8894053037942103,0.9100274661056569,542,163,17,72,3,562,True,ACF
ACF_047,10.134402841303508,0.5638708223332053,24.739866906205616,5.099470795371706,0.7593370349255082,4.918528813447403,0.8580811085449516,0.8997163849499336,0.8894053037942103,0.9100274661056569,542,163,17,72,3,562,True,ACF
ACF_048,9.035626820737178,0.5503061332885817,21.45710353355125,5.099470795371706,0.8468341266422215,4.401735505871275,0.8580811085449516,0.8997163849499336,0.8894053037942103,0.9100274661056569,542,163,17,72,3,562,True,ACF
ACF_049,16.941609032490643,2.0246834689611166,45.593729683092505,3.2064139454183027,3.8358248611141263,9.526527642316772,0.8649219022948406,0.8960208668972202,0.9057987464171612,0.8862429873772791,558,157,23,56,4,585,True,ACF
ACF_050,10.19931156998297,0.5555807500284258,26.83594001450219,3.2064139454183027,0.7717966560171128,5.269265504537828,0.8649219022948406,0.8960208668972202,0.9057987464171612,0.8862429873772791,558,157,23,56,4,585,True,ACF
ACF_051,8.005593339675976,0.748804490257209,20.061561583352415,3.2064139454183027,1.114948864186001,4.166103002238313,0.8649219022948406,0.8960208668972202,0.9057987464171612,0.8862429873772791,558,157,23,56,4,585,True,ACF
ACF_052,16.749346638636172,2.225365584983857,41.90677762688566,6.115896704038993,4.079172330975474,8.94680143020906,0.8413979679771644,0.8931490327894082,0.8658615298144405,0.9204365357643759,527,164,16,87,3,546,True,ACF
ACF_053,9.850380228683601,0.5559866222626125,22.8792573597492,6.115896704038993,0.7676831284693222,4.6494573378767505,0.8413979679771644,0.8931490327894082,0.8658615298144405,0.9204365357643759,527,164,16,87,3,546,True,ACF
ACF_054,9.638891490267921,0.6943618529582767,22.106415913806497,6.115896704038993,1.0423598239065015,4.559351546501473,0.8413979679771644,0.8931490327894082,0.8658615298144405,0.9204365357643759,527,164,16,87,3,546,True,ACF
AMDF_energy_000,27.03042836877323,1.6797754593535785,65.01176217461412,14.39974747235199,2.7344814908506194,16.180808633060728,0.869477818048441,0.9127630952229144,0.8910059707169837,0.9345202197288452,541,168,12,73,51,604,True,AMDF_energy
AMDF_energy_001,23.69880804699997,1.4404632286453505,55.25621344000258,14.39974747235199,2.010023814756849,14.197972209368366,0.869477818048441,0.9127630952229144,0.8910059707169837,0.9345202197288452,541,168,12,73,51,604,True,AMDF_energy
AMDF_energy_002,22.519110851084086,1.4147911649327845,51.74279391596749,14.39974747235199,1.945494644006498,13.473806531934025,0.869477818048441,0.9127630952229144,0.8910059707169837,0.9345202197288452,541,168,12,73,51,604,True,AMDF_energy
AMDF_energy_003,26.98611926291334,2.394335924449993,64.16427439193805,14.39974747235199,3.6438259169551337,16.15064405398001,0.869477818048441,0.9127630952229144,0.8910059707169837,0.9345202197288452,541,168,12,73,51,604,True,AMDF_energy
AMDF_energy_004,25.30612331056114,2.2006264569546867,59.31799600237673,14.39974747235199,3.215911706272891,15.176832737170601,0.869477818048441,0.9127630952229144,0.8910059707169837,0.9345202197288452,541,168,12,73,51,604,True,AMDF_energy
AMDF_energy_005,25.167127849875506,2.43555720222942,58.6660788750451,14.39974747235199,3.5752397729438528,14.929087916417044,0.869477818048441,0.9127630952229144,0.8910059707169837,0.9345202197288452,541,168,12,73,51,604,True,AMDF_energy
AMDF_energy_006,23.805026205068106,2.477963908314977,54.537367234537356,14.39974747235199,3.590692787331701,14.08816223361227,0.869477818048441,0.9127630952229144,0.8910059707169837,0.9345202197288452,541,168,12,73,51,604,True,AMDF_energy
AMDF_energy_007,25.955387352629582,3.2677445150258713,60.198670070510886,14.39974747235199,4.910725443108664,15.174867051250896,0.869477818048441,0.9127630952229144,0.8910059707169837,0.9345202197288452,541,168,12,73,51,604,True,AMDF_energy
AMDF_energy_008,25.161772237629528,3.312797472540021,57.77277176799657,14.39974747235199,5.02535908844769,14.663252936428236,0.869477818048441,0.9127630952229144,0.8910059707169837,0.9345202197288452,541,168,12,73,51,604,True,AMDF_energy
AMDF_energy_009,26.467988907113806,4.375386511396474,60.62883273759295,14.39974747235199,6.719744009567055,15.217893394728781,0.869477818048441,0.9127630952229144,0.8910059707169837,0.9345202197288452,541,168,12,73,51,604,True,AMDF_energy
AMDF_energy_010,26.4681480180624,4.376459752538164,60.62823682929706,14.39974747235199,6.752495392595673,15.202993160085544,0.869477818048441,0.9127630952229144,0.8910059707169837,0.9345202197288452,541,168,12,73,51,604,True,AMDF_energy
AMDF_energy_011,22.128560891516393,1.006396919181162,50.97953828301602,14.39974747235199,1.364998171111484,13.371171962415639,0.869477818048441,0.9127630952229144,0.8910059707169837,0.9345202197288452,541,168,12,73,51,604,True,AMDF_energy
AMDF_energy_012,22.081195703225564,1.0491817952404605,50.794657842084234,14.39974747235199,1.441154953923288,13.338648368197415,0.869477818048441,0.9127630952229144,0.8910059707169837,0.9345202197288452,541,168,12,73,51,604,True,AMDF_energy
AMDF_energy_013,22.285685231009552,2.104500524196208,50.352807696480454,14.39974747235199,3.019116830459268,12.784693643287525,0.869477818048441,0.9127630952229144,0.8910059707169837,0.9345202197288452,541,168,12,73,51,604,True,AMDF_energy
AMDF_energy_014,22.232294260269867,2.1473896227597953,50.14974568569781,14.39974747235199,3.095472635301892,12.746914033091272,0.869477818048441,0.9127630952229144,0.8910059707169837,0.9345202197288452,541,168,12,73,51,604,True,AMDF_energy
AMDF_energy_015,21.930138539167807,2.238322986229872,49.15234515892156,14.39974747235199,3.3263732032885613,12.342923429465856,0.869477818048441,0.9127630952229144,0.8910059707169837,0.9345202197288452,541,168,12,73,51,604,True,AMDF_energy
AMDF_energy_016,21.874555871139002,2.281891107209514,48.94202903385549,14.39974747235199,3.404288043598445,12.302474305213302,0.869477818048441,0.9127630952229144,0.8910059707169837,0.9345202197288452,541,168,12,73,51,604,True,AMDF_energy
AMDF_energy_017,17.980824456022717,0.6350758683679517,38.907650027348204,14.39974747235199,0.9191448086318168,10.743553125598094,0.869477818048441,0.9127630952229144,0.8910059707169837,0.9345202197288452,541,168,12,73,51,604,True,AMDF_energy
AMDF_energy_018,17.96480669204424,0.677450141595157,38.81722246218558,14.39974747235199,0.9939161083714723,10.72446875267645,0.869477818048441,0.9127630952229144,0.8910059707169837,0.9345202197288452,541,168,12,73,51,604,True,AMDF_energy
AMDF_energy_019,18.7340081781049,1.4176012808759062,40.38467578108681,14.39974747235199,2.266825716057781,10.655230617252261,0.869477818048441,0.9127630952229144,0.8910059707169837,0.9345202197288452,541,168,12,73,51,604,True,AMDF_energy
AMDF_energy_020,18.71461579854771,1.460723064472413,40.28337685881873,14.39974747235199,2.3433132996053523,10.632026286109925,0.869477818048441,0.9127630952229144,0.8910059707169837,0.9345202197288452,541,168,12,73,51,604,True,AMDF_energy
AMDF_energy_021,20.55075525231298,1.7346089964610476,45.51790928812591,14.39974747235199,2.7419785463137565,11.38907108481911,0.869477818048441,0.9127630952229144,0.8910059707169837,0.9345202197288452,541,168,12,73,51,604,True,AMDF_energy
AMDF_energy_022,20.495295589520303,1.7749220614572967,45.31121723475162,14.39974747235199,2.8149917449528026,11.347862809652124,0.869477818048441,0.9127630952229144,0.8910059707169837,0.9345202197288452,541,168,12,73,51,604,True,AMDF_energy
AMDF_energy_023,13.695884117541652,1.0547578209241086,33.128134741712785,6.904759789988064,1.9080947998292572,6.702161769252166,0.8646263239365338,0.9206197592948743,0.8763026321942367,0.9649368863955119,535,171,9,79,1,545,True,AMDF_energy
AMDF_energy_024,10.381263128026912,0.5004766687816065,23.738552925311065,6.904759789988064,0.8125418036003751,4.8094658087273645,0.8646263239365338,0.9206197592948743,0.8763026321942367,0.9649368863955119,535,171,9,79,1,545,True,AMDF_energy
AMDF_energy_025,9.16612139731559,0.4494544759396203,20.14414992601909,6.904759789988064,0.6975613899180431,4.092443384329629,0.8646263239365338,0.9206197592948743,0.8763026321942367,0.9649368863955119,535,171,9,79,1,545,True,AMDF_energy
AMDF_energy_026,11.947570629382886,0.7842093761071222,28.153742722053472,6.904759789988064,1.3403605821184783,5.691806248339656,0.8646263239365338,0.9206197592948743,0.8763026321942367,0.9649368863955119,535,171,9,79,1,545,True,AMDF_energy
AMDF_energy_027,10.291787775948862,0.556878897517979,23.413724640340543,6.904759789988064,0.88549548773452,4.738736060483961,0.8646263239365338,0.9206197592948743,0.8763026321942367,0.9649368863955119,535,171,9,79,1,545,True,AMDF_energy
AMDF_energy_028,10.290480592846238,0.7249768300015142,23.24170515854914,6.904759789988064,1.0922789868881821,4.697202087455629,0.8646263239365338,0.9206197592948743,0.8763026321942367,0.9649368863955119,535,171,9,79,1,545,True,AMDF_energy
AMDF_energy_029,8.991137951239557,0.7085853644225354,19.36006869930807,6.904759789988064,1.0306643367271064,3.934408584676712,0.8646263239365338,0.9206197592948743,0.8763026321942367,0.9649368863955119,535,171,9,79,1,545,True,AMDF_energy
AMDF_energy_030,9.508680661737632,0.9049911512447187,20.716291043980114,6.904759789988064,1.4133249414515348,4.063459232465467,0.8646263239365338,0.9206197592948743,0.8763026321942367,0.9649368863955119,535,171,9,79,1,545,True,AMDF_energy
AMDF_energy_031,8.830783089049952,0.8922328155523522,18.695356661609434,6.904759789988064,1.4545074554458282,3.687855209120878,0.8646263239365338,0.9206197592948743,0.8763026321942367,0.9649368863955119,535,171,9,79,1,545,True,AMDF_energy
AMDF_energy_032,9.650373365974028,1.224176034125957,20.822184273808066,6.904759789988064,1.8451636266258795,4.005572104518044,0.8646263239365338,0.9206197592948743,0.8763026321942367,0.9649368863955119,535,171,9,79,1,545,True,AMDF_energy
AMDF_energy_033,9.752126683349864,1.2369327559389278,21.1146875041226,6.904759789988064,1.8863972991302518,4.094617960837328,0.8646263239365338,0.9206197592948743,0.8763026321942367,0.9649368863955119,535,171,9,79,1,545,True,AMDF_energy
AMDF_energy_034,9.103608136530564,0.7701768100855022,19.635887809518124,6.904759789988064,1.0850173434128614,3.981353748068691,0.8646263239365338,0.9206197592948743,0.8763026321942367,0.9649368863955119,535,171,9,79,1,545,True,AMDF_energy
AMDF_energy_035,9.088663595472102,0.7531102617868333,19.608120734641414,6.904759789988064,1.0816034934765675,3.9985310377879264,0.8646263239365338,0.9206197592948743,0.8763026321942367,0.9649368863955119,535,171,9,79,1,545,True,AMDF_energy
AMDF_energy_036,9.103608136530564,0.7701768100855022,19.635887809518124,6.904759789988064,1.0850173434128614,3.981353748068691,0.8646263239365338,0.9206197592948743,0.8763026321942367,0.9649368863955119,535,171,9,79,1,545,True,AMDF_energy
AMDF_energy_037,9.088663595472102,0.7531102617868333,19.608120734641414,6.904759789988064,1.0816034934765675,3.9985310377879264,0.8646263239365338,0.9206197592948743,0.8763026321942367,0.9649368863955119,535,171,9,79,1,545,True,AMDF_energy
AMDF_energy_038,9.103608136530564,0.7701768100855022,19.635887809518124,6.904759789988064,1.0850173434128614,3.981353748068691,0.8646263239365338,0.9206197592948743,0.8763026321942367,0.9649368863955119,535,171,9,79,1,545,True,AMDF_energy
AMDF_energy_039,9.088663595472102,0.7531102617868333,19.608120734641414,6.904759789988064,1.0816034934765675,3.9985310377879264,0.8646263239365338,0.9206197592948743,0.8763026321942367,0.9649368863955119,535,171,9,79,1,545,True,AMDF_energy
AMDF_energy_040,6.767626575019882,0.5426768692774979,12.855443065794086,6.904759789988064,0.8030365953751719,2.8385761103174794,0.8646263239365338,0.9206197592948743,0.8763026321942367,0.9649368863955119,535,171,9,79,1,545,True,AMDF_energy
AMDF_energy_041,6.789514252268083,0.5299305804007421,12.933852386415444,6.904759789988064,0.8048405326171135,2.8726989368362137,0.8646263239365338,0.9206197592948743,0.8763026321942367,0.9649368863955119,535,171,9,79,1,545,True,AMDF_energy
AMDF_energy_042,6.767626575019882,0.5426768692774979,12.855443065794086,6.904759789988064,0.8030365953751719,2.8385761103174794,0.8646263239365338,0.9206197592948743,0.8763026321942367,0.9649368863955119,535,171,9,79,1,545,True,AMDF_energy
AMDF_energy_043,6.789514252268083,0.5299305804007421,12.933852386415444,6.904759789988064,0.8048405326171135,2.8726989368362137,0.8646263239365338,0.9206197592948743,0.8763026321942367,0.9649368863955119,535,171,9,79,1,545,True,AMDF_energy
AMDF_energy_044,9.101583839313392,0.7824369832822111,19.617554744669903,6.904759789988064,1.099619856399002,3.9746108723686167,0.8646263239365338,0.9206197592948743,0.8763026321942367,0.9649368863955119,535,171,9,79,1,545,True,AMDF_energy
AMDF_energy_045,9.083523798610958,0.7668685369602287,19.57894306888458,6.904759789988064,1.0979327848811984,3.989074171491029,0.8646263239365338,0.9206197592948743,0.8763026321942367,0.9649368863955119,535,171,9,79,1,545,True,AMDF_energy
AMDF_energy_046,13.695884117541652,1.0547578209241086,33.128134741712785,6.904759789988064,1.9080947998292572,6.702161769252166,0.8646263239365338,0.9206197592948743,0.8763026321942367,0.9649368863955119,535,171,9,79,1,545,True,AMDF_energy
AMDF_energy_047,9.508680661737632,0.9049911512447187,20.716291043980114,6.904759789988064,1.4133249414515348,4.063459232465467,0.8646263239365338,0.9206197592948743,0.8763026321942367,0.9649368863955119,535,171,9,79,1,545,True,AMDF_energy
AMDF_energy_048,6.767626575019882,0.5426768692774979,12.855443065794086,6.904759789988064,0.8030365953751719,2.8385761103174794,0.8646263239365338,0.9206197592948743,0.8763026321942367,0.9649368863955119,535,171,9,79,1,545,True,AMDF_energy
AMDF_energy_049,14.228102048081498,1.5931100912012552,27.396700140934094,13.694495912109138,2.36064329134701,5.76217684082189,0.8263486250880985,0.906541792804637,0.8211481017383062,0.9919354838709677,503,178,2,111,1,506,False,AMDF_energy
AMDF_energy_050,9.401171621191455,1.2749784557561374,13.234040495709092,13.694495912109138,1.9092598557239562,2.884926887910396,0.8263486250880985,0.906541792804637,0.8211481017383062,0.9919354838709677,503,178,2,111,1,506,False,AMDF_energy
AMDF_energy_051,9.432021937547367,1.2586537738432315,13.34291612668973,13.694495912109138,1.8556338216826909,2.9295658182394257,0.8263486250880985,0.906541792804637,0.8211481017383062,0.9919354838709677,503,178,2,111,1,506,False,AMDF_energy
AMDF_energy_052,14.347490866219957,1.3008043689566244,33.75362440884484,7.9880438208584,2.2167945529004562,6.844853306473006,0.8557653955322586,0.9156146361181682,0.8662923858408244,0.9649368863955119,530,171,9,84,1,540,True,AMDF_energy
AMDF_energy_053,10.158948580452847,1.113744778083073,21.375057142417067,7.9880438208584,1.6741300687951934,4.228595120188781,0.8557653955322586,0.9156146361181682,0.8662923858408244,0.9649368863955119,530,171,9,84,1,540,True,AMDF_energy
AMDF_energy_054,7.3878441714515946,0.7384252297709402,13.437063463725444,7.9880438208584,1.029010708746295,2.972734503682589,0.8557653955322586,0.9156146361181682,0.8662923858408244,0.9649368863955119,530,171,9,84,1,540,True,AMDF_energy
GMM_ACF_000,28.801490553579082,7.07610257566491,59.23271276107948,20.095656323992845,12.239128426503147,14.094991131907655,0.7346399523309386,0.8341914559700778,0.7160459554184168,0.9523369565217391,423,174,6,191,14,443,True,GMM_ACF
GMM_ACF_001,26.77387480573315,6.352067600216047,53.87390049299056,20.095656323992845,10.8183978355775,12.592590729596505,0.7346399523309386,0.8341914559700778,0.7160459554184168,0.9523369565217391,423,174,6,191,14,443,True,GMM_ACF
GMM_ACF_002,25.302803156823902,6.187315319467788,49.62543782701107,20.095656323992845,10.397173218711249,11.593752207767327,0.7346399523309386,0.8341914559700778,0.7160459554184168,0.9523369565217391,423,174,6,191,14,443,True,GMM_ACF
GMM_ACF_003,19.265577057158254,4.340400377330505,33.360674470151416,20.095656323992845,6.96564735511739,8.27778771690648,0.7346399523309386,0.8341914559700778,0.7160459554184168,0.9523369565217391,423,174,6,191,14,443,True,GMM_ACF
GMM_ACF_004,17.106463731109315,3.924114296591723,27.29962057274338,20.095656323992845,6.033960175557954,6.753417024696916,0.7346399523309386,0.8341914559700778,0.7160459554184168,0.9523369565217391,423,174,6,191,14,443,True,GMM_ACF
GMM_ACF_005,14.972632105485793,3.2379887883956657,21.584251204068867,20.095656323992845,4.75202420239874,5.798100623331705,0.7346399523309386,0.8341914559700778,0.7160459554184168,0.9523369565217391,423,174,6,191,14,443,True,GMM_ACF
GMM_ACF_006,14.436154227058294,3.0518992422728486,20.16090711490919,20.095656323992845,4.435182170790014,5.348923592979401,0.7346399523309386,0.8341914559700778,0.7160459554184168,0.9523369565217391,423,174,6,191,14,443,True,GMM_ACF
GMM_ACF_007,13.708604135094534,2.5791192692510583,18.451036812039703,20.095656323992845,3.49167095357107,4.791353904638943,0.7346399523309386,0.8341914559700778,0.7160459554184168,0.9523369565217391,423,174,6,191,14,443,True,GMM_ACF
GMM_ACF_008,13.753413311463738,2.5961016001108455,18.568482010287518,20.095656323992845,3.518459597000682,4.822860902689837,0.7346399523309386,0.8341914559700778,0.7160459554184168,0.9523369565217391,423,174,6,191,14,443,True,GMM_ACF
GMM_ACF_009,13.106393064426534,1.2657936148440663,17.95772925444269,20.095656323992845,1.5974110302556355,4.693223452999785,0.7346399523309386,0.8341914559700778,0.7160459554184168,0.9523369565217391,423,174,6,191,14,443,True,GMM_ACF
GMM_ACF_010,12.953797796958023,1.256448826482047,17.50928824039918,20.095656323992845,1.6011433611809949,4.589965792071103,0.7346399523309386,0.8341914559700778,0.7160459554184168,0.9523369565217391,423,174,6,191,14,443,True,GMM_ACF
GMM_ACF_011,13.174672664637438,3.3017704904495884,16.12659117946988,20.095656323992845,4.287236092733778,3.997319709137905,0.7346399523309386,0.8341914559700778,0.7160459554184168,0.9523369565217391,423,174,6,191,14,443,True,GMM_ACF
GMM_ACF_012,13.216396397342885,3.3043314501819965,16.24920141785381,20.095656323992845,4.288871753563331,4.028351692515205,0.7346399523309386,0.8341914559700778,0.7160459554184168,0.9523369565217391,423,174,6,191,14,443,True,GMM_ACF
GMM_ACF_013,11.3329143957044,2.3393355082971614,11.563751354823191,20.095656323992845,3.1621495985975905,2.792729995431179,0.7346399523309386,0.8341914559700778,0.7160459554184168,0.9523369565217391,423,174,6,191,14,443,True,GMM_ACF
GMM_ACF_014,11.366720677964384,2.341967430753926,11.662538279146382,20.095656323992845,3.1638682148519166,2.8174726238964434,0.7346399523309386,0.8341914559700778,0.7160459554184168,0.9523369565217391,423,174,6,191,14,443,True,GMM_ACF
GMM_ACF_015,11.3329143957044,2.3393355082971614,11.563751354823191,20.095656323992845,3.1621495985975905,2.792729995431179,0.7346399523309386,0.8341914559700778,0.7160459554184168,0.9523369565217391,423,174,6,191,14,443,True,GMM_ACF
GMM_ACF_016,11.366720677964384,2.341967430753926,11.662538279146382,20.095656323992845,3.1638682148519166,2.8174726238964434,0.7346399523309386,0.8341914559700778,0.7160459554184168,0.9523369565217391,423,174,6,191,14,443,True,GMM_ACF
GMM_ACF_017,12.830459314585072,2.88776547758807,15.507956142174299,20.095656323992845,3.8032642326986625,3.8340000592918715,0.7346399523309386,0.8341914559700778,0.7160459554184168,0.9523369565217391,423,174,6,191,14,443,True,GMM_ACF
GMM_ACF_018,12.795132196911187,2.8823417934724396,15.407398473268277,20.095656323992845,3.7955658448698593,3.8061157151446237,0.7346399523309386,0.8341914559700778,0.7160459554184168,0.9523369565217391,423,174,6,191,14,443,True,GMM_ACF
GMM_ACF_019,11.138489663618994,1.925330495435643,11.394482171428496,20.095656323992845,2.678177738562475,2.7480429310149797,0.7346399523309386,0.8341914559700778,0.7160459554184168,0.9523369565217391,423,174,6,191,14,443,True,GMM_ACF
GMM_ACF_020,11.11220903610149,1.9199777740443693,11.320993010267253,20.095656323992845,2.6705623061584447,2.7273046729123536,0.7346399523309386,0.8341914559700778,0.7160459554184168,0.9523369565217391,423,174,6,191,14,443,True,GMM_ACF
GMM_ACF_021,11.138489663618994,1.925330495435643,11.394482171428496,20.095656323992845,2.678177738562475,2.7480429310149797,0.7346399523309386,0.8341914559700778,0.7160459554184168,0.9523369565217391,423,174,6,191,14,443,True,GMM_ACF
GMM_ACF_022,11.11220903610149,1.9199777740443693,11.320993010267253,20.095656323992845,2.6705623061584447,2.7273046729123536,0.7346399523309386,0.8341914559700778,0.7160459554184168,0.9523369565217391,423,174,6,191,14,443,True,GMM_ACF
GMM_ACF_023,30.02385877358357,6.496105454324129,59.46598700258354,24.10948386384305,11.429471086096655,14.098448279928295,0.7340257915507407,0.8371589356448748,0.7119809147680102,0.9623369565217391,421,175,5,193,1,427,True,GMM_ACF
GMM_ACF_024,27.895949530198326,5.735207550113504,53.84315717663843,24.10948386384305,9.932674006366955,12.491473520323716,0.7340257915507407,0.8371589356448748,0.7119809147680102,0.9623369565217391,421,175,5,193,1,427,True,GMM_ACF
GMM_ACF_025,26.372217308412388,5.5763722670786136,49.430795794315515,24.10948386384305,9.511275946171338,11.438238931052538,0.7340257915507407,0.8371589356448748,0.7119809147680102,0.9623369565217391,421,175,5,193,1,427,True,GMM_ACF
GMM_ACF_026,20.327336414742668,3.703278649917639,33.169246730467314,24.10948386384305,6.05704680511262,8.133492000003349,0.7340257915507407,0.8371589356448748,0.7119809147680102,0.9623369565217391,421,175,5,193,1,427,True,GMM_ACF
GMM_ACF_027,18.098311870251244,3.2664917405001592,26.918960006410522,24.10948386384305,5.082707448637386,6.533678371121423,0.7340257915507407,0.8371589356448748,0.7119809147680102,0.9623369565217391,421,175,5,193,1,427,True,GMM_ACF
GMM_ACF_028,15.761010322345038,2.6700178685994347,20.503529234592634,24.10948386384305,4.0021939066817644,5.326544629865068,0.7340257915507407,0.8371589356448748,0.7119809147680102,0.9623369565217391,421,175,5,193,1,427,True,GMM_ACF
GMM_ACF_029,15.181083579800942,2.472606910858769,18.96115996470101,24.10948386384305,3.66377563972895,4.827761076537789,0.7340257915507407,0.8371589356448748,0.7119809147680102,0.9623369565217391,421,175,5,193,1,427,True,GMM_ACF
GMM_ACF_030,14.336401036959568,2.18781532098255,16.711903926053107,24.10948386384305,3.1343345045505515,4.082892724949886,0.7340257915507407,0.8371589356448748,0.7119809147680102,0.9623369565217391,421,175,5,193,1,427,True,GMM_ACF
GMM_ACF_031,14.404073775446214,2.193605337578229,16.909132124917363,24.10948386384305,3.1475282706420487,4.135224818697832,0.7340257915507407,0.8371589356448748,0.7119809147680102,0.9623369565217391,421,175,5,193,1,427,True,GMM_ACF
GMM_ACF_032,12.625394983942048,1.3479726136300372,12.41872847435306,24.10948386384305,1.6952582262261942,2.966109251299435,0.7340257915507407,0.8371589356448748,0.7119809147680102,0.9623369565217391,421,175,5,193,1,427,True,GMM_ACF
GMM_ACF_033,12.602949148007731,1.3123175472832143,12.387046032896933,24.10948386384305,1.6461107009765747,2.9722115617191047,0.7340257915507407,0.8371589356448748,0.7119809147680102,0.9623369565217391,421,175,5,193,1,427,True,GMM_ACF
GMM_ACF_034,14.320957483691828,2.7772049071532194,16.076183680079215,24.10948386384305,3.576215774497072,3.8613646626050304,0.7340257915507407,0.8371589356448748,0.7119809147680102,0.9623369565217391,421,175,5,193,1,427,True,GMM_ACF
GMM_ACF_035,14.377135729704847,2.7781131136353645,16.243810211636127,24.10948386384305,3.5747508512100303,3.903650515357165,0.7340257915507407,0.8371589356448748,0.7119809147680102,0.9623369565217391,421,175,5,193,1,427,True,GMM_ACF
GMM_ACF_036,12.35428417437722,1.703183260403412,11.250185398885202,24.10948386384305,2.3206844694465474,2.5873011163698107,0.7340257915507407,0.8371589356448748,0.7119809147680102,0.9623369565217391,421,175,5,193,1,427,True,GMM_ACF
GMM_ACF_037,12.398746260877406,1.7041706571721535,11.382584261617016,24.10948386384305,2.319312119604536,2.620286864552119,0.7340257915507407,0.8371589356448748,0.7119809147680102,0.9623369565217391,421,175,5,193,1,427,True,GMM_ACF
GMM_ACF_038,12.35428417437722,1.703183260403412,11.250185398885202,24.10948386384305,2.3206844694465474,2.5873011163698107,0.7340257915507407,0.8371589356448748,0.7119809147680102,0.9623369565217391,421,175,5,193,1,427,True,GMM_ACF
GMM_ACF_039,12.398746260877406,1.7041706571721535,11.382584261617016,24.10948386384305,2.319312119604536,2.620286864552119,0.7340257915507407,0.8371589356448748,0.7119809147680102,0.9623369565217391,421,175,5,193,1,427,True,GMM_ACF
GMM_ACF_040,13.999706583008248,2.3151993130903668,15.574436572091326,24.10948386384305,3.0361312350375975,3.7289034260962275,0.7340257915507407,0.8371589356448748,0.7119809147680102,0.9623369565217391,421,175,5,193,1,427,True,GMM_ACF
GMM_ACF_041,13.96607623077118,2.3071971199160046,15.481547708554483,24.10948386384305,3.0242500545520983,3.7024132145436104,0.7340257915507407,0.8371589356448748,0.7119809147680102,0.9623369565217391,421,175,5,193,1,427,True,GMM_ACF
GMM_ACF_042,12.211920989735596,1.2411776663405594,11.28510143902318,24.10948386384305,1.7805999299870727,2.596518950966237,0.7340257915507407,0.8371589356448748,0.7119809147680102,0.9623369565217391,421,175,5,193,1,427,True,GMM_ACF
GMM_ACF_043,12.188604220033554,1.2332546634527963,11.223074132804816,24.10948386384305,1.7688113229466076,2.5781761905456984,0.7340257915507407,0.8371589356448748,0.7119809147680102,0.9623369565217391,421,175,5,193,1,427,True,GMM_ACF
GMM_ACF_044,12.211920989735596,1.2411776663405594,11.28510143902318,24.10948386384305,1.7805999299870727,2.596518950966237,0.7340257915507407,0.8371589356448748,0.7119809147680102,0.9623369565217391,421,175,5,193,1,427,True,GMM_ACF
GMM_ACF_045,12.188604220033554,1.2332546634527963,11.223074132804816,24.10948386384305,1.7688113229466076,2.5781761905456984,0.7340257915507407,0.8371589356448748,0.7119809147680102,0.9623369565217391,421,175,5,193,1,427,True,GMM_ACF
GMM_AMDF_000,16.956907448538242,1.5702538271477278,40.496963003720644,8.803505514746352,2.725575039662047,10.019585471230155,0.8050679204258859,0.8835602615609253,0.8056017059175495,0.9615188172043011,490,175,5,124,25,520,True,GMM_AMDF
GMM_AMDF_001,13.622606402351028,1.0937464693739996,30.970567222932733,8.803505514746352,1.847198408079052,8.068534311810557,0.8050679204258859,0.8835602615609253,0.8056017059175495,0.9615188172043011,490,175,5,124,25,520,True,GMM_AMDF
GMM_AMDF_002,12.304796699171463,1.3134702392784454,26.797414343489592,8.803505514746352,2.301767890129952,7.218023640188671,0.8050679204258859,0.8835602615609253,0.8056017059175495,0.9615188172043011,490,175,5,124,25,520,True,GMM_AMDF
GMM_AMDF_003,14.877106988251306,1.2272616087687078,34.600553841238856,8.803505514746352,2.268637083538472,8.811957682521328,0.8050679204258859,0.8835602615609253,0.8056017059175495,0.9615188172043011,490,175,5,124,25,520,True,GMM_AMDF
GMM_AMDF_004,13.56240409093004,1.1796072105492799,30.704099547494486,8.803505514746352,2.1761182432432022,7.999249751488166,0.8050679204258859,0.8835602615609253,0.8056017059175495,0.9615188172043011,490,175,5,124,25,520,True,GMM_AMDF
GMM_AMDF_005,12.903644506002088,1.4262075262398883,28.481220477020027,8.803505514746352,2.5699834917610325,7.580221530141647,0.8050679204258859,0.8835602615609253,0.8056017059175495,0.9615188172043011,490,175,5,124,25,520,True,GMM_AMDF
GMM_AMDF_006,12.062754180535215,1.601984645856128,25.78277238100317,8.803505514746352,2.887038174066685,7.030837789836477,0.8050679204258859,0.8835602615609253,0.8056017059175495,0.9615188172043011,490,175,5,124,25,520,True,GMM_AMDF
GMM_AMDF_007,12.018633446704731,1.772068464151606,25.48032636121624,8.803505514746352,3.2391093094976178,6.854115507274082,0.8050679204258859,0.8835602615609253,0.8056017059175495,0.9615188172043011,490,175,5,124,25,520,True,GMM_AMDF
GMM_AMDF_008,11.870370151600754,1.732398264951076,25.075206675104837,8.803505514746352,3.199406319479145,6.7630342338861515,0.8050679204258859,0.8835602615609253,0.8056017059175495,0.9615188172043011,490,175,5,124,25,520,True,GMM_AMDF
GMM_AMDF_009,12.425384592066436,2.0238122239346605,26.448836037518294,8.803505514746352,3.819107505698298,7.225908533396739,0.8050679204258859,0.8835602615609253,0.8056017059175495,0.9615188172043011,490,175,5,124,25,520,True,GMM_AMDF
GMM_AMDF_010,12.272175381803283,1.9681789013279347,26.044841729335563,8.803505514746352,3.76020636065477,7.131920714407626,0.8050679204258859,0.8835602615609253,0.8056017059175495,0.9615188172043011,490,175,5,124,25,520,True,GMM_AMDF
GMM_AMDF_011,11.893461389927468,1.5648674370800548,25.312011217956005,8.803505514746352,2.7311734060510666,6.820673908644352,0.8050679204258859,0.8835602615609253,0.8056017059175495,0.9615188172043011,490,175,5,124,25,520,True,GMM_AMDF
GMM_AMDF_012,11.799662001125593,1.5674084412356348,25.028072047394797,8.803505514746352,2.743618371302439,6.750808379419005,0.8050679204258859,0.8835602615609253,0.8056017059175495,0.9615188172043011,490,175,5,124,25,520,True,GMM_AMDF
GMM_AMDF_013,11.893461389927468,1.5648674370800548,25.312011217956005,8.803505514746352,2.7311734060510666,6.820673908644352,0.8050679204258859,0.8835602615609253,0.8056017059175495,0.9615188172043011,490,175,5,124,25,520,True,GMM_AMDF
GMM_AMDF_014,11.799662001125593,1.5674084412356348,25.028072047394797,8.803505514746352,2.743618371302439,6.750808379419005,0.8050679204258859,0.8835602615609253,0.8056017059175495,0.9615188172043011,490,175,5,124,25,520,True,GMM_AMDF
GMM_AMDF_015,11.981953829204029,1.5829473529919218,25.559408619873814,8.803505514746352,2.7705253926133437,6.90928517231352,0.8050679204258859,0.8835602615609253,0.8056017059175495,0.9615188172043011,490,175,5,124,25,520,True,GMM_AMDF
GMM_AMDF_016,11.888268731663597,1.5854883571475016,25.27581232309694,8.803505514746352,2.7829703578647162,6.83954028945095,0.8050679204258859,0.8835602615609253,0.8056017059175495,0.9615188172043011,490,175,5,124,25,520,True,GMM_AMDF
GMM_AMDF_017,11.843217174872272,1.5982599093290935,25.127886100541375,8.803505514746352,2.7939081004176387,6.746799537558357,0.8050679204258859,0.8835602615609253,0.8056017059175495,0.9615188172043011,490,175,5,124,25,520,True,GMM_AMDF
GMM_AMDF_018,11.751780889319212,1.6025686951705338,24.849268458040754,8.803505514746352,2.8084196024597823,6.678269680636296,0.8050679204258859,0.8835602615609253,0.8056017059175495,0.9615188172043011,490,175,5,124,25,520,True,GMM_AMDF
GMM_AMDF_019,11.843217174872272,1.5982599093290935,25.127886100541375,8.803505514746352,2.7939081004176387,6.746799537558357,0.8050679204258859,0.8835602615609253,0.8056017059175495,0.9615188172043011,490,175,5,124,25,520,True,GMM_AMDF
GMM_AMDF_020,11.751780889319212,1.6025686951705338,24.849268458040754,8.803505514746352,2.8084196024597823,6.678269680636296,0.8050679204258859,0.8835602615609253,0.8056017059175495,0.9615188172043011,490,175,5,124,25,520,True,GMM_AMDF
GMM_AMDF_021,11.927396638592514,1.6143006369771524,25.36438376405404,8.803505514746352,2.8307376110975824,6.833830677731018,0.8050679204258859,0.8835602615609253,0.8056017059175495,0.9615188172043011,490,175,5,124,25,520,True,GMM_AMDF
GMM_AMDF_022,11.836068508083923,1.6186094228185928,25.086090586686833,8.803505514746352,2.845249113139726,6.765420223978053,0.8050679204258859,0.8835602615609253,0.8056017059175495,0.9615188172043011,490,175,5,124,25,520,True,GMM_AMDF
GMM_AMDF_023,14.90230907432395,1.4712255468465092,27.73208093188024,15.503620744245103,2.1960390461281385,5.7896183550546985,0.8119198777125379,0.897752334731657,0.8035691855923464,0.9919354838709677,489,178,2,125,1,492,True,GMM_AMDF
GMM_AMDF_024,11.660665423295901,0.9884381185409229,18.489937407101678,15.503620744245103,1.311654099848738,3.929825840399041,0.8119198777125379,0.897752334731657,0.8035691855923464,0.9919354838709677,489,178,2,125,1,492,True,GMM_AMDF
GMM_AMDF_025,10.332301085148982,1.2138591832696715,14.279423327932173,15.503620744245103,1.7724011539302147,3.0769200865948223,0.8119198777125379,0.897752334731657,0.8035691855923464,0.9919354838709677,489,178,2,125,1,492,True,GMM_AMDF
GMM_AMDF_026,12.771303042067075,0.9367532366760707,21.873535145280048,15.503620744245103,1.2836668510837264,4.608553832829881,0.8119198777125379,0.897752334731657,0.8035691855923464,0.9919354838709677,489,178,2,125,1,492,True,GMM_AMDF
GMM_AMDF_027,11.549959782150813,0.8828187679247814,18.263439834282558,15.503620744245103,1.1851396960920475,3.8878748541362818,0.8119198777125379,0.897752334731657,0.8035691855923464,0.9919354838709677,489,178,2,125,1,492,True,GMM_AMDF
GMM_AMDF_028,10.770132722043202,1.1395237777326437,15.66725364415186,15.503620744245103,1.5901870705597183,3.3529090719317516,0.8119198777125379,0.897752334731657,0.8035691855923464,0.9919354838709677,489,178,2,125,1,492,True,GMM_AMDF
GMM_AMDF_029,10.022648905518768,1.309020826817022,13.255305145494182,15.503620744245103,1.901233438168962,2.8955981543367866,0.8119198777125379,0.897752334731657,0.8035691855923464,0.9919354838709677,489,178,2,125,1,492,True,GMM_AMDF
GMM_AMDF_030,10.05431399986105,1.3686396636998037,13.290681591638243,15.503620744245103,1.987847437757079,2.863114849789394,0.8119198777125379,0.897752334731657,0.8035691855923464,0.9919354838709677,489,178,2,125,1,492,True,GMM_AMDF
GMM_AMDF_031,10.002228237600095,1.3236791481095784,13.179384820445605,15.503620744245103,1.9432931556343966,2.866322795445159,0.8119198777125379,0.897752334731657,0.8035691855923464,0.9919354838709677,489,178,2,125,1,492,True,GMM_AMDF
GMM_AMDF_032,10.048338229916645,1.386416643234631,13.254977302270198,15.503620744245103,2.0098375614416604,2.8571165291755625,0.8119198777125379,0.897752334731657,0.8035691855923464,0.9919354838709677,489,178,2,125,1,492,True,GMM_AMDF
GMM_AMDF_033,10.004479697062234,1.3327939493915064,13.177024397550095,15.503620744245103,1.9545681648201416,2.865926244398713,0.8119198777125379,0.897752334731657,0.8035691855923464,0.9919354838709677,489,178,2,125,1,492,True,GMM_AMDF
GMM_AMDF_034,10.095430992615036,1.3495380304836688,13.433134203116337,15.503620744245103,1.934610026543453,2.9167566534451694,0.8119198777125379,0.897752334731657,0.8035691855923464,0.9919354838709677,489,178,2,125,1,492,True,GMM_AMDF
GMM_AMDF_035,10.09518148597498,1.3457989641073904,13.436124749572452,15.503620744245103,1.94104667709842,2.939135074634695,0.8119198777125379,0.897752334731657,0.8035691855923464,0.9919354838709677,489,178,2,125,1,492,True,GMM_AMDF
GMM_AMDF_036,10.095430992615036,1.3495380304836688,13.433134203116337,15.503620744245103,1.934610026543453,2.9167566534451694,0.8119198777125379,0.897752334731657,0.8035691855923464,0.9919354838709677,489,178,2,125,1,492,True,GMM_AMDF
GMM_AMDF_037,10.09518148597498,1.3457989641073904,13.436124749572452,15.503620744245103,1.94104667709842,2.939135074634695,0.8119198777125379,0.897752334731657,0.8035691855923464,0.9919354838709677,489,178,2,125,1,492,True,GMM_AMDF
GMM_AMDF_038,10.10016235576395,1.3515772187474735,13.445289104299276,15.503620744245103,1.9371325024257793,2.9187986768439034,0.8119198777125379,0.897752334731657,0.8035691855923464,0.9919354838709677,489,178,2,125,1,492,True,GMM_AMDF
GMM_AMDF_039,10.099922067773655,1.347838152371195,13.448307306704669,15.503620744245103,1.9435691529807464,2.9411817442329076,0.8119198777125379,0.897752334731657,0.8035691855923464,0.9919354838709677,489,178,2,125,1,492,True,GMM_AMDF
GMM_AMDF_040,10.089743971652387,1.3606781007148858,13.404933069997174,15.503620744245103,1.9477714334456842,2.908144683788149,0.8119198777125379,0.897752334731657,0.8035691855923464,0.9919354838709677,489,178,2,125,1,492,True,GMM_AMDF
GMM_AMDF_041,10.086923762957198,1.3589806976941081,13.398169846932385,15.503620744245103,1.9565947884632315,2.927945454853025,0.8119198777125379,0.897752334731657,0.8035691855923464,0.9919354838709677,489,178,2,125,1,492,True,GMM_AMDF
GMM_AMDF_042,10.089743971652387,1.3606781007148858,13.404933069997174,15.503620744245103,1.9477714334456842,2.908144683788149,0.8119198777125379,0.897752334731657,0.8035691855923464,0.9919354838709677,489,178,2,125,1,492,True,GMM_AMDF
GMM_AMDF_043,10.086923762957198,1.3589806976941081,13.398169846932385,15.503620744245103,1.9565947884632315,2.927945454853025,0.8119198777125379,0.897752334731657,0.8035691855923464,0.9919354838709677,489,178,2,125,1,492,True,GMM_AMDF
GMM_AMDF_044,10.089743971652387,1.3606781007148858,13.404933069997174,15.503620744245103,1.9477714334456842,2.908144683788149,0.8119198777125379,0.897752334731657,0.8035691855923464,0.9919354838709677,489,178,2,125,1,492,True,GMM_AMDF
GMM_AMDF_045,10.086923762957198,1.3589806976941081,13.398169846932385,15.503620744245103,1.9565947884632315,2.927945454853025,0.8119198777125379,0.897752334731657,0.8035691855923464,0.9919354838709677,489,178,2,125,1,492,True,GMM_AMDF
AMDF_no_energy_000,27.03042836877323,1.6797754593535785,65.01176217461412,14.39974747235199,2.7344814908506194,16.180808633060728,0.869477818048441,0.9127630952229144,0.8910059707169837,0.9345202197288452,541,168,12,73,51,604,True,AMDF_no_energy
AMDF_no_energy_001,23.69880804699997,1.4404632286453505,55.25621344000258,14.39974747235199,2.010023814756849,14.197972209368366,0.869477818048441,0.9127630952229144,0.8910059707169837,0.9345202197288452,541,168,12,73,51,604,True,AMDF_no_energy
AMDF_no_energy_002,22.519110851084086,1.4147911649327845,51.74279391596749,14.39974747235199,1.945494644006498,13.473806531934025,0.869477818048441,0.9127630952229144,0.8910059707169837,0.9345202197288452,541,168,12,73,51,604,True,AMDF_no_energy
AMDF_no_energy_003,26.98611926291334,2.394335924449993,64.16427439193805,14.39974747235199,3.6438259169551337,16.15064405398001,0.869477818048441,0.9127630952229144,0.8910059707169837,0.9345202197288452,541,168,12,73,51,604,True,AMDF_no_energy
AMDF_no_energy_004,25.30612331056114,2.2006264569546867,59.31799600237673,14.39974747235199,3.215911706272891,15.176832737170601,0.869477818048441,0.9127630952229144,0.8910059707169837,0.9345202197288452,541,168,12,73,51,604,True,AMDF_no_energy
AMDF_no_energy_005,25.167127849875506,2.43555720222942,58.6660788750451,14.39974747235199,3.5752397729438528,14.929087916417044,0.869477818048441,0.9127630952229144,0.8910059707169837,0.9345202197288452,541,168,12,73,51,604,True,AMDF_no_energy
AMDF_no_energy_006,23.805026205068106,2.477963908314977,54.537367234537356,14.39974747235199,3.590692787331701,14.08816223361227,0.869477818048441,0.9127630952229144,0.8910059707169837,0.9345202197288452,541,168,12,73,51,604,True,AMDF_no_energy
AMDF_no_energy_007,25.955387352629582,3.2677445150258713,60.198670070510886,14.39974747235199,4.910725443108664,15.174867051250896,0.869477818048441,0.9127630952229144,0.8910059707169837,0.9345202197288452,541,168,12,73,51,604,True,AMDF_no_energy
AMDF_no_energy_008,25.161772237629528,3.312797472540021,57.77277176799657,14.39974747235199,5.02535908844769,14.663252936428236,0.869477818048441,0.9127630952229144,0.8910059707169837,0.9345202197288452,541,168,12,73,51,604,True,AMDF_no_energy
AMDF_no_energy_009,26.467988907113806,4.375386511396474,60.62883273759295,14.39974747235199,6.719744009567055,15.217893394728781,0.869477818048441,0.9127630952229144,0.8910059707169837,0.9345202197288452,541,168,12,73,51,604,True,AMDF_no_energy
AMDF_no_energy_010,26.4681480180624,4.376459752538164,60.62823682929706,14.39974747235199,6.752495392595673,15.202993160085544,0.869477818048441,0.9127630952229144,0.8910059707169837,0.9345202197288452,541,168,12,73,51,604,True,AMDF_no_energy
AMDF_no_energy_011,22.128560891516393,1.006396919181162,50.97953828301602,14.39974747235199,1.364998171111484,13.371171962415639,0.869477818048441,0.9127630952229144,0.8910059707169837,0.9345202197288452,541,168,12,73,51,604,True,AMDF_no_energy
AMDF_no_energy_012,22.081195703225564,1.0491817952404605,50.794657842084234,14.39974747235199,1.441154953923288,13.338648368197415,0.869477818048441,0.9127630952229144,0.8910059707169837,0.9345202197288452,541,168,12,73,51,604,True,AMDF_no_energy
AMDF_no_energy_013,22.285685231009552,2.104500524196208,50.352807696480454,14.39974747235199,3.019116830459268,12.784693643287525,0.869477818048441,0.9127630952229144,0.8910059707169837,0.9345202197288452,541,168,12,73,51,604,True,AMDF_no_energy
AMDF_no_energy_014,22.232294260269867,2.1473896227597953,50.14974568569781,14.39974747235199,3.095472635301892,12.746914033091272,0.869477818048441,0.9127630952229144,0.8910059707169837,0.9345202197288452,541,168,12,73,51,604,True,AMDF_no_energy
AMDF_no_energy_015,21.930138539167807,2.238322986229872,49.15234515892156,14.39974747235199,3.3263732032885613,12.342923429465856,0.869477818048441,0.9127630952229144,0.8910059707169837,0.9345202197288452,541,168,12,73,51,604,True,AMDF_no_energy
AMDF_no_energy_016,21.874555871139002,2.281891107209514,48.94202903385549,14.39974747235199,3.404288043598445,12.302474305213302,0.869477818048441,0.9127630952229144,0.8910059707169837,0.9345202197288452,541,168,12,73,51,604,True,AMDF_no_energy
AMDF_no_energy_017,17.980824456022717,0.6350758683679517,38.907650027348204,14.39974747235199,0.9191448086318168,10.743553125598094,0.869477818048441,0.9127630952229144,0.8910059707169837,0.9345202197288452,541,168,12,73,51,604,True,AMDF_no_energy
AMDF_no_energy_018,17.96480669204424,0.677450141595157,38.81722246218558,14.39974747235199,0.9939161083714723,10.72446875267645,0.869477818048441,0.9127630952229144,0.8910059707169837,0.9345202197288452,541,168,12,73,51,604,True,AMDF_no_energy
AMDF_no_energy_019,18.7340081781049,1.4176012808759062,40.38467578108681,14.39974747235199,2.266825716057781,10.655230617252261,0.869477818048441,0.9127630952229144,0.8910059707169837,0.9345202197288452,541,168,12,73,51,604,True,AMDF_no_energy
AMDF_no_energy_020,18.71461579854771,1.460723064472413,40.28337685881873,14.39974747235199,2.3433132996053523,10.632026286109925,0.869477818048441,0.9127630952229144,0.8910059707169837,0.9345202197288452,541,168,12,73,51,604,True,AMDF_no_energy
AMDF_no_energy_021,20.55075525231298,1.7346089964610476,45.51790928812591,14.39974747235199,2.7419785463137565,11.38907108481911,0.869477818048441,0.9127630952229144,0.8910059707169837,0.9345202197288452,541,168,12,73,51,604,True,AMDF_no_energy
AMDF_no_energy_022,20.495295589520303,1.7749220614572967,45.31121723475162,14.39974747235199,2.8149917449528026,11.347862809652124,0.869477818048441,0.9127630952229144,0.8910059707169837,0.9345202197288452,541,168,12,73,51,604,True,AMDF_no_energy
AMDF_no_energy_023,27.03042836877323,1.6797754593535785,65.01176217461412,14.39974747235199,2.7344814908506194,16.180808633060728,0.869477818048441,0.9127630952229144,0.8910059707169837,0.9345202197288452,541,168,12,73,51,604,True,AMDF_no_energy
AMDF_no_energy_024,25.955387352629582,3.2677445150258713,60.198670070510886,14.39974747235199,4.910725443108664,15.174867051250896,0.869477818048441,0.9127630952229144,0.8910059707169837,0.9345202197288452,541,168,12,73,51,604,True,AMDF_no_energy
AMDF_no_energy_025,17.980824456022717,0.6350758683679517,38.907650027348204,14.39974747235199,0.9191448086318168,10.743553125598094,0.869477818048441,0.9127630952229144,0.8910059707169837,0.9345202197288452,541,168,12,73,51,604,True,AMDF_no_energy
AMDF_no_energy_026,14.979038254564728,2.2333918109538935,34.184952026227464,8.518770926512826,3.5130364560831637,8.366504725329872,0.8195533805534245,0.8923497196339052,0.8231806220635094,0.9615188172043011,504,175,5,110,20,529,False,AMDF_no_energy
AMDF_no_energy_027,9.999029469160892,2.2309793165430936,19.247338164426758,8.518770926512826,3.7903425552061663,5.198186736011581,0.8195533805534245,0.8923497196339052,0.8231806220635094,0.9615188172043011,504,175,5,110,20,529,False,AMDF_no_energy
AMDF_no_energy_028,9.859865337698384,2.033254842406854,19.02757024417547,8.518770926512826,3.3172234341961833,5.127061029306376,0.8195533805534245,0.8923497196339052,0.8231806220635094,0.9615188172043011,504,175,5,110,20,529,False,AMDF_no_energy
AMDF_no_energy_029,24.404391450630953,1.070457685309007,60.38783957088985,11.754877095694,1.9615609020431748,14.7549921469415,0.8580144014341233,0.9064281848121658,0.8783361498954861,0.9345202197288452,535,168,12,79,44,591,True,AMDF_no_energy
AMDF_no_energy_030,22.86689277882964,2.6049728177472886,54.24082842304763,11.754877095694,4.0952796824651365,13.37548547240145,0.8580144014341233,0.9064281848121658,0.8783361498954861,0.9345202197288452,535,168,12,79,44,591,True,AMDF_no_energy
AMDF_no_energy_031,16.65955191743251,0.9135314593171466,37.31024719728638,11.754877095694,1.2333008482264738,10.167721631261378,0.8580144014341233,0.9064281848121658,0.8783361498954861,0.9345202197288452,535,168,12,79,44,591,True,AMDF_no_energy
