model,variant,config,train_average_mape,train_F0mean_mape,train_F0std_mape,train_F0num_mape,train_F0mean_abs_error,train_F0std_abs_error,train_macro_f1,train_balanced_accuracy,train_recall_v,train_recall_uv,train_TP,train_TN,train_FP,train_FN,train_false_voiced_sil,train_F0num,lofo_average_mape,lofo_F0mean_mape,lofo_F0std_mape,lofo_F0num_mape,lofo_F0mean_abs_error,lofo_F0std_abs_error,lofo_macro_f1,lofo_balanced_accuracy,lofo_recall_v,lofo_recall_uv,lofo_TP,lofo_TN,lofo_FP,lofo_FN,lofo_false_voiced_sil,lofo_F0num,pitch_threshold,energy_threshold
ACF,gaussian,"{""algorithm"": ""ACF"", ""frame_ms"": 25, ""threshold_method"": ""gaussian""}",31.914437691914877,2.008630489440729,76.62332295428658,17.111359632017333,3.6600819037980408,18.688604593327195,0.8641472868463175,0.8845389828148887,0.9139236879299177,0.8551542776998597,555,157,23,59,56,634,32.67118541866874,2.0104975128306943,77.626395696746,18.37666304642954,3.6463064174038315,18.99494284086343,0.8610355979390036,0.8837891016079512,0.9088007371102456,0.8587774661056569,550,158,22,64,60,632,0.6437970413839914,0.0
ACF,hist_modes,"{""algorithm"": ""ACF"", ""frame_ms"": 25, ""threshold_method"": ""hist_modes""}",31.914437691914877,2.008630489440729,76.62332295428658,17.111359632017333,3.6600819037980408,18.688604593327195,0.8641472868463175,0.8845389828148887,0.9139236879299177,0.8551542776998597,555,157,23,59,56,634,32.294077912914645,1.8749686734905526,78.31237794022579,16.694887125027584,3.4352288601272143,18.968392274714457,0.8636763743458898,0.8744542661171826,0.9251941797331964,0.8237143525011688,566,149,31,48,58,655,0.6453507841023411,0.0
ACF,hist_classes,"{""algorithm"": ""ACF"", ""frame_ms"": 25, ""threshold_method"": ""hist_classes""}",29.83471057738782,2.0076455441747827,73.10654141152011,14.389944776468553,3.65781319298371,18.049933264208946,0.8487907896527037,0.8861332780911243,0.8817937885338147,0.8904727676484339,535,163,17,79,45,597,29.11082781780771,2.020714494541211,71.82335786413188,13.488411094750042,3.6277498367556653,18.011026709768068,0.8363427059624089,0.8709389865735436,0.8799378141943056,0.8619401589527816,533,157,23,81,44,600,0.6840817762403983,0.0
AMDF,gaussian,"{""algorithm"": ""AMDF"", ""frame_ms"": 25, ""threshold_method"": ""gaussian""}",26.784049770253837,1.7634028743344852,65.0748945324645,13.513851903962532,2.94943883200672,15.929009641647292,0.8720787847405873,0.9142999804688161,0.894079741208787,0.9345202197288452,544,168,12,70,50,606,27.03042836877323,1.6797754593535785,65.01176217461412,14.39974747235199,2.7344814908506194,16.180808633060728,0.869477818048441,0.9127630952229144,0.8910059707169837,0.9345202197288452,541,168,12,73,51,604,0.41249330632749887,0.0
AMDF,hist_modes,"{""algorithm"": ""AMDF"", ""frame_ms"": 25, ""threshold_method"": ""hist_modes""}",15.573600745460535,2.1205840677562895,33.57401260818451,11.026205560440808,3.3525102006275134,8.037294224768189,0.8041770408041192,0.8845601304305817,0.8035691855923464,0.9655510752688172,489,176,4,125,18,511,14.979038254564728,2.2333918109538935,34.184952026227464,8.518770926512826,3.5130364560831637,8.366504725329872,0.8195533805534245,0.8923497196339052,0.8231806220635094,0.9615188172043011,504,175,5,110,20,529,0.3402410900050413,0.0
AMDF,hist_classes,"{""algorithm"": ""AMDF"", ""frame_ms"": 25, ""threshold_method"": ""hist_classes""}",24.521957046961578,1.1296435078879759,60.07159443974179,12.364633193254976,2.0307491286379893,14.67150343231841,0.8580144014341233,0.9064281848121658,0.8783361498954861,0.9345202197288452,535,168,12,79,46,593,24.404391450630953,1.070457685309007,60.38783957088985,11.754877095694,1.9615609020431748,14.7549921469415,0.8580144014341233,0.9064281848121658,0.8783361498954861,0.9345202197288452,535,168,12,79,44,591,0.406274068847145,0.0
AMDF_energy,gaussian,"{""algorithm"": ""AMDF"", ""energy"": true, ""frame_ms"": 25, ""threshold_method"": ""gaussian""}",12.270266669330649,1.2946204994332635,28.962627055421457,6.55355245313723,2.4014307142608864,5.821024603493698,0.8697159353828922,0.9231729047033777,0.8814089230112432,0.9649368863955119,539,171,9,75,0,548,13.695884117541652,1.0547578209241086,33.128134741712785,6.904759789988064,1.9080947998292572,6.702161769252166,0.8646263239365338,0.9206197592948743,0.8763026321942367,0.9649368863955119,535,171,9,79,1,545,0.41249330632749887,0.061544615883604575
AMDF_energy,hist_modes,"{""algorithm"": ""AMDF"", ""energy"": true, ""frame_ms"": 25, ""threshold_method"": ""hist_modes""}",13.605462510533732,1.6499550191841286,23.386134228563392,15.780298283853677,2.5668334280608534,4.8927561603729925,0.8130795368487628,0.8997684637639151,0.8035691855923464,0.9959677419354839,489,179,1,125,0,490,14.228102048081498,1.5931100912012552,27.396700140934094,13.694495912109138,2.36064329134701,5.76217684082189,0.8263486250880985,0.906541792804637,0.8211481017383062,0.9919354838709677,503,178,2,111,1,506,0.3402410900050413,0.061544615883604575
AMDF_energy,hist_classes,"{""algorithm"": ""AMDF"", ""energy"": true, ""frame_ms"": 25, ""threshold_method"": ""hist_classes""}",13.071533410685195,1.5078346709899486,29.7466532149891,7.960112346076532,2.6710382117439586,5.989685225455494,0.858190249551148,0.9166308962807698,0.8683249061660275,0.9649368863955119,531,171,9,83,0,540,14.347490866219957,1.3008043689566244,33.75362440884484,7.9880438208584,2.2167945529004562,6.844853306473006,0.8557653955322586,0.9156146361181682,0.8662923858408244,0.9649368863955119,530,171,9,84,1,540,0.406274068847145,0.061544615883604575
