model,variant,config,train_average_mape,train_F0mean_mape,train_F0std_mape,train_F0num_mape,train_F0mean_abs_error,train_F0std_abs_error,train_macro_f1,train_balanced_accuracy,train_recall_v,train_recall_uv,train_TP,train_TN,train_FP,train_FN,train_false_voiced_sil,train_F0num,lofo_average_mape,lofo_F0mean_mape,lofo_F0std_mape,lofo_F0num_mape,lofo_F0mean_abs_error,lofo_F0std_abs_error,lofo_macro_f1,lofo_balanced_accuracy,lofo_recall_v,lofo_recall_uv,lofo_TP,lofo_TN,lofo_FP,lofo_FN,lofo_false_voiced_sil,lofo_F0num,pitch_threshold,energy_threshold
ACF,near_0.01,"{""algorithm"": ""ACF"", ""candidate"": ""near"", ""frame_ms"": 25, ""margin"": 0.01}",25.12502807742217,0.7702443683115657,60.21489508748638,14.389944776468553,1.2091551234919216,15.17069771152803,0.8487907896527037,0.8861332780911243,0.8817937885338147,0.8904727676484339,535,163,17,79,45,597,24.545491123528286,0.8280451426244027,59.32001713321041,13.488411094750042,1.280107900061246,15.224971071661024,0.8363427059624089,0.8709389865735436,0.8799378141943056,0.8619401589527816,533,157,23,81,44,600,0.6840817762403983,0.0
ACF,near_0.02,"{""algorithm"": ""ACF"", ""candidate"": ""near"", ""frame_ms"": 25, ""margin"": 0.02}",24.31724922892527,1.1169444543516474,57.444858455955604,14.389944776468553,1.6230828304950116,14.701420949565463,0.8487907896527037,0.8861332780911243,0.8817937885338147,0.8904727676484339,535,163,17,79,45,597,23.676847760585083,0.8805456401201548,56.66158654688505,13.488411094750042,1.1966292535226728,14.784728428004973,0.8363427059624089,0.8709389865735436,0.8799378141943056,0.8619401589527816,533,157,23,81,44,600,0.6840817762403983,0.0
ACF,near_0.05,"{""algorithm"": ""ACF"", ""candidate"": ""near"", ""frame_ms"": 25, ""margin"": 0.05}",23.311172435024687,1.3998486608550493,54.14372386775046,14.389944776468553,2.146263048008091,13.779787331076196,0.8487907896527037,0.8861332780911243,0.8817937885338147,0.8904727676484339,535,163,17,79,45,597,22.75703895127001,1.2894402511527683,53.49326550790723,13.488411094750042,1.987915026556017,13.904345611087448,0.8363427059624089,0.8709389865735436,0.8799378141943056,0.8619401589527816,533,157,23,81,44,600,0.6840817762403983,0.0
ACF,near_0.1,"{""algorithm"": ""ACF"", ""candidate"": ""near"", ""frame_ms"": 25, ""margin"": 0.1}",24.47294461014824,2.605466053290338,56.42342300068583,14.389944776468553,4.1747096989111405,14.555816139964447,0.8487907896527037,0.8861332780911243,0.8817937885338147,0.8904727676484339,535,163,17,79,45,597,23.824061373375514,2.56495122311963,55.41882180225687,13.488411094750042,4.15190870277285,14.496229097523225,0.8363427059624089,0.8709389865735436,0.8799378141943056,0.8619401589527816,533,157,23,81,44,600,0.6840817762403983,0.0
AMDF,near_0.01,"{""algorithm"": ""AMDF"", ""candidate"": ""near"", ""frame_ms"": 25, ""margin"": 0.01}",26.817895990613913,2.4822856939522344,64.45755037392698,13.513851903962532,3.87001810044805,15.935173808929143,0.8720787847405873,0.9142999804688161,0.894079741208787,0.9345202197288452,544,168,12,70,50,606,26.98611926291334,2.394335924449993,64.16427439193805,14.39974747235199,3.6438259169551337,16.15064405398001,0.869477818048441,0.9127630952229144,0.8910059707169837,0.9345202197288452,541,168,12,73,51,604,0.41249330632749887,0.0
AMDF,near_0.02,"{""algorithm"": ""AMDF"", ""candidate"": ""near"", ""frame_ms"": 25, ""margin"": 0.02}",25.477082201783794,2.309989015686131,60.6074056857027,13.513851903962532,3.3431365235130563,15.045544897920399,0.8720787847405873,0.9142999804688161,0.894079741208787,0.9345202197288452,544,168,12,70,50,606,25.167127849875506,2.43555720222942,58.6660788750451,14.39974747235199,3.5752397729438528,14.929087916417044,0.869477818048441,0.9127630952229144,0.8910059707169837,0.9345202197288452,541,168,12,73,51,604,0.41249330632749887,0.0
AMDF,near_0.05,"{""algorithm"": ""AMDF"", ""candidate"": ""near"", ""frame_ms"": 25, ""margin"": 0.05}",26.330209300806803,3.3271193826874828,62.1496566157704,13.513851903962532,5.0799548021601275,15.275818322397694,0.8720787847405873,0.9142999804688161,0.894079741208787,0.9345202197288452,544,168,12,70,50,606,25.955387352629582,3.2677445150258713,60.198670070510886,14.39974747235199,4.910725443108664,15.174867051250896,0.869477818048441,0.9127630952229144,0.8910059707169837,0.9345202197288452,541,168,12,73,51,604,0.41249330632749887,0.0
AMDF,near_0.1,"{""algorithm"": ""AMDF"", ""candidate"": ""near"", ""frame_ms"": 25, ""margin"": 0.1}",27.23117555344985,4.430586328443736,63.74908842794329,13.513851903962532,6.871551286506243,15.722409338651834,0.8720787847405873,0.9142999804688161,0.894079741208787,0.9345202197288452,544,168,12,70,50,606,26.467988907113806,4.375386511396474,60.62883273759295,14.39974747235199,6.719744009567055,15.217893394728781,0.869477818048441,0.9127630952229144,0.8910059707169837,0.9345202197288452,541,168,12,73,51,604,0.41249330632749887,0.0
AMDF_energy,near_0.01,"{""algorithm"": ""AMDF"", ""candidate"": ""near"", ""energy"": true, ""frame_ms"": 25, ""margin"": 0.01}",10.389328161230196,0.9518707323180914,23.662561298235268,6.55355245313723,1.7426710951174762,4.743214473262735,0.8697159353828922,0.9231729047033777,0.8814089230112432,0.9649368863955119,539,171,9,75,0,548,11.947570629382886,0.7842093761071222,28.153742722053472,6.904759789988064,1.3403605821184783,5.691806248339656,0.8646263239365338,0.9206197592948743,0.8763026321942367,0.9649368863955119,535,171,9,79,1,545,0.41249330632749887,0.061544615883604575
AMDF_energy,near_0.02,"{""algorithm"": ""AMDF"", ""candidate"": ""near"", ""energy"": true, ""frame_ms"": 25, ""margin"": 0.02}",8.577387331517185,0.8890981825375994,18.28951135887673,6.55355245313723,1.4889011189400847,3.65318206624584,0.8697159353828922,0.9231729047033777,0.8814089230112432,0.9649368863955119,539,171,9,75,0,548,10.290480592846238,0.7249768300015142,23.24170515854914,6.904759789988064,1.0922789868881821,4.697202087455629,0.8646263239365338,0.9206197592948743,0.8763026321942367,0.9649368863955119,535,171,9,79,1,545,0.41249330632749887,0.061544615883604575
AMDF_energy,near_0.05,"{""algorithm"": ""AMDF"", ""candidate"": ""near"", ""energy"": true, ""frame_ms"": 25, ""margin"": 0.05}",7.8153963015463095,1.0653374596688607,15.82729899183284,6.55355245313723,1.8031300831909114,3.07018853354976,0.8697159353828922,0.9231729047033777,0.8814089230112432,0.9649368863955119,539,171,9,75,0,548,9.508680661737632,0.9049911512447187,20.716291043980114,6.904759789988064,1.4133249414515348,4.063459232465467,0.8646263239365338,0.9206197592948743,0.8763026321942367,0.9649368863955119,535,171,9,79,1,545,0.41249330632749887,0.061544615883604575
AMDF_energy,near_0.1,"{""algorithm"": ""AMDF"", ""candidate"": ""near"", ""energy"": true, ""frame_ms"": 25, ""margin"": 0.1}",7.807529040044121,1.24410109050888,15.624933576486253,6.55355245313723,1.9325078146624364,2.949492911768896,0.8697159353828922,0.9231729047033777,0.8814089230112432,0.9649368863955119,539,171,9,75,0,548,9.650373365974028,1.224176034125957,20.822184273808066,6.904759789988064,1.8451636266258795,4.005572104518044,0.8646263239365338,0.9206197592948743,0.8763026321942367,0.9649368863955119,535,171,9,79,1,545,0.41249330632749887,0.061544615883604575
GMM_ACF,near_0.01,"{""algorithm"": ""ACF"", ""candidate"": ""near"", ""frame_ms"": 20, ""margin"": 0.01, ""threshold_method"": ""gmm""}",18.510188495509055,4.132904962176459,33.16526758907521,18.23239293527549,6.67541848913779,8.229357354346158,0.7552813153148814,0.851909562650365,0.741482168778991,0.9623369565217391,451,175,5,163,12,468,19.265577057158254,4.340400377330505,33.360674470151416,20.095656323992845,6.96564735511739,8.27778771690648,0.7346399523309386,0.8341914559700778,0.7160459554184168,0.9523369565217391,423,174,6,191,14,443,0.8479970822267061,0.0
GMM_ACF,near_0.02,"{""algorithm"": ""ACF"", ""candidate"": ""near"", ""frame_ms"": 20, ""margin"": 0.02, ""threshold_method"": ""gmm""}",14.287632714269277,3.0550010025806866,21.575504204951653,18.23239293527549,4.482109156995332,5.7733924056241985,0.7552813153148814,0.851909562650365,0.741482168778991,0.9623369565217391,451,175,5,163,12,468,14.972632105485793,3.2379887883956657,21.584251204068867,20.095656323992845,4.75202420239874,5.798100623331705,0.7346399523309386,0.8341914559700778,0.7160459554184168,0.9523369565217391,423,174,6,191,14,443,0.8479970822267061,0.0
GMM_ACF,near_0.05,"{""algorithm"": ""ACF"", ""candidate"": ""near"", ""frame_ms"": 20, ""margin"": 0.05, ""threshold_method"": ""gmm""}",13.308584957913933,2.4540522982880932,19.239309640178217,18.23239293527549,3.3948770824702237,4.988780217915382,0.7552813153148814,0.851909562650365,0.741482168778991,0.9623369565217391,451,175,5,163,12,468,13.708604135094534,2.5791192692510583,18.451036812039703,20.095656323992845,3.49167095357107,4.791353904638943,0.7346399523309386,0.8341914559700778,0.7160459554184168,0.9523369565217391,423,174,6,191,14,443,0.8479970822267061,0.0
GMM_ACF,near_0.1,"{""algorithm"": ""ACF"", ""candidate"": ""near"", ""frame_ms"": 20, ""margin"": 0.1, ""threshold_method"": ""gmm""}",12.622605061944691,1.695227837997966,17.940194412560615,18.23239293527549,2.093989531894998,4.3982072795182345,0.7552813153148814,0.851909562650365,0.741482168778991,0.9623369565217391,451,175,5,163,12,468,13.106393064426534,1.2657936148440663,17.95772925444269,20.095656323992845,1.5974110302556355,4.693223452999785,0.7346399523309386,0.8341914559700778,0.7160459554184168,0.9523369565217391,423,174,6,191,14,443,0.8479970822267061,0.0
GMM_AMDF,near_0.01,"{""algorithm"": ""AMDF"", ""candidate"": ""near"", ""frame_ms"": 25, ""margin"": 0.01, ""threshold_method"": ""gmm""}",12.875343605679225,1.7032053962813114,27.438869848726384,9.48395557202998,2.681267591110281,6.8249811290102285,0.8082099923027202,0.8856094418887941,0.8097000665732872,0.9615188172043011,494,175,5,120,21,520,14.877106988251306,1.2272616087687078,34.600553841238856,8.803505514746352,2.268637083538472,8.811957682521328,0.8050679204258859,0.8835602615609253,0.8056017059175495,0.9615188172043011,490,175,5,124,25,520,0.347246909276725,0.0
GMM_AMDF,near_0.02,"{""algorithm"": ""AMDF"", ""candidate"": ""near"", ""frame_ms"": 25, ""margin"": 0.02, ""threshold_method"": ""gmm""}",10.8674879860636,1.80545848026346,21.31304990589736,9.48395557202998,2.8630951937148694,5.588928451811508,0.8082099923027202,0.8856094418887941,0.8097000665732872,0.9615188172043011,494,175,5,120,21,520,12.903644506002088,1.4262075262398883,28.481220477020027,8.803505514746352,2.5699834917610325,7.580221530141647,0.8050679204258859,0.8835602615609253,0.8056017059175495,0.9615188172043011,490,175,5,124,25,520,0.347246909276725,0.0
GMM_AMDF,near_0.05,"{""algorithm"": ""AMDF"", ""candidate"": ""near"", ""frame_ms"": 25, ""margin"": 0.05, ""threshold_method"": ""gmm""}",9.971797292651317,2.15141501209422,18.280021293829744,9.48395557202998,3.5335980001915814,4.853239827021847,0.8082099923027202,0.8856094418887941,0.8097000665732872,0.9615188172043011,494,175,5,120,21,520,12.018633446704731,1.772068464151606,25.48032636121624,8.803505514746352,3.2391093094976178,6.854115507274082,0.8050679204258859,0.8835602615609253,0.8056017059175495,0.9615188172043011,490,175,5,124,25,520,0.347246909276725,0.0
GMM_AMDF,near_0.1,"{""algorithm"": ""AMDF"", ""candidate"": ""near"", ""frame_ms"": 25, ""margin"": 0.1, ""threshold_method"": ""gmm""}",10.46828935659934,2.4060384212800754,19.514874076487963,9.48395557202998,4.119379482723691,5.304236647778318,0.8082099923027202,0.8856094418887941,0.8097000665732872,0.9615188172043011,494,175,5,120,21,520,12.425384592066436,2.0238122239346605,26.448836037518294,8.803505514746352,3.819107505698298,7.225908533396739,0.8050679204258859,0.8835602615609253,0.8056017059175495,0.9615188172043011,490,175,5,124,25,520,0.347246909276725,0.0
