file,F0mean,F0std,F0num,F0mean_mape,F0std_mape,F0num_mape,average_mape,F0mean_abs_error,F0std_abs_error,TP,TN,FP,FN,recall_v,recall_uv,balanced_accuracy,macro_f1,accuracy_vu,false_voiced_sil,model,variant,kind,pitch_threshold,energy_threshold
phone_F1.wav,207.17387732942228,47.35209805478377,142,3.908220162605618,129.86455366399883,4.054054054054054,45.94227596021951,8.426122670577712,26.752098054783765,135,64,5,18,0.8823529411764706,0.927536231884058,0.9049445865302643,0.8845919128449699,0.8963963963963963,2,ACF,median3,train,,
phone_M1.wav,123.2545486383376,21.245978287419433,206,0.36010619374487224,26.464156472734718,11.206896551724139,12.677053072734575,0.44545136166240695,4.4459782874194325,201,57,5,43,0.8237704918032787,0.9193548387096774,0.8715626652564781,0.7985185185185185,0.8431372549019608,0,ACF,median3,train,,
studio_F1.wav,231.04348832344388,53.571351814492395,142,0.6286970049842714,45.57432558285978,11.811023622047244,19.338015403297096,1.4434883234438871,16.771351814492398,118,21,3,5,0.959349593495935,0.875,0.9171747967479675,0.9036065573770491,0.9455782312925171,21,ACF,median3,train,,
studio_M1.wav,118.87526998073521,44.63756438649455,107,1.6897091366426054,69.08168328217634,30.48780487804878,33.75306576562257,1.9752699807352059,18.237564386494554,81,21,4,13,0.8617021276595744,0.84,0.8508510638297873,0.8084461698702774,0.8571428571428571,22,ACF,median3,train,,
phone_F1.wav,207.9888181277946,48.30564596030697,151,3.5302327793160515,134.49342699178138,2.027027027027027,46.683562266041484,7.611181872205407,27.705645960306967,138,59,10,15,0.9019607843137255,0.855072463768116,0.8785166240409208,0.8710591733847548,0.8873873873873874,3,ACF,median3,lofo,0.6349906966527329,0.0
phone_M1.wav,122.72870688201738,19.652673445994765,202,0.7852005804224944,16.980199083302168,12.931034482758621,10.232144715494428,0.9712931179826256,2.852673445994764,197,57,5,47,0.8073770491803278,0.9193548387096774,0.8633659439450025,0.7850775298503431,0.8300653594771242,0,ACF,median3,lofo,0.695147773994129,0.0
studio_F1.wav,229.66405921459864,54.744550412631305,144,0.027900354790349812,48.762365251715515,13.385826771653543,20.725364126053133,0.06405921459864317,17.94455041263131,118,20,4,5,0.959349593495935,0.8333333333333334,0.8963414634146342,0.889795918367347,0.9387755102040817,22,ACF,median3,lofo,0.660405580237204,0.0
studio_M1.wav,118.72449583222586,45.16116524069062,103,1.5607321062667663,71.06501985110084,25.609756097560975,32.745169351642865,1.8244958322258498,18.761165240690623,80,21,4,14,0.851063829787234,0.84,0.845531914893617,0.799438202247191,0.8487394957983193,19,ACF,median3,lofo,0.695147773994129,0.0
phone_F1.wav,210.28422430325176,43.114487622875075,142,2.46557314320419,109.29362923725762,4.054054054054054,38.60441881150529,5.315775696748233,22.514487622875073,135,64,5,18,0.8823529411764706,0.927536231884058,0.9049445865302643,0.8845919128449699,0.8963963963963963,2,ACF,median5,train,,
phone_M1.wav,123.15723924957055,21.11485338576375,206,0.4387718273479801,25.68365110573661,11.206896551724139,12.443106494936245,0.5427607504294514,4.314853385763751,201,57,5,43,0.8237704918032787,0.9193548387096774,0.8715626652564781,0.7985185185185185,0.8431372549019608,0,ACF,median5,train,,
studio_F1.wav,229.9854158929768,55.237318651198485,142,0.1678640648853636,50.10140937825677,11.811023622047244,20.693432355063127,0.3854158929767948,18.43731865119849,118,21,3,5,0.959349593495935,0.875,0.9171747967479675,0.9036065573770491,0.9455782312925171,21,ACF,median5,train,,
studio_M1.wav,118.96969920420867,44.69499686714916,107,1.7704869154907275,69.29923055738318,30.48780487804878,33.85250745030756,2.0696992042086606,18.29499686714916,81,21,4,13,0.8617021276595744,0.84,0.8508510638297873,0.8084461698702774,0.8571428571428571,22,ACF,median5,train,,
phone_F1.wav,213.27187561161105,41.25860388258299,151,1.0798350595496027,100.2844848669077,2.027027027027027,34.46378231782811,2.328124388388943,20.658603882582987,138,59,10,15,0.9019607843137255,0.855072463768116,0.8785166240409208,0.8710591733847548,0.8873873873873874,3,ACF,median5,lofo,0.6349906966527329,0.0
phone_M1.wav,122.62987312827498,19.50795882800716,202,0.865098522008911,16.11880254766165,12.931034482758621,9.971645184143062,1.070126871725023,2.7079588280071576,197,57,5,47,0.8073770491803278,0.9193548387096774,0.8633659439450025,0.7850775298503431,0.8300653594771242,0,ACF,median5,lofo,0.695147773994129,0.0
studio_F1.wav,228.6206822345546,56.32811534698774,144,0.4265321278072243,53.06553083420582,13.385826771653543,22.292629911222196,0.9793177654453871,19.52811534698774,118,20,4,5,0.959349593495935,0.8333333333333334,0.8963414634146342,0.889795918367347,0.9387755102040817,22,ACF,median5,lofo,0.660405580237204,0.0
studio_M1.wav,118.80439389320856,45.21295982143639,103,1.62907946382254,71.26121144483483,25.609756097560975,32.83334900207278,1.9043938932085496,18.812959821436394,80,21,4,14,0.851063829787234,0.84,0.845531914893617,0.799438202247191,0.8487394957983193,19,ACF,median5,lofo,0.695147773994129,0.0
phone_F1.wav,213.57287532437186,32.69657195883488,144,0.9402248031670363,58.72122310114019,2.7027027027027026,20.788050202336642,2.02712467562813,12.096571958834879,139,66,3,14,0.9084967320261438,0.9565217391304348,0.9325092355782894,0.9141394608121943,0.9234234234234234,2,AMDF,median3,train,,
phone_M1.wav,124.43440994653841,25.310702667362033,213,0.5937024628443057,50.658944448583526,8.189655172413794,19.814100694613874,0.7344099465384062,8.510702667362033,206,56,6,38,0.8442622950819673,0.9032258064516129,0.8737440507667901,0.8107287449392713,0.8562091503267973,1,AMDF,median3,train,,
studio_F1.wav,231.2643101789807,56.212071351711344,140,0.7248737713330633,52.75019389051997,10.236220472440944,21.23709604476466,1.6643101789807133,19.412071351711347,117,23,1,6,0.9512195121951219,0.9583333333333334,0.9547764227642277,0.9194394425741799,0.9523809523809523,22,AMDF,median3,train,,
studio_M1.wav,121.39432066978755,42.725246273553594,109,3.8445856884410103,61.8380540664909,32.926829268292686,32.86982300774153,4.494320669787541,16.325246273553596,82,23,2,12,0.8723404255319149,0.92,0.8961702127659574,0.8440074906367041,0.8823529411764706,25,AMDF,median3,train,,
phone_F1.wav,214.56970482796288,30.5524705722875,143,0.4778734564179564,48.312963943143195,3.3783783783783785,17.38973859264651,1.030295172037114,9.952470572287499,139,66,3,14,0.9084967320261438,0.9565217391304348,0.9325092355782894,0.9141394608121943,0.9234234234234234,1,AMDF,median3,lofo,0.4096917277020603,0.0
phone_M1.wav,124.62204821037292,25.441415634185105,210,0.7453906308592733,51.43699782253039,9.482758620689655,20.555049024693105,0.9220482103729211,8.641415634185105,203,56,6,41,0.8319672131147541,0.9032258064516129,0.8675965097831835,0.800324878170686,0.8464052287581699,1,AMDF,median3,lofo,0.40830540776511665,0.0
studio_F1.wav,231.1934312068298,58.67275635744726,142,0.6940031388631619,59.436837927845836,11.811023622047244,23.980621562918746,1.5934312068298198,21.872756357447265,117,23,1,6,0.9512195121951219,0.9583333333333334,0.9547764227642277,0.9194394425741799,0.9523809523809523,24,AMDF,median3,lofo,0.41622733555156766,0.0
studio_M1.wav,121.39432066978755,42.725246273553594,109,3.8445856884410103,61.8380540664909,32.926829268292686,32.86982300774153,4.494320669787541,16.325246273553596,82,23,2,12,0.8723404255319149,0.92,0.8961702127659574,0.8440074906367041,0.8823529411764706,25,AMDF,median3,lofo,0.41373072127314126,0.0
phone_F1.wav,215.1773145562204,30.327738803643854,144,0.1960507624209578,47.22203302739734,2.7027027027027026,16.706928830840333,0.42268544377958506,9.727738803643852,139,66,3,14,0.9084967320261438,0.9565217391304348,0.9325092355782894,0.9141394608121943,0.9234234234234234,2,AMDF,median5,train,,
phone_M1.wav,124.42267198597787,25.048306065052373,213,0.5842134082278644,49.097059911026015,8.189655172413794,19.29030949722256,0.7226719859778683,8.248306065052372,206,56,6,38,0.8442622950819673,0.9032258064516129,0.8737440507667901,0.8107287449392713,0.8562091503267973,1,AMDF,median5,train,,
studio_F1.wav,231.40873472778534,55.910847487511035,140,0.787776449383863,51.93165078128,10.236220472440944,20.985215901034934,1.8087347277853496,19.110847487511037,117,23,1,6,0.9512195121951219,0.9583333333333334,0.9547764227642277,0.9194394425741799,0.9523809523809523,22,AMDF,median5,train,,
studio_M1.wav,121.4583551310502,42.99149330473649,109,3.8993628152696247,62.84656554824428,32.926829268292686,33.22425254393553,4.558355131050192,16.59149330473649,82,23,2,12,0.8723404255319149,0.92,0.8961702127659574,0.8440074906367041,0.8823529411764706,25,AMDF,median5,train,,
phone_F1.wav,216.1853639145796,27.92626301312976,143,0.27150459859907344,35.56438355888232,3.3783783783783785,13.071422178619924,0.5853639145796024,7.326263013129758,139,66,3,14,0.9084967320261438,0.9565217391304348,0.9325092355782894,0.9141394608121943,0.9234234234234234,1,AMDF,median5,lofo,0.4096917277020603,0.0
phone_M1.wav,124.60978598709217,25.177062592929822,210,0.7354777583606822,49.86346781505846,9.482758620689655,20.0272347313696,0.9097859870921639,8.377062592929821,203,56,6,41,0.8319672131147541,0.9032258064516129,0.8675965097831835,0.800324878170686,0.8464052287581699,1,AMDF,median5,lofo,0.40830540776511665,0.0
studio_F1.wav,231.32847354330403,58.40040721694003,142,0.752819487501757,58.69675874168488,11.811023622047244,23.753533950411295,1.728473543304034,21.600407216940035,117,23,1,6,0.9512195121951219,0.9583333333333334,0.9547764227642277,0.9194394425741799,0.9523809523809523,24,AMDF,median5,lofo,0.41622733555156766,0.0
studio_M1.wav,121.4583551310502,42.99149330473649,109,3.8993628152696247,62.84656554824428,32.926829268292686,33.22425254393553,4.558355131050192,16.59149330473649,82,23,2,12,0.8723404255319149,0.92,0.8961702127659574,0.8440074906367041,0.8823529411764706,25,AMDF,median5,lofo,0.41373072127314126,0.0
phone_F1.wav,213.3078085165262,26.689256358233305,142,1.0631685915926719,29.559496884627684,4.054054054054054,11.55890651009147,2.2921914834738004,6.089256358233303,139,66,3,14,0.9084967320261438,0.9565217391304348,0.9325092355782894,0.9141394608121943,0.9234234234234234,0,AMDF_energy,median3,train,,
phone_M1.wav,123.65000810315192,22.640617159364027,212,0.04041382121914643,34.76557832954777,8.620689655172415,14.475560601979778,0.04999189684808414,5.840617159364026,206,56,6,38,0.8442622950819673,0.9032258064516129,0.8737440507667901,0.8107287449392713,0.8562091503267973,0,AMDF_energy,median3,train,,
studio_F1.wav,231.09360911835765,35.89983909118711,116,0.6505266194937516,2.4460894261219726,8.661417322834646,3.919344456150123,1.4936091183576536,0.9001609088128859,116,24,0,7,0.943089430894309,1.0,0.9715447154471545,0.9217192848992012,0.9523809523809523,0,AMDF_energy,median3,train,,
studio_M1.wav,115.68604560494278,24.39149658174772,78,1.038455427764952,7.607967493379842,4.878048780487805,4.508157233877533,1.213954395057229,2.0085034182522783,78,25,0,16,0.8297872340425532,1.0,0.9148936170212766,0.8322762508809021,0.865546218487395,0,AMDF_energy,median3,train,,
phone_F1.wav,214.56970482796288,30.5524705722875,143,0.4778734564179564,48.312963943143195,3.3783783783783785,17.38973859264651,1.030295172037114,9.952470572287499,139,66,3,14,0.9084967320261438,0.9565217391304348,0.9325092355782894,0.9141394608121943,0.9234234234234234,1,AMDF_energy,median3,lofo,0.4096917277020603,0.05466060583995211
phone_M1.wav,123.82728480111885,22.753380630160095,209,0.10289797988589104,35.436789465238654,9.913793103448276,15.151160182857607,0.1272848011188472,5.953380630160094,203,56,6,41,0.8319672131147541,0.9032258064516129,0.8675965097831835,0.800324878170686,0.8464052287581699,0,AMDF_energy,median3,lofo,0.40830540776511665,0.05773046922547663
studio_F1.wav,230.4786328461883,35.47649138579041,115,0.3826798110576264,3.5964907994825728,9.448818897637794,4.475996502725998,0.8786328461883102,1.3235086142095867,115,24,0,8,0.9349593495934959,1.0,0.967479674796748,0.9117647058823529,0.9455782312925171,0,AMDF_energy,median3,lofo,0.41622733555156766,0.06683658871639932
studio_M1.wav,115.68604560494278,24.39149658174772,78,1.038455427764952,7.607967493379842,4.878048780487805,4.508157233877533,1.213954395057229,2.0085034182522783,78,25,0,16,0.8297872340425532,1.0,0.9148936170212766,0.8322762508809021,0.865546218487395,0,AMDF_energy,median3,lofo,0.41373072127314126,0.061544615883604575
phone_F1.wav,214.93484548403458,23.701168203270385,142,0.3085132263290408,15.054214578982442,4.054054054054054,6.4722606197885115,0.665154515965412,3.101168203270383,139,66,3,14,0.9084967320261438,0.9565217391304348,0.9325092355782894,0.9141394608121943,0.9234234234234234,0,AMDF_energy,median5,train,,
phone_M1.wav,123.63821477485287,22.34508178898884,212,0.049947635527189456,33.00643922017166,8.620689655172415,13.892358836957087,0.06178522514713336,5.545081788988838,206,56,6,38,0.8442622950819673,0.9032258064516129,0.8737440507667901,0.8107287449392713,0.8562091503267973,0,AMDF_energy,median5,train,,
studio_F1.wav,230.95706545407876,35.686477210689056,116,0.5910563824384862,3.0258771448666892,8.661417322834646,4.092783616713274,1.3570654540787643,1.1135227893109416,116,24,0,7,0.943089430894309,1.0,0.9715447154471545,0.9217192848992012,0.9523809523809523,0,AMDF_energy,median5,train,,
studio_M1.wav,115.65412533269217,24.399206234558125,78,1.065761049878384,7.578764263037399,4.878048780487805,4.507524697801196,1.245874667307831,2.0007937654418733,78,25,0,16,0.8297872340425532,1.0,0.9148936170212766,0.8322762508809021,0.865546218487395,0,AMDF_energy,median5,train,,
phone_F1.wav,216.1853639145796,27.92626301312976,143,0.27150459859907344,35.56438355888232,3.3783783783783785,13.071422178619924,0.5853639145796024,7.326263013129758,139,66,3,14,0.9084967320261438,0.9565217391304348,0.9325092355782894,0.9141394608121943,0.9234234234234234,1,AMDF_energy,median5,lofo,0.4096917277020603,0.05466060583995211
phone_M1.wav,123.8149639069133,22.45554656846488,209,0.09293767737534604,33.663967669433795,9.913793103448276,14.556899483419139,0.11496390691330305,5.655546568464878,203,56,6,41,0.8319672131147541,0.9032258064516129,0.8675965097831835,0.800324878170686,0.8464052287581699,0,AMDF_energy,median5,lofo,0.40830540776511665,0.05773046922547663
studio_F1.wav,230.44404307087143,35.41282980971799,115,0.3676145779056777,3.7694842127228436,9.448818897637794,4.528639229422105,0.8440430708714359,1.3871701902820064,115,24,0,8,0.9349593495934959,1.0,0.967479674796748,0.9117647058823529,0.9455782312925171,0,AMDF_energy,median5,lofo,0.41622733555156766,0.06683658871639932
studio_M1.wav,115.65412533269217,24.399206234558125,78,1.065761049878384,7.578764263037399,4.878048780487805,4.507524697801196,1.245874667307831,2.0007937654418733,78,25,0,16,0.8297872340425532,1.0,0.9148936170212766,0.8322762508809021,0.865546218487395,0,AMDF_energy,median5,lofo,0.41373072127314126,0.061544615883604575
phone_F1.wav,195.33174855791984,51.54372952447896,118,9.400858739369275,150.2122792450435,20.27027027027027,59.96113608489435,20.268251442080157,30.94372952447896,116,67,2,37,0.7581699346405228,0.9710144927536232,0.864592213697073,0.815327517437024,0.8243243243243243,0,GMM_ACF,median3,train,,
phone_M1.wav,121.1952851106102,19.201389212405903,169,2.0248301450200508,14.293983407177992,27.155172413793103,14.491328655330383,2.5047148893898026,2.4013892124059026,169,62,0,75,0.6926229508196722,1.0,0.8463114754098361,0.7207587574677261,0.7549019607843137,0,GMM_ACF,median3,train,,
studio_F1.wav,221.44717391988726,49.43106830873234,107,3.5508824390734897,34.32355518677268,15.748031496062993,17.874156373969722,8.152826080112732,12.631068308732345,100,23,1,23,0.8130081300813008,0.9583333333333334,0.8856707317073171,0.775,0.8367346938775511,6,GMM_ACF,median3,train,,
studio_M1.wav,105.66308354520615,22.065564991468623,74,9.612417839857875,16.41831442625521,9.75609756097561,11.928943275696232,11.236916454793857,4.334435008531376,66,23,2,28,0.7021276595744681,0.92,0.8110638297872341,0.7100389863547758,0.7478991596638656,6,GMM_ACF,median3,train,,
phone_F1.wav,195.60476559463157,51.41055151948085,119,9.27422746074602,149.56578407514974,19.594594594594593,59.478202043496786,19.99523440536842,30.810551519480846,117,67,2,36,0.7647058823529411,0.9710144927536232,0.8678601875532821,0.8196819425444597,0.8288288288288288,0,GMM_ACF,median3,lofo,0.8424359570550687,0.0
phone_M1.wav,121.39495762899455,19.38142265454297,138,1.8634133961240549,15.365611038946241,40.51724137931034,19.24875527146021,2.305042371005456,2.581422654542969,138,62,0,106,0.5655737704918032,1.0,0.7827868852459017,0.6308217618939221,0.6535947712418301,0,GMM_ACF,median3,lofo,0.8886769991105691,0.0
studio_F1.wav,220.85819161295467,49.6426272429795,109,3.8074078340789743,34.898443595053,14.173228346456693,17.626359925196223,8.741808387045324,12.842627242979503,101,23,1,22,0.8211382113821138,0.9583333333333334,0.8897357723577236,0.7822222222222222,0.8435374149659864,7,GMM_ACF,median3,lofo,0.8412472358819468,0.0
studio_M1.wav,104.66849382110921,22.2642384986173,77,10.463221709915139,15.665763262813257,6.097560975609756,10.742181982779385,12.231506178890797,4.135761501382699,67,22,3,27,0.7127659574468085,0.88,0.7963829787234042,0.705833882663151,0.7478991596638656,7,GMM_ACF,median3,lofo,0.8441176385009702,0.0
phone_F1.wav,196.53321380267124,48.902511656688205,118,8.843592855903873,137.39083328489417,20.27027027027027,55.5015654703561,19.066786197328753,28.302511656688203,116,67,2,37,0.7581699346405228,0.9710144927536232,0.864592213697073,0.815327517437024,0.8243243243243243,0,GMM_ACF,median5,train,,
phone_M1.wav,121.56220430479532,18.74789064337495,169,1.7282099395349129,11.594587162946134,27.155172413793103,13.492656505424717,2.1377956952046873,1.9478906433749508,169,62,0,75,0.6926229508196722,1.0,0.8463114754098361,0.7207587574677261,0.7549019607843137,0,GMM_ACF,median5,train,,
studio_F1.wav,222.22317011695873,48.19505184273637,107,3.212905001324594,30.964814790044493,15.748031496062993,16.641917095810694,7.3768298830412675,11.395051842736372,100,23,1,23,0.8130081300813008,0.9583333333333334,0.8856707317073171,0.775,0.8367346938775511,6,GMM_ACF,median5,train,,
studio_M1.wav,105.44505717593097,22.079423753555382,74,9.798924571487627,16.36581911532052,9.75609756097561,11.973613749261252,11.454942824069036,4.320576246444617,66,23,2,28,0.7021276595744681,0.92,0.8110638297872341,0.7100389863547758,0.7478991596638656,6,GMM_ACF,median5,train,,
phone_F1.wav,196.78828071328334,48.77271675606593,119,8.725287238736852,136.76076095177635,19.594594594594593,55.02688092836926,18.811719286716652,28.17271675606593,117,67,2,36,0.7647058823529411,0.9710144927536232,0.8678601875532821,0.8196819425444597,0.8288288288288288,0,GMM_ACF,median5,lofo,0.8424359570550687,0.0
phone_M1.wav,121.3503188299149,19.229686006044815,138,1.8994997332943455,14.462416702647706,40.51724137931034,18.9597192717508,2.3496811700851055,2.4296860060448147,138,62,0,106,0.5655737704918032,1.0,0.7827868852459017,0.6308217618939221,0.6535947712418301,0,GMM_ACF,median5,lofo,0.8886769991105691,0.0
studio_F1.wav,221.62250632868722,48.44529851711768,109,3.4745181495264683,31.644832926950222,14.173228346456693,16.430859807644463,7.9774936713127715,11.64529851711768,101,23,1,22,0.8211382113821138,0.9583333333333334,0.8897357723577236,0.7822222222222222,0.8435374149659864,7,GMM_ACF,median5,lofo,0.8412472358819468,0.0
studio_M1.wav,104.45020125326954,22.272692448159116,77,10.649956156313486,15.63374072667001,6.097560975609756,10.793752619531086,12.449798746730465,4.127307551840882,67,22,3,27,0.7127659574468085,0.88,0.7963829787234042,0.705833882663151,0.7478991596638656,7,GMM_ACF,median5,lofo,0.8441176385009702,0.0
phone_F1.wav,215.87843775925177,28.69454109582973,130,0.1291455284099132,39.29388881470742,12.162162162162161,17.19506550175983,0.27843775925177283,8.09454109582973,129,69,0,24,0.8431372549019608,1.0,0.9215686274509804,0.8833727344365643,0.8918918918918919,1,GMM_AMDF,median3,train,,
phone_M1.wav,122.98595582751761,19.881594561898815,188,0.5772386196300636,18.342824773207226,18.96551724137931,12.628526878072199,0.7140441724823887,3.0815945618988145,186,60,2,58,0.7622950819672131,0.967741935483871,0.865018508725542,0.7638888888888888,0.803921568627451,0,GMM_AMDF,median3,train,,
studio_F1.wav,232.7138332369725,48.18455111583852,123,1.3561991450228705,30.936280206082934,3.1496062992125986,11.814028550106135,3.1138332369725106,11.38455111583852,108,23,1,15,0.8780487804878049,0.9583333333333334,0.9181910569105691,0.8364849833147943,0.891156462585034,14,GMM_AMDF,median3,train,,
studio_M1.wav,111.95052058507297,24.365010762067993,79,4.233943040998324,7.708292567924266,3.658536585365854,5.200257398096148,4.9494794149270405,2.034989237932006,71,23,2,23,0.7553191489361702,0.92,0.8376595744680851,0.7490933625706334,0.7899159663865546,6,GMM_AMDF,median3,train,,
phone_F1.wav,215.87843775925177,28.69454109582973,130,0.1291455284099132,39.29388881470742,12.162162162162161,17.19506550175983,0.27843775925177283,8.09454109582973,129,69,0,24,0.8431372549019608,1.0,0.9215686274509804,0.8833727344365643,0.8918918918918919,1,GMM_AMDF,median3,lofo,0.3508002832540056,0.0
phone_M1.wav,123.235592339449,20.00733583039986,184,0.3754306067510135,19.09128470476107,20.689655172413794,13.385456827975291,0.4644076605510037,3.2073358303998596,182,60,2,62,0.7459016393442623,0.967741935483871,0.8568217874140667,0.7513206013815522,0.7908496732026143,0,GMM_AMDF,median3,lofo,0.3413394690556672,0.0
studio_F1.wav,233.9219382942943,49.825172966602025,124,1.8823773058773139,35.39449175707073,2.3622047244094486,13.213024595785832,4.321938294294313,13.025172966602028,108,23,1,15,0.8780487804878049,0.9583333333333334,0.9181910569105691,0.8364849833147943,0.891156462585034,15,GMM_AMDF,median3,lofo,0.3478425120054532,0.0
studio_M1.wav,114.57599008178089,34.34708735441061,82,1.9880324364577575,30.102603615191715,0.0,10.696878683883156,2.3240099182191187,7.947087354410613,71,23,2,23,0.7553191489361702,0.92,0.8376595744680851,0.7490933625706334,0.7899159663865546,9,GMM_AMDF,median3,lofo,0.3495215137826417,0.0
phone_F1.wav,217.61542147545137,25.462776854052635,130,0.9347966027139963,23.60571288375065,12.162162162162161,12.234223882875602,2.015421475451376,4.862776854052633,129,69,0,24,0.8431372549019608,1.0,0.9215686274509804,0.8833727344365643,0.8918918918918919,1,GMM_AMDF,median5,train,,
phone_M1.wav,122.87208702884001,19.69806531841454,188,0.6692910033629663,17.250388800086537,18.96551724137931,12.295065681609605,0.8279129711599893,2.898065318414538,186,60,2,58,0.7622950819672131,0.967741935483871,0.865018508725542,0.7638888888888888,0.803921568627451,0,GMM_AMDF,median5,train,,
studio_F1.wav,232.6919825416029,48.14290598579076,123,1.346682291638895,30.82311409182273,3.1496062992125986,11.773134227558074,3.0919825416029028,11.342905985790765,108,23,1,15,0.8780487804878049,0.9583333333333334,0.9181910569105691,0.8364849833147943,0.891156462585034,14,GMM_AMDF,median5,train,,
studio_M1.wav,111.93541509745043,24.415695900111285,79,4.24686475838287,7.516303408669372,3.658536585365854,5.140568250806032,4.964584902549575,1.984304099888714,71,23,2,23,0.7553191489361702,0.92,0.8376595744680851,0.7490933625706334,0.7899159663865546,6,GMM_AMDF,median5,train,,
phone_F1.wav,217.61542147545137,25.462776854052635,130,0.9347966027139963,23.60571288375065,12.162162162162161,12.234223882875602,2.015421475451376,4.862776854052633,129,69,0,24,0.8431372549019608,1.0,0.9215686274509804,0.8833727344365643,0.8918918918918919,1,GMM_AMDF,median5,lofo,0.3508002832540056,0.0
phone_M1.wav,123.12078841343543,19.82177720519704,184,0.46823895437717733,17.98676907855381,20.689655172413794,13.048221068448262,0.5792115865645684,3.02177720519704,182,60,2,62,0.7459016393442623,0.967741935483871,0.8568217874140667,0.7513206013815522,0.7908496732026143,0,GMM_AMDF,median5,lofo,0.3413394690556672,0.0
studio_F1.wav,233.90026381420992,49.78575114385426,124,1.872937201310944,35.28736723873442,2.3622047244094486,13.174169721484938,4.300263814209927,12.985751143854266,108,23,1,15,0.8780487804878049,0.9583333333333334,0.9181910569105691,0.8364849833147943,0.891156462585034,15,GMM_AMDF,median5,lofo,0.3478425120054532,0.0
studio_M1.wav,114.58782531570607,34.40178935765074,82,1.9779081987116645,30.309808172919485,0.0,10.76257212387705,2.312174684293936,8.001789357650743,71,23,2,23,0.7553191489361702,0.92,0.8376595744680851,0.7490933625706334,0.7899159663865546,9,GMM_AMDF,median5,lofo,0.3495215137826417,0.0
