model,split,version,average_mape,F0mean_mape,F0std_mape,F0num_mape,F0mean_abs_error,F0std_abs_error,macro_f1,balanced_accuracy,recall_v,recall_uv,TP,TN,FP,FN,false_voiced_sil,F0num
ACF,train,baseline,29.83471057738782,2.0076455441747827,73.10654141152011,14.389944776468553,3.65781319298371,18.049933264208946,0.8487907896527037,0.8861332780911243,0.8817937885338147,0.8904727676484339,535,163,17,79,45,597
ACF,train,improved,6.17796777191857,0.583561698694036,11.307828831831527,6.642512785230149,0.854435759418017,2.331584105201392,0.8503706832465335,0.9002145356590191,0.869122970336271,0.9313061009817671,530,167,13,84,1,544
ACF,test,baseline,9.325770172805168,2.892443862016783,22.20921367808435,2.875652978314377,4.597353271299838,5.987641783999863,0.8114483717545116,0.8456307460071903,0.8764128672452499,0.814848624769131,551,144,31,83,11,593
ACF,test,improved,3.2909670555117643,0.9148350264203786,4.201477445841121,4.756588694273794,1.4796581907757513,1.317913129061559,0.8313801512645311,0.8811808224139659,0.8727632322087535,0.8895984126191784,549,154,21,85,1,571
AMDF_energy,train,baseline,12.270266669330649,1.2946204994332635,28.962627055421457,6.55355245313723,2.4014307142608864,5.821024603493698,0.8697159353828922,0.9231729047033777,0.8814089230112432,0.9649368863955119,539,171,9,75,0,548
AMDF_energy,train,improved,4.876259282591344,0.585657995833596,7.4895673988032065,6.55355245313723,0.9377841446216486,1.706622980533468,0.8697159353828922,0.9231729047033777,0.8814089230112432,0.9649368863955119,539,171,9,75,0,548
AMDF_energy,test,baseline,5.7848867235830745,1.5638930045054287,9.804057231220511,5.986709935023281,2.311401717561445,2.5940781690138253,0.8259811327192959,0.8841616177036657,0.8603925710035976,0.9079306644037338,540,157,18,94,2,560
AMDF_energy,test,improved,3.4341249616640024,0.48463676126530175,3.831028188703423,5.986709935023281,0.8431407464283609,1.1219388847663874,0.8259811327192959,0.8841616177036657,0.8603925710035976,0.9079306644037338,540,157,18,94,2,560
AMDF_no_energy,train,baseline,26.784049770253837,1.7634028743344852,65.0748945324645,13.513851903962532,2.94943883200672,15.929009641647292,0.8720787847405873,0.9142999804688161,0.894079741208787,0.9345202197288452,544,168,12,70,50,606
AMDF_no_energy,train,improved,16.51442634949759,0.46241944183099426,36.7162264134068,12.364633193254976,0.7059508997851616,10.01090014431717,0.8580144014341233,0.9064281848121658,0.8783361498954861,0.9345202197288452,535,168,12,79,46,593
AMDF_no_energy,test,baseline,8.814210538223493,2.2088576518250678,20.810740646235686,3.423033316609728,3.3388314820907645,5.601989911809701,0.8117217789597694,0.8586261030364433,0.8622173885218457,0.8550348175510408,541,149,26,93,21,588
AMDF_no_energy,test,improved,5.777480128449978,1.1611447729574174,13.076878684214034,3.094416928178484,1.7119561339645841,3.4221396079864967,0.8051503142410938,0.8560973364637217,0.8534285120928206,0.8587661608346229,536,150,25,98,17,578
GMM_ACF,train,baseline,28.068066444904606,6.837171696164647,59.13463470327366,18.23239293527549,11.931101374318455,14.090456300319987,0.7552813153148814,0.851909562650365,0.741482168778991,0.9623369565217391,451,175,5,163,12,468
GMM_ACF,train,improved,10.693297260746451,1.8298021444129697,12.01769670255089,18.23239293527549,2.6168159443699466,2.9211092693869745,0.7552813153148814,0.851909562650365,0.741482168778991,0.9623369565217391,451,175,5,163,12,468
GMM_ACF,test,baseline,14.916959385957188,5.372729671582681,20.84765840895665,18.53049007733224,8.711285365723803,5.584708166467412,0.7524308831134467,0.8569623632557594,0.7560658187093922,0.9578589078021265,474,168,7,160,1,482
GMM_ACF,test,improved,8.039534096214965,1.3623300908757883,4.225782120436867,18.53049007733224,2.1849222200008995,1.3366064234319426,0.7524308831134467,0.8569623632557594,0.7560658187093922,0.9578589078021265,474,168,7,160,1,482
GMM_AMDF,train,baseline,14.999538655526228,2.053686939067232,33.46097345548148,9.48395557202998,3.1456174772154206,8.066411962404075,0.8082099923027202,0.8856094418887941,0.8097000665732872,0.9615188172043011,494,175,5,120,21,520
GMM_AMDF,train,improved,7.811923790621229,1.1099789707477106,7.084287220710573,15.241505180405401,1.5334564136450588,1.6163817567635137,0.8150619495893722,0.8998015150595259,0.807667546248084,0.9919354838709677,493,178,2,121,0,495
GMM_AMDF,test,baseline,7.964101141261165,2.188118061200676,8.355209083164171,13.348976279418647,3.513920437817724,1.813461802913079,0.7857991869549029,0.8753348410931217,0.7989674908020273,0.9517021913842161,503,164,11,131,3,517
GMM_AMDF,test,improved,6.496459496917365,0.49779244871135064,5.0562495824735345,13.93533645956721,0.8288203078553451,1.8717199943349137,0.7888298832326814,0.8807696237018173,0.7989674908020273,0.9625717566016073,503,165,10,131,1,514
