file,F0mean,F0std,F0num,F0mean_mape,F0std_mape,F0num_mape,average_mape,F0mean_abs_error,F0std_abs_error,TP,TN,FP,FN,recall_v,recall_uv,balanced_accuracy,macro_f1,accuracy_vu,false_voiced_sil,model,kind,pitch_threshold,energy_threshold
phone_F1.wav,214.6443580374503,26.551638553842558,140,0.44324766352026507,28.891449290497842,5.405405405405405,11.580034119807836,0.9556419625496915,5.951638553842557,135,64,5,18,0.8823529411764706,0.927536231884058,0.9049445865302643,0.8845919128449699,0.8963963963963963,0,ACF,train,,
phone_M1.wav,124.0446195965237,18.807526065765618,206,0.2785930448857717,11.94955991527153,11.206896551724139,7.8116831706271475,0.34461959652369956,2.0075260657656173,201,57,5,43,0.8237704918032787,0.9193548387096774,0.8715626652564781,0.7985185185185185,0.8431372549019608,0,ACF,train,,
studio_F1.wav,229.12617494117202,37.53646348576116,119,0.20636979914110182,2.0012594721770744,6.299212598425197,2.8356139565811245,0.47382505882796977,0.7364634857611634,117,23,1,6,0.9512195121951219,0.9583333333333334,0.9547764227642277,0.9194394425741799,0.9523809523809523,1,ACF,train,,
studio_M1.wav,115.2563435802293,25.76929168456377,79,1.406036287229005,2.3890466493796603,3.658536585365854,2.4845398406581727,1.643656419770707,0.6307083154362303,77,23,2,17,0.8191489361702128,0.92,0.8695744680851064,0.798932859048466,0.8403361344537815,0,ACF,train,,
phone_F1.wav,219.61734259298652,29.261393009880486,148,1.8633314438713002,42.045597135342156,0.0,14.636309526404487,4.017342592986523,8.661393009880484,138,61,8,15,0.9019607843137255,0.8840579710144928,0.8930093776641091,0.8822281167108754,0.8963963963963963,2,ACF,lofo_selected,0.6349906966527329,0.05466060583995211
phone_M1.wav,124.27143386481885,18.87938768560926,202,0.4619513862723064,12.377307652436064,12.931034482758621,8.590097840488996,0.5714338648188431,2.079387685609259,197,57,5,47,0.8073770491803278,0.9193548387096774,0.8633659439450025,0.7850775298503431,0.8300653594771242,0,ACF,lofo_selected,0.695147773994129,0.05773046922547663
studio_F1.wav,228.47144670563952,37.48170020809672,117,0.49153018047058894,1.8524462176541343,7.874015748031496,3.4059973820520733,1.1285532943604721,0.6817002080967214,115,23,1,8,0.9349593495934959,0.9583333333333334,0.9466463414634146,0.899353366298973,0.9387755102040817,1,ACF,lofo_selected,0.660405580237204,0.06683658871639932
studio_M1.wav,115.2563435802293,25.76929168456377,79,1.406036287229005,2.3890466493796603,3.658536585365854,2.4845398406581727,1.643656419770707,0.6307083154362303,77,23,2,17,0.8191489361702128,0.92,0.8695744680851064,0.798932859048466,0.8403361344537815,0,ACF,lofo_selected,0.695147773994129,0.061544615883604575
phone_F1.wav,216.0477133445032,36.23310794478751,148,0.20765925069721686,75.88887351838598,0.0,25.36551092302773,0.44771334450319955,15.633107944787511,138,61,8,15,0.9019607843137255,0.8840579710144928,0.8930093776641091,0.8822281167108754,0.8963963963963963,2,ACF,nested_lofo,,
phone_M1.wav,122.49978615623739,17.906509561423423,235,0.970261797706234,6.58636643704418,1.293103448275862,2.949910561008759,1.2002138437626115,1.1065095614234224,223,51,11,21,0.9139344262295082,0.8225806451612904,0.8682575356953992,0.8471242115780928,0.8954248366013072,1,ACF,nested_lofo,,
studio_F1.wav,228.47144670563952,37.48170020809672,117,0.49153018047058894,1.8524462176541343,7.874015748031496,3.4059973820520733,1.1285532943604721,0.6817002080967214,115,23,1,8,0.9349593495934959,0.9583333333333334,0.9466463414634146,0.899353366298973,0.9387755102040817,1,ACF,nested_lofo,,
studio_M1.wav,115.2563435802293,25.76929168456377,79,1.406036287229005,2.3890466493796603,3.658536585365854,2.4845398406581727,1.643656419770707,0.6307083154362303,77,23,2,17,0.8191489361702128,0.92,0.8695744680851064,0.798932859048466,0.8403361344537815,0,ACF,nested_lofo,,
phone_F1.wav,214.86934008859168,23.874993410063006,142,0.33889606280533857,15.898026262441768,4.054054054054054,6.7636587931003875,0.7306599114083099,3.2749934100630043,139,66,3,14,0.9084967320261438,0.9565217391304348,0.9325092355782894,0.9141394608121943,0.9234234234234234,0,AMDF_energy,train,,
phone_M1.wav,123.99687355385737,17.53419693475334,212,0.2399947888903531,4.370219849722253,8.620689655172415,4.410301431261673,0.2968735538573668,0.7341969347533386,206,56,6,38,0.8442622950819673,0.9032258064516129,0.8737440507667901,0.8107287449392713,0.8562091503267973,0,AMDF_energy,train,,
studio_F1.wav,230.9482424319874,35.88305943242602,116,0.5872136027819754,2.4916863249292773,8.661417322834646,3.9134390835153,1.3482424319874156,0.9169405675739739,116,24,0,7,0.943089430894309,1.0,0.9715447154471545,0.9217192848992012,0.9523809523809523,0,AMDF_energy,train,,
studio_M1.wav,115.5246393187665,24.499638990256443,78,1.176527528856717,7.198337158119529,4.878048780487805,4.417637822488017,1.3753606812335022,1.9003610097435555,78,25,0,16,0.8297872340425532,1.0,0.9148936170212766,0.8322762508809021,0.865546218487395,0,AMDF_energy,train,,
phone_F1.wav,216.1203165988251,28.075807839123925,143,0.24133422951071634,36.29032931613555,3.3783783783783785,13.303347308008213,0.5203165988251044,7.475807839123924,139,66,3,14,0.9084967320261438,0.9565217391304348,0.9325092355782894,0.9141394608121943,0.9234234234234234,1,AMDF_energy,lofo_selected,0.4096917277020603,0.05466060583995211
phone_M1.wav,124.18132577459326,17.590647763853294,209,0.38910733596868136,4.706236689602936,9.913793103448276,5.003045709673298,0.48132577459325887,0.7906477638532934,203,56,6,41,0.8319672131147541,0.9032258064516129,0.8675965097831835,0.800324878170686,0.8464052287581699,0,AMDF_energy,lofo_selected,0.40830540776511665,0.05773046922547663
studio_F1.wav,230.43514332684882,35.61251217145085,115,0.36373838277387727,3.2268690993183284,9.448818897637794,4.34647545991,0.8351433268488222,1.1874878285491448,115,24,0,8,0.9349593495934959,1.0,0.967479674796748,0.9117647058823529,0.9455782312925171,0,AMDF_energy,lofo_selected,0.41622733555156766,0.06683658871639932
studio_M1.wav,115.5246393187665,24.499638990256443,78,1.176527528856717,7.198337158119529,4.878048780487805,4.417637822488017,1.3753606812335022,1.9003610097435555,78,25,0,16,0.8297872340425532,1.0,0.9148936170212766,0.8322762508809021,0.865546218487395,0,AMDF_energy,lofo_selected,0.41373072127314126,0.061544615883604575
phone_F1.wav,216.1203165988251,28.075807839123925,143,0.24133422951071634,36.29032931613555,3.3783783783783785,13.303347308008213,0.5203165988251044,7.475807839123924,139,66,3,14,0.9084967320261438,0.9565217391304348,0.9325092355782894,0.9141394608121943,0.9234234234234234,1,AMDF_energy,nested_lofo,,
phone_M1.wav,127.10253593430309,23.658411783434005,209,2.7506353551358838,40.823879663297646,9.913793103448276,17.829436040627268,3.4025359343030885,6.858411783434004,203,56,6,41,0.8319672131147541,0.9032258064516129,0.8675965097831835,0.800324878170686,0.8464052287581699,0,AMDF_energy,nested_lofo,,
studio_F1.wav,230.50887012940697,35.482508226198505,115,0.3958493594978127,3.5801406896779695,9.448818897637794,4.474936315604526,0.9088701294069779,1.3174917738014926,115,24,0,8,0.9349593495934959,1.0,0.967479674796748,0.9117647058823529,0.9455782312925171,0,AMDF_energy,nested_lofo,,
studio_M1.wav,115.5246393187665,24.499638990256443,78,1.176527528856717,7.198337158119529,4.878048780487805,4.417637822488017,1.3753606812335022,1.9003610097435555,78,25,0,16,0.8297872340425532,1.0,0.9148936170212766,0.8322762508809021,0.865546218487395,0,AMDF_energy,nested_lofo,,
phone_F1.wav,214.7369123433146,24.77896487139811,118,0.40031895022513647,20.28623723979664,20.27027027027027,13.652275486764017,0.8630876566853942,4.178964871398108,116,67,2,37,0.7581699346405228,0.9710144927536232,0.864592213697073,0.815327517437024,0.8243243243243243,0,GMM_ACF,train,,
phone_M1.wav,123.0253370542588,18.418529801504235,169,0.5454025430405853,9.634105961334727,27.155172413793103,12.444893639389472,0.6746629457412041,1.6185298015042342,169,62,0,75,0.6926229508196722,1.0,0.8463114754098361,0.7207587574677261,0.7549019607843137,0,GMM_ACF,train,,
studio_F1.wav,226.5870719150491,40.6754125711633,107,1.3122509080796543,10.53101242163941,15.748031496062993,9.197098275260686,3.012928084950886,3.8754125711633023,100,23,1,23,0.8130081300813008,0.9583333333333334,0.8856707317073171,0.775,0.8367346938775511,6,GMM_ACF,train,,
studio_M1.wav,110.9834149098977,24.388470166517745,74,5.061236176306503,7.619431187432779,9.75609756097561,7.478921641571631,5.916585090102302,2.0115298334822533,66,23,2,28,0.7021276595744681,0.92,0.8110638297872341,0.7100389863547758,0.7478991596638656,6,GMM_ACF,train,,
phone_F1.wav,214.84686077678768,24.69985501854699,119,0.34932245974597187,19.902208827898004,19.594594594594593,13.28204196074619,0.7531392232123153,4.0998550185469895,117,67,2,36,0.7647058823529411,0.9710144927536232,0.8678601875532821,0.8196819425444597,0.8288288288288288,0,GMM_ACF,lofo_selected,0.8424359570550687,0.0
phone_M1.wav,123.62560653019491,18.36190333102469,138,0.06014023428058842,9.297043637051711,40.51724137931034,16.62480841688088,0.07439346980508788,1.5619033310246877,138,62,0,106,0.5655737704918032,1.0,0.7827868852459017,0.6308217618939221,0.6535947712418301,0,GMM_ACF,lofo_selected,0.8886769991105691,0.0
studio_F1.wav,226.83835744946185,40.342333938706396,109,1.2028059889103404,9.625907442136956,14.173228346456693,8.333980592501328,2.7616425505381414,3.542333938706399,101,23,1,22,0.8211382113821138,0.9583333333333334,0.8897357723577236,0.7822222222222222,0.8435374149659864,7,GMM_ACF,lofo_selected,0.8412472358819468,0.0
studio_M1.wav,109.80692601892177,24.69487359662866,77,6.067642413240577,6.458812133982342,6.097560975609756,6.208005174277559,7.093073981078234,1.705126403371338,67,22,3,27,0.7127659574468085,0.88,0.7963829787234042,0.705833882663151,0.7478991596638656,7,GMM_ACF,lofo_selected,0.8441176385009702,0.0
phone_F1.wav,214.92148005623588,24.81712072317187,119,0.31471240434328174,20.471459821222652,19.594594594594593,13.460255606720176,0.6785199437641154,4.217120723171867,117,67,2,36,0.7647058823529411,0.9710144927536232,0.8678601875532821,0.8196819425444597,0.8288288288288288,0,GMM_ACF,nested_lofo,,
phone_M1.wav,123.62560653019491,18.36190333102469,138,0.06014023428058842,9.297043637051711,40.51724137931034,16.62480841688088,0.07439346980508788,1.5619033310246877,138,62,0,106,0.5655737704918032,1.0,0.7827868852459017,0.6308217618939221,0.6535947712418301,0,GMM_ACF,nested_lofo,,
studio_F1.wav,226.83835744946185,40.342333938706396,109,1.2028059889103404,9.625907442136956,14.173228346456693,8.333980592501328,2.7616425505381414,3.542333938706399,101,23,1,22,0.8211382113821138,0.9583333333333334,0.8897357723577236,0.7822222222222222,0.8435374149659864,7,GMM_ACF,nested_lofo,,
studio_M1.wav,103.33368822930223,19.490685518217255,77,11.605057117791086,26.171645764328577,6.097560975609756,14.62475461924314,13.56631177069778,6.909314481782744,67,22,3,27,0.7127659574468085,0.88,0.7963829787234042,0.705833882663151,0.7478991596638656,7,GMM_ACF,nested_lofo,,
phone_F1.wav,216.27114026727503,20.476897381272664,129,0.3112895488288661,0.5975855278026077,12.837837837837839,4.582237638156438,0.6711402672750353,0.12310261872733719,129,69,0,24,0.8431372549019608,1.0,0.9215686274509804,0.8833727344365643,0.8918918918918919,0,GMM_AMDF,train,,
phone_M1.wav,124.69573448085207,19.00570263057126,188,0.8049591599450804,13.129182324828927,18.96551724137931,10.966552908717773,0.9957344808520645,2.2057026305712597,186,60,2,58,0.7622950819672131,0.967741935483871,0.865018508725542,0.7638888888888888,0.803921568627451,0,GMM_AMDF,train,,
studio_F1.wav,230.78484189672233,35.81071272724064,107,0.5160461222658242,2.688280632498249,15.748031496062993,6.317452750275689,1.1848418967223324,0.9892872727593556,107,24,0,16,0.8699186991869918,1.0,0.9349593495934959,0.8402173913043478,0.891156462585034,0,GMM_AMDF,train,,
studio_M1.wav,113.6178909902692,23.252565495003896,71,2.8076210519510716,11.922100397712509,13.414634146341463,9.381451865335015,3.282109009730803,3.1474345049961023,71,25,0,23,0.7553191489361702,1.0,0.8776595744680851,0.7727687837276878,0.8067226890756303,0,GMM_AMDF,train,,
phone_F1.wav,217.63643135023423,25.62296748575774,130,0.9445414425947303,24.383337309503585,12.162162162162161,12.496680304753491,2.0364313502342384,5.022967485757739,129,69,0,24,0.8431372549019608,1.0,0.9215686274509804,0.8833727344365643,0.8918918918918919,1,GMM_AMDF,lofo_selected,0.3508002832540056,0.05466060583995211
phone_M1.wav,124.96979036585022,19.10560191826744,184,1.0265079756266877,13.723820942068086,20.689655172413794,11.813328030036189,1.2697903658502128,2.3056019182674383,182,60,2,62,0.7459016393442623,0.967741935483871,0.8568217874140667,0.7513206013815522,0.7908496732026143,0,GMM_AMDF,lofo_selected,0.3413394690556672,0.05773046922547663
studio_F1.wav,230.78484189672233,35.81071272724064,107,0.5160461222658242,2.688280632498249,15.748031496062993,6.317452750275689,1.1848418967223324,0.9892872727593556,107,24,0,16,0.8699186991869918,1.0,0.9349593495934959,0.8402173913043478,0.891156462585034,0,GMM_AMDF,lofo_selected,0.3478425120054532,0.06683658871639932
studio_M1.wav,113.6178909902692,23.252565495003896,71,2.8076210519510716,11.922100397712509,13.414634146341463,9.381451865335015,3.282109009730803,3.1474345049961023,71,25,0,23,0.7553191489361702,1.0,0.8776595744680851,0.7727687837276878,0.8067226890756303,0,GMM_AMDF,lofo_selected,0.3495215137826417,0.061544615883604575
phone_F1.wav,217.63643135023423,25.62296748575774,130,0.9445414425947303,24.383337309503585,12.162162162162161,12.496680304753491,2.0364313502342384,5.022967485757739,129,69,0,24,0.8431372549019608,1.0,0.9215686274509804,0.8833727344365643,0.8918918918918919,1,GMM_AMDF,nested_lofo,,
phone_M1.wav,125.17322630602324,19.226709730743398,184,1.1909671026865283,14.444700778234505,20.689655172413794,12.108441017778276,1.4732263060232356,2.426709730743397,182,60,2,62,0.7459016393442623,0.967741935483871,0.8568217874140667,0.7513206013815522,0.7908496732026143,0,GMM_AMDF,nested_lofo,,
studio_F1.wav,230.78484189672233,35.81071272724064,107,0.5160461222658242,2.688280632498249,15.748031496062993,6.317452750275689,1.1848418967223324,0.9892872727593556,107,24,0,16,0.8699186991869918,1.0,0.9349593495934959,0.8402173913043478,0.891156462585034,0,GMM_AMDF,nested_lofo,,
studio_M1.wav,113.52932710380915,23.19162334011554,71,2.883381433867283,12.152941893501735,13.414634146341463,9.483652491236827,3.370672896190854,3.2083766598844576,71,25,0,23,0.7553191489361702,1.0,0.8776595744680851,0.7727687837276878,0.8067226890756303,0,GMM_AMDF,nested_lofo,,
phone_F1.wav,216.04336784550011,28.1594625353283,142,0.2056437131262152,36.696420074409204,4.054054054054054,13.652039280529825,0.44336784550012,7.559462535328297,138,66,3,15,0.9019607843137255,0.9565217391304348,0.9292412617220802,0.9093877551020408,0.918918918918919,1,AMDF_no_energy,train,,
phone_M1.wav,124.91556204757558,20.995898310782025,209,0.9826693998185723,24.975585183226332,9.913793103448276,11.957349228831061,1.215562047575574,4.195898310782024,202,56,6,42,0.8278688524590164,0.9032258064516129,0.8655473294553147,0.7969026548672566,0.8431372549019608,1,AMDF_no_energy,train,,
studio_F1.wav,230.39807579771045,57.313572709566266,138,0.3475939885498489,55.74340410208226,8.661417322834646,21.584138471155583,0.7980757977104531,20.51357270956627,116,23,1,7,0.943089430894309,0.9583333333333334,0.9507113821138211,0.9092592592592592,0.9455782312925171,21,AMDF_no_energy,train,,
studio_M1.wav,116.5332020916455,34.174667021592086,104,0.31377066582934066,29.449496293909423,26.829268292682926,18.864178417473898,0.3667979083544992,7.774667021592087,79,23,2,15,0.8404255319148937,0.92,0.8802127659574468,0.8165079365079364,0.8571428571428571,23,AMDF_no_energy,train,,
phone_F1.wav,216.04336784550011,28.1594625353283,142,0.2056437131262152,36.696420074409204,4.054054054054054,13.652039280529825,0.44336784550012,7.559462535328297,138,66,3,15,0.9019607843137255,0.9565217391304348,0.9292412617220802,0.9093877551020408,0.918918918918919,1,AMDF_no_energy,lofo_selected,0.406274068847145,0.0
phone_M1.wav,124.91556204757558,20.995898310782025,209,0.9826693998185723,24.975585183226332,9.913793103448276,11.957349228831061,1.215562047575574,4.195898310782024,202,56,6,42,0.8278688524590164,0.9032258064516129,0.8655473294553147,0.7969026548672566,0.8431372549019608,1,AMDF_no_energy,lofo_selected,0.406274068847145,0.0
studio_F1.wav,230.39807579771045,57.313572709566266,138,0.3475939885498489,55.74340410208226,8.661417322834646,21.584138471155583,0.7980757977104531,20.51357270956627,116,23,1,7,0.943089430894309,0.9583333333333334,0.9507113821138211,0.9092592592592592,0.9455782312925171,21,AMDF_no_energy,lofo_selected,0.40765209755094944,0.0
studio_M1.wav,114.42380229788026,34.80195296936892,102,2.1182187357739504,31.825579429427734,24.390243902439025,19.44468068921357,2.476197702119748,8.40195296936892,79,23,2,15,0.8404255319148937,0.92,0.8802127659574468,0.8165079365079364,0.8571428571428571,21,AMDF_no_energy,lofo_selected,0.3961151490252829,0.0
phone_F1.wav,216.1203165988251,28.075807839123925,143,0.24133422951071634,36.29032931613555,3.3783783783783785,13.303347308008213,0.5203165988251044,7.475807839123924,139,66,3,14,0.9084967320261438,0.9565217391304348,0.9325092355782894,0.9141394608121943,0.9234234234234234,1,AMDF_no_energy,nested_lofo,,
phone_M1.wav,124.95242023564789,20.95598110138051,210,1.012465833183419,24.737982746312547,9.482758620689655,11.744402400061873,1.2524202356478895,4.155981101380508,203,56,6,41,0.8319672131147541,0.9032258064516129,0.8675965097831835,0.800324878170686,0.8464052287581699,1,AMDF_no_energy,nested_lofo,,
studio_F1.wav,230.39807579771045,57.313572709566266,138,0.3475939885498489,55.74340410208226,8.661417322834646,21.584138471155583,0.7980757977104531,20.51357270956627,116,23,1,7,0.943089430894309,0.9583333333333334,0.9507113821138211,0.9092592592592592,0.9455782312925171,21,AMDF_no_energy,nested_lofo,,
studio_M1.wav,119.94077193316694,41.570668854950995,109,2.6011735955234703,57.46465475360226,32.926829268292686,30.997552539139473,3.040771933166937,15.170668854950996,82,23,2,12,0.8723404255319149,0.92,0.8961702127659574,0.8440074906367041,0.8823529411764706,25,AMDF_no_energy,nested_lofo,,
