file,method,T_core,T_label,T_energy,TP,TN,FP,FN,macro_f1,balanced_accuracy,NumF0,F0mean_abs_error_hz,F0std_abs_error_hz,FP_SIL
phone_F1.wav,GMM core,0.3508002833,0.4393221952,0.05466060584,129,69,0,24,0.8833727344,0.9215686275,130,4.467736685,12.90605415,1
phone_F1.wav,Labeled + energy,0.3508002833,0.4393221952,0.05466060584,140,63,6,13,0.9027101834,0.914038079,148,6.9242887,15.99583327,2
phone_F1.wav,Labeled + energy + median3,0.3508002833,0.4393221952,0.05466060584,140,63,6,13,0.9027101834,0.914038079,148,3.129937768,9.221658585,2
phone_M1.wav,GMM core,0.3413394691,0.4393360362,0.05773046923,182,60,2,62,0.7513206014,0.8568217874,184,0.4715401403,2.446330981,0
phone_M1.wav,Labeled + energy,0.3413394691,0.4393360362,0.05773046923,214,56,6,30,0.8395852749,0.8901374934,220,0.3336938155,5.113680214,0
phone_M1.wav,Labeled + energy + median3,0.3413394691,0.4393360362,0.05773046923,214,56,6,30,0.8395852749,0.8901374934,220,0.9683698514,4.717345168,0
studio_F1.wav,GMM core,0.347842512,0.4466868446,0.06683658872,108,23,1,15,0.8364849833,0.9181910569,124,1.853562631,9.915796753,15
studio_F1.wav,Labeled + energy,0.347842512,0.4466868446,0.06683658872,116,24,0,7,0.9217192849,0.9715447154,117,2.669455776,3.764255128,1
studio_F1.wav,Labeled + energy + median3,0.347842512,0.4466868446,0.06683658872,116,24,0,7,0.9217192849,0.9715447154,117,2.596989261,3.88760945,1
studio_M1.wav,GMM core,0.3495215138,0.464853985,0.06154461588,71,23,2,23,0.7490933626,0.8376595745,82,1.547459017,8.410160002,9
studio_M1.wav,Labeled + energy,0.3495215138,0.464853985,0.06154461588,81,23,2,13,0.834676299,0.8908510638,83,5.065180869,8.711441763,0
studio_M1.wav,Labeled + energy + median3,0.3495215138,0.464853985,0.06154461588,81,23,2,13,0.834676299,0.8908510638,83,5.169872908,8.643547899,0
