option_id,average_mape,F0std_mape,macro_f1,recall_v,recall_uv,false_voiced_sil,files,projection_coverage,native_f0_count,kind,low_hz,high_hz,frame_ms,hop_ms,C
bp_30_1500_f20_h10,7.73116890498534,14.712628105588594,0.8364707401526349,0.865105365863667,0.8977191444600281,3,4,1.0,546,bp,30,1500,20,10,
bp_30_1500_f20_h20,9.19637943719658,19.9702799179586,0.8404279850132694,0.8878833983024784,0.8579669237961665,3,4,1.0,286,bp,30,1500,20,20,
bp_30_1500_f20_h5,9.995136047838308,22.4440079579023,0.8445594564539811,0.8667418966219658,0.9317227676484339,2,4,1.0,1096,bp,30,1500,20,5,
bp_30_1500_f25_h10,8.429079761331634,17.545320855857263,0.846712708317541,0.8634239427577599,0.9393782141187471,3,4,1.0,541,bp,30,1500,25,10,
bp_30_1500_f25_h20,7.762381132184367,17.212160365679953,0.8585220519577504,0.8847445342541609,0.928560074801309,3,4,1.0,281,bp,30,1500,25,20,
bp_30_1500_f25_h5,4.703813452044519,7.848508395762781,0.8425016371516746,0.8703760812459886,0.9085448807854137,1,4,1.0,1096,bp,30,1500,25,5,
bp_30_1500_f40_h10,4.3372417012383115,4.544589568911775,0.8050954030616272,0.8417746029108868,0.8617864656381486,2,4,0.9968169468349395,551,bp,30,1500,40,10,
bp_30_1500_f40_h20,7.931123221899591,17.263200571640898,0.8091558170345189,0.8662777205902509,0.8207339878447872,2,4,0.9990774907749078,277,bp,30,1500,40,20,
bp_30_1500_f40_h5,5.039957704618179,2.084643245445325,0.7808963743097661,0.803577317508541,0.8877115474520805,2,4,0.9950141559197063,1023,bp,30,1500,40,5,
bp_30_800_f20_h10,7.429944527014864,9.18913674612564,0.8007944563336375,0.8154808477109782,0.9219202898550725,1,4,1.0,508,bp,30,800,20,10,
bp_30_800_f20_h20,9.053615019323148,20.350203918863293,0.8517400180016301,0.9007610903629092,0.8619991818606826,3,4,1.0,290,bp,30,800,20,20,
bp_30_800_f20_h5,8.991333258970041,17.90394913547091,0.8422123388034646,0.8575463744414624,0.94575502571295,2,4,1.0,1074,bp,30,800,20,5,
bp_30_800_f25_h10,4.587152893964317,4.91561328779997,0.8529631288426822,0.8634406027604256,0.9610659186535765,1,4,1.0,536,bp,30,800,25,10,
bp_30_800_f25_h20,3.409874868697933,2.971930746214376,0.8405259793745565,0.868208466856617,0.908560074801309,2,4,1.0,278,bp,30,800,25,20,
bp_30_800_f25_h5,5.075263478902669,5.655773521731754,0.834882780500914,0.8487392589897708,0.9450981767180926,1,4,1.0,1058,bp,30,800,25,5,
bp_30_800_f40_h10,4.654303533627696,4.926702410667611,0.8156507417669102,0.8425635377888895,0.8944535998129968,2,4,0.9968169468349395,539,bp,30,800,40,10,
bp_30_800_f40_h20,2.924986384819483,1.3390541472016928,0.8125649935939381,0.8568536776639644,0.8500695418419822,1,4,0.9990774907749078,271,bp,30,800,40,20,
bp_30_800_f40_h5,4.346934596390795,2.3880716654852656,0.7941133836789017,0.8229011239336834,0.8748989013557738,2,4,0.9950141559197063,1044,bp,30,800,40,5,
bp_60_1500_f20_h10,8.879568681208193,17.19959872593813,0.8351499689442876,0.8591520282444663,0.913395278167368,2,4,1.0,536,bp,60,1500,20,10,
bp_60_1500_f20_h20,8.058007504194535,17.583697713253454,0.839246402613675,0.8894886038075384,0.8579669237961665,3,4,1.0,286,bp,60,1500,20,20,
bp_60_1500_f20_h5,9.812499788264402,22.127194991337397,0.8437611007792042,0.8671560926456839,0.9280995792426368,2,4,1.0,1099,bp,60,1500,20,5,
bp_60_1500_f25_h10,8.967955699095725,20.012479503216817,0.8482178405716482,0.8679107101423094,0.936164095371669,3,4,1.0,544,bp,60,1500,25,10,
bp_60_1500_f25_h20,6.4227009758048155,13.227116060941826,0.8505700331099377,0.8769877982613101,0.9204955586722767,3,4,1.0,281,bp,60,1500,25,20,
bp_60_1500_f25_h5,6.242326581690464,11.420062201554732,0.8373588768158667,0.8621783625584671,0.9157474287050024,1,4,1.0,1079,bp,60,1500,25,5,
bp_60_1500_f40_h10,5.588149095223004,9.522859431250028,0.8140887168930587,0.8513696558645351,0.8658187237026648,2,4,0.9968169468349395,554,bp,60,1500,40,10,
bp_60_1500_f40_h20,6.604564880177689,11.889152065570903,0.7885058243330748,0.8429827206928382,0.8082281439925199,2,4,0.9990774907749078,273,bp,60,1500,40,20,
bp_60_1500_f40_h5,5.130645514633247,2.0478623921706167,0.7840918391878445,0.8040867542567176,0.8881130201028518,2,4,0.9950141559197063,1012,bp,60,1500,40,5,
bp_60_800_f20_h10,5.642117000579527,4.872554146198116,0.8126520520593034,0.8252857666556517,0.9387137681159421,1,4,1.0,512,bp,60,800,20,10,
bp_60_800_f20_h20,6.1844990191905485,5.186838933081335,0.8019866095376845,0.8194445104728239,0.9202401823281907,1,4,1.0,257,bp,60,800,20,20,
bp_60_800_f20_h5,7.9556235836166,12.628692895540897,0.830922904930027,0.8387401366806914,0.9534104721832632,2,4,1.0,1051,bp,60,800,20,5,
bp_60_800_f25_h10,8.590663520681199,18.117496316890847,0.8421015038816629,0.8622116825637983,0.936573165030388,3,4,1.0,541,bp,60,800,25,10,
bp_60_800_f25_h20,6.244626340447548,12.960924832126961,0.8529290135453409,0.8802557721175193,0.9204955586722767,3,4,1.0,282,bp,60,800,25,20,
bp_60_800_f25_h5,4.824948239784495,4.53329682519797,0.8288149657779205,0.8436319707967181,0.9410659186535765,1,4,1.0,1051,bp,60,800,25,5,
bp_60_800_f40_h10,5.64534989925464,6.488741515935948,0.8092174114607692,0.8300555977025127,0.90210904628331,2,4,0.9968169468349395,527,bp,60,800,40,10,
bp_60_800_f40_h20,5.275122056211178,7.826640223913974,0.7936911473305889,0.8566670050099833,0.8000695418419823,1,4,0.9990774907749078,273,bp,60,800,40,20,
bp_60_800_f40_h5,5.03007875477612,2.123283286576827,0.7768640662936028,0.8018812291520605,0.8816923796166434,2,4,0.9950141559197063,1020,bp,60,800,40,5,
hp_30_0_f20_h10,10.683935118462468,25.72201902871979,0.830742736150115,0.8705889393651522,0.8755709443665264,3,4,1.0,553,hp,30,0,20,10,
hp_30_0_f20_h20,8.047253940419829,18.534880551906724,0.8353039797148819,0.8853882483997084,0.8579669237961665,3,4,1.0,285,hp,30,0,20,20,
hp_30_0_f20_h5,10.060253316710657,22.990284912801258,0.8441274611811173,0.8711888106668054,0.9100274661056569,1,4,1.0,1100,hp,30,0,20,5,
hp_30_0_f25_h10,9.16636717979807,19.970021847139606,0.8416763689096355,0.8627877593226373,0.9276829125759701,3,4,1.0,541,hp,30,0,25,10,
hp_30_0_f25_h20,6.121870861497738,12.181533409649383,0.855709763293625,0.8812545729865473,0.9313136979897148,3,4,1.0,280,hp,30,0,25,20,
hp_30_0_f25_h5,5.656634391099415,8.659152091514441,0.8413920461072864,0.8642047457195678,0.9217151706404862,1,4,1.0,1070,hp,30,0,25,5,
hp_30_0_f40_h10,3.5554969845932254,5.394642362013115,0.8295713114167703,0.8791054326426848,0.8458035296867695,2,4,0.9968169468349395,562,hp,30,0,40,10,
hp_30_0_f40_h20,6.089410215401128,12.098060049211727,0.807727397036763,0.8719832815031408,0.8054230949041609,2,4,0.9990774907749078,280,hp,30,0,40,20,
hp_30_0_f40_h5,3.298613268577514,4.818109738058967,0.8163225552281551,0.8656653316979425,0.8434589761570828,2,4,0.9950141559197063,1098,hp,30,0,40,5,
hp_60_0_f20_h10,9.923301969785271,23.47351692505911,0.8315822480583048,0.8716135295290868,0.8755709443665264,3,4,1.0,554,hp,60,0,20,10,
hp_60_0_f20_h20,10.966103320258119,24.74063845471364,0.8146648275249032,0.8659210352849542,0.8475064282374942,3,4,1.0,277,hp,60,0,20,20,
hp_60_0_f20_h5,9.773839385459263,21.703596256417693,0.8432604863372549,0.8687254343152184,0.914059724170173,1,4,1.0,1085,hp,60,0,20,5,
hp_60_0_f25_h10,7.3721727431697195,15.096034843230543,0.8403295048628872,0.8656435319072204,0.9164042776998598,3,4,1.0,542,hp,60,0,25,10,
hp_60_0_f25_h20,6.029065890915262,12.148861345608179,0.857512467139701,0.8833037533144161,0.9313136979897148,3,4,1.0,281,hp,60,0,25,20,
hp_60_0_f25_h5,5.730986691274719,8.586916510162348,0.8362660459771601,0.8601063850638302,0.9153307620383356,1,4,1.0,1065,hp,60,0,25,5,
hp_60_0_f40_h10,3.460756820124035,5.304176651376176,0.8253505734457662,0.8778846443622523,0.8358035296867695,2,4,0.9968169468349395,565,hp,60,0,40,10,
hp_60_0_f40_h20,6.438923865289404,12.382022098933724,0.8095925064213657,0.8654473337907224,0.8230861383824217,1,4,0.9990774907749078,276,hp,60,0,40,20,
hp_60_0_f40_h5,3.315597369564097,4.580012934227249,0.8213033225717602,0.8760377993149842,0.8257959326788219,2,4,0.9950141559197063,1119,hp,60,0,40,5,
lp_0_1500_f20_h10,9.361131922818103,21.19793031630571,0.8338475801977161,0.8722755022591159,0.8728173211781206,3,4,1.0,560,lp,0,1500,20,10,
lp_0_1500_f20_h20,8.97305647205905,19.227494898140858,0.8295186786086387,0.8825662441184005,0.8371335904628331,3,4,1.0,285,lp,0,1500,20,20,
lp_0_1500_f20_h5,9.18165796954906,20.04207569236682,0.8471851289679916,0.8681483601803334,0.9317227676484339,2,4,1.0,1099,lp,0,1500,20,5,
lp_0_1500_f25_h10,7.715613546403856,17.396091408958444,0.854888644743692,0.8781667384499405,0.9208970313230481,3,4,1.0,558,lp,0,1500,25,10,
lp_0_1500_f25_h20,6.211450039628882,12.31465397958715,0.8586083700026588,0.8796473727293952,0.938560074801309,3,4,1.0,280,lp,0,1500,25,20,
lp_0_1500_f25_h5,5.116593004561803,8.469805416111381,0.8449679667280138,0.8677175041539495,0.9225771388499299,1,4,1.0,1090,lp,0,1500,25,5,
lp_0_1500_f40_h10,4.550721108588642,4.770646669507803,0.8069065621821516,0.8411475487680049,0.8658187237026648,1,4,0.9968169468349395,549,lp,0,1500,40,10,
lp_0_1500_f40_h20,6.6473858909826165,10.974414998861482,0.8008430769968468,0.8448099136093025,0.8443571762505844,1,4,0.9990774907749078,270,lp,0,1500,40,20,
lp_0_1500_f40_h5,5.188013806528993,2.065022535786989,0.7898762766532029,0.8067211406356662,0.8893916549789622,1,4,0.9950141559197063,1011,lp,0,1500,40,5,
lp_0_800_f20_h10,9.818820564898324,20.69068974454699,0.827625140711524,0.8617143672360009,0.8912985039738196,2,4,1.0,551,lp,0,800,20,10,
lp_0_800_f20_h20,8.012766107858203,16.313703212762025,0.8509569503680119,0.8915655681824057,0.8792455586722767,1,4,1.0,285,lp,0,800,20,20,
lp_0_800_f20_h5,8.204908942533287,15.769277737320525,0.8410707372186562,0.8559123875133579,0.94575502571295,2,4,1.0,1078,lp,0,800,20,5,
lp_0_800_f25_h10,4.046404776031388,4.41789302400781,0.8516687819568052,0.8677331667805691,0.9474427302477794,1,4,1.0,541,lp,0,800,25,10,
lp_0_800_f25_h20,5.323933319274376,7.5244793221433905,0.8498794249279968,0.8659372991173437,0.9466245909303412,1,4,1.0,273,lp,0,800,25,20,
lp_0_800_f25_h5,4.530840547572991,4.566640473963991,0.8484515857217261,0.8587485079671372,0.9610659186535765,1,4,1.0,1069,lp,0,800,25,5,
lp_0_800_f40_h10,4.391964443521921,4.852314711709079,0.8209402444770922,0.850523606438387,0.8908304114071997,1,4,0.9968169468349395,543,lp,0,800,40,10,
lp_0_800_f40_h20,6.365934434385506,11.229214969317553,0.8094382768146933,0.8564718042695313,0.8464463534361851,1,4,0.9990774907749078,272,lp,0,800,40,20,
lp_0_800_f40_h5,4.221584547930579,2.748012913060575,0.7988893745853544,0.8314882467260628,0.8712757129499766,1,4,0.9950141559197063,1052,lp,0,800,40,5,
raw_0_0_f20_h10,10.826665316949786,24.989168040213265,0.8328224201005698,0.8707664827268926,0.881699976624591,3,4,1.0,548,raw,0,0,20,10,
raw_0_0_f20_h20,9.277654207335791,21.988111995719358,0.830751684709465,0.8833390680718395,0.8507205469845722,3,4,1.0,285,raw,0,0,20,20,
raw_0_0_f20_h5,9.789560811430242,22.159755493975506,0.8451145546844909,0.8705794139026353,0.914059724170173,1,4,1.0,1095,raw,0,0,20,5,
raw_0_0_f25_h10,7.279236147400933,14.666099413703007,0.8413979679771644,0.8658615298144405,0.9204365357643759,3,4,1.0,546,raw,0,0,25,10,
raw_0_0_f25_h20,6.331583124322966,11.592698123420663,0.8472362538475753,0.870618269866299,0.9313136979897148,3,4,1.0,277,raw,0,0,25,20,
raw_0_0_f25_h5,5.642006933217895,9.198484698654706,0.8378882111512539,0.8588855967833977,0.9257398316970546,1,4,1.0,1068,raw,0,0,25,5,
raw_0_0_f40_h10,4.595869523713118,5.047343478987696,0.8091181683928467,0.8535509381284339,0.8458035296867695,1,4,0.9968169468349395,553,raw,0,0,40,10,
raw_0_0_f40_h20,5.714229660731596,11.219783916773457,0.8181992317472848,0.8719832815031408,0.8358397615708275,1,4,0.9990774907749078,278,raw,0,0,40,20,
raw_0_0_f40_h5,3.0834117428575176,4.481969894599938,0.8311365237526529,0.8889184835035531,0.8257959326788219,2,4,0.9950141559197063,1133,raw,0,0,40,5,
