outer_held,option_id,inner_held,fit_files,file,F0mean,F0std,F0num,F0mean_mape,F0std_mape,F0num_mape,average_mape,F0mean_abs_error,F0std_abs_error,TP,TN,FP,FN,recall_v,recall_uv,balanced_accuracy,macro_f1,accuracy_vu,false_voiced_sil,native_frames,native_f0_count,projection_coverage,effective_median_span_ms
final,raw_0_0_f25_h10,phone_F1.wav,phone_M1.wav|studio_F1.wav|studio_M1.wav,phone_F1.wav,219.61734259298652,29.261393009880486,148,1.8633314438713002,42.045597135342156,0.0,14.636309526404487,4.017342592986523,8.661393009880484,138,61,8,15,0.9019607843137255,0.8840579710144928,0.8930093776641091,0.8822281167108754,0.8963963963963963,2,322,148,1.0,20
final,raw_0_0_f25_h10,phone_M1.wav,phone_F1.wav|studio_F1.wav|studio_M1.wav,phone_M1.wav,124.27143386481885,18.87938768560926,202,0.4619513862723064,12.377307652436064,12.931034482758621,8.590097840488996,0.5714338648188431,2.079387685609259,197,57,5,47,0.8073770491803278,0.9193548387096774,0.8633659439450025,0.7850775298503431,0.8300653594771242,0,414,202,1.0,20
final,raw_0_0_f25_h10,studio_F1.wav,phone_F1.wav|phone_M1.wav|studio_M1.wav,studio_F1.wav,228.47144670563952,37.481700208096726,117,0.49153018047058894,1.8524462176541536,7.874015748031496,3.4059973820520795,1.1285532943604721,0.6817002080967285,115,23,1,8,0.9349593495934959,0.9583333333333334,0.9466463414634146,0.899353366298973,0.9387755102040817,1,284,117,1.0,20
final,raw_0_0_f25_h10,studio_M1.wav,phone_F1.wav|phone_M1.wav|studio_F1.wav,studio_M1.wav,115.2563435802293,25.769291684563772,79,1.406036287229005,2.389046649379647,3.658536585365854,2.4845398406581687,1.643656419770707,0.6307083154362267,77,23,2,17,0.8191489361702128,0.92,0.8695744680851064,0.798932859048466,0.8403361344537815,0,271,79,1.0,20
final,raw_lr1_2d,phone_F1.wav,phone_M1.wav|studio_F1.wav|studio_M1.wav,phone_F1.wav,215.80477754692438,23.730975229701524,138,0.09498030933413275,15.198908882046226,6.756756756756757,7.3502153160457055,0.2047775469243902,3.130975229701523,135,66,3,18,0.8823529411764706,0.9565217391304348,0.9194373401534527,0.8952900747928038,0.9054054054054054,0,322,138,1.0,20
final,raw_lr1_2d,phone_M1.wav,phone_F1.wav|studio_F1.wav|studio_M1.wav,phone_M1.wav,124.38224565157384,18.878787676738316,203,0.5515324588309107,12.3737361710614,12.5,8.475089543297438,0.6822456515738367,2.0787876767383153,202,61,1,42,0.8278688524590164,0.9838709677419355,0.9058699101004759,0.8215985356924954,0.8594771241830066,0,414,203,1.0,20
final,raw_lr1_2d,studio_F1.wav,phone_F1.wav|phone_M1.wav|studio_M1.wav,studio_F1.wav,228.76289729847923,37.335313766835355,119,0.3645917689550362,1.4546569750960823,6.299212598425197,2.7061537808254386,0.837102701520763,0.5353137668353583,116,22,2,7,0.943089430894309,0.9166666666666666,0.9298780487804879,0.896422140452517,0.9387755102040817,1,284,119,1.0,20
final,raw_lr1_2d,studio_M1.wav,phone_F1.wav|phone_M1.wav|studio_F1.wav,studio_M1.wav,115.91389359368182,25.25612862467531,86,0.8435469686212025,4.3328461186541265,4.878048780487805,3.3514806225877116,0.9861064063181857,1.1438713753246894,83,22,3,11,0.8829787234042553,0.88,0.8814893617021277,0.8404214559386973,0.8823529411764706,0,271,86,1.0,20
final,raw_lr1_3d_zcr,phone_F1.wav,phone_M1.wav|studio_F1.wav|studio_M1.wav,phone_F1.wav,215.65341271564418,23.712221353104063,139,0.02477398684795245,15.10787064613622,6.081081081081081,7.071241904688418,0.05341271564418548,3.1122213531040614,136,66,3,17,0.8888888888888888,0.9565217391304348,0.9227053140096618,0.8999639509733237,0.9099099099099099,0,322,139,1.0,20
final,raw_lr1_3d_zcr,phone_M1.wav,phone_F1.wav|studio_F1.wav|studio_M1.wav,phone_M1.wav,124.54564397213755,19.104723714604713,193,0.6836248764248599,13.718593539313764,16.810344827586206,10.404187747774943,0.8456439721375517,2.3047237146047124,193,62,0,51,0.7909836065573771,1.0,0.8954918032786885,0.7959333115397189,0.8333333333333334,0,414,193,1.0,20
final,raw_lr1_3d_zcr,studio_F1.wav,phone_F1.wav|phone_M1.wav|studio_M1.wav,studio_F1.wav,230.20291307533205,37.0579983227146,124,0.26259280284497144,0.7010823986809943,2.3622047244094486,1.1086266419784714,0.6029130753320544,0.2579983227146059,119,20,4,4,0.967479674796748,0.8333333333333334,0.9004065040650406,0.9004065040650406,0.9455782312925171,1,284,124,1.0,20
final,raw_lr1_3d_zcr,studio_M1.wav,phone_F1.wav|phone_M1.wav|studio_F1.wav,studio_M1.wav,115.51987964824617,25.122515940964238,88,1.1805991032966905,4.838954769074851,7.317073170731708,4.445542347701083,1.3801203517538312,1.2774840590357606,85,22,3,9,0.9042553191489362,0.88,0.892127659574468,0.8598901098901099,0.8991596638655462,0,271,88,1.0,20
phone_F1.wav,raw_0_0_f25_h10,phone_M1.wav,studio_F1.wav|studio_M1.wav,phone_M1.wav,124.17028992203865,18.766863100023706,205,0.3801858706860514,11.707518452522052,11.637931034482758,7.908545119230287,0.4702899220386456,1.966863100023705,200,57,5,44,0.819672131147541,0.9193548387096774,0.8695134849286092,0.7951275499747223,0.8398692810457516,0,414,205,1.0,20
phone_F1.wav,raw_0_0_f25_h10,studio_F1.wav,phone_M1.wav|studio_M1.wav,studio_F1.wav,228.47144670563952,37.481700208096726,117,0.49153018047058894,1.8524462176541536,7.874015748031496,3.4059973820520795,1.1285532943604721,0.6817002080967285,115,23,1,8,0.9349593495934959,0.9583333333333334,0.9466463414634146,0.899353366298973,0.9387755102040817,1,284,117,1.0,20
phone_F1.wav,raw_0_0_f25_h10,studio_M1.wav,phone_M1.wav|studio_F1.wav,studio_M1.wav,116.17906545401675,25.955745206379756,84,0.6167104756058638,1.6827833091675848,2.4390243902439024,1.579506058339117,0.7209345459832548,0.44425479362024234,82,23,2,12,0.8723404255319149,0.92,0.8961702127659574,0.8440074906367041,0.8823529411764706,0,271,84,1.0,20
phone_F1.wav,raw_lr1_2d,phone_M1.wav,studio_F1.wav|studio_M1.wav,phone_M1.wav,125.15255520169238,18.97639053277169,187,1.174256428207257,12.954705552212427,19.396551724137932,11.17517123485254,1.4525552016923768,2.1763905327716877,187,62,0,57,0.7663934426229508,1.0,0.8831967213114754,0.7764161464408865,0.8137254901960784,0,414,187,1.0,20
phone_F1.wav,raw_lr1_2d,studio_F1.wav,phone_M1.wav|studio_M1.wav,studio_F1.wav,228.76289729847923,37.335313766835355,119,0.3645917689550362,1.4546569750960823,6.299212598425197,2.7061537808254386,0.837102701520763,0.5353137668353583,116,22,2,7,0.943089430894309,0.9166666666666666,0.9298780487804879,0.896422140452517,0.9387755102040817,1,284,119,1.0,20
phone_F1.wav,raw_lr1_2d,studio_M1.wav,phone_M1.wav|studio_F1.wav,studio_M1.wav,115.91389359368182,25.25612862467531,86,0.8435469686212025,4.3328461186541265,4.878048780487805,3.3514806225877116,0.9861064063181857,1.1438713753246894,83,22,3,11,0.8829787234042553,0.88,0.8814893617021277,0.8404214559386973,0.8823529411764706,0,271,86,1.0,20
phone_F1.wav,raw_lr1_3d_zcr,phone_M1.wav,studio_F1.wav|studio_M1.wav,phone_M1.wav,125.00092811673159,19.101005593312355,190,1.05167996502149,13.696461864954486,18.103448275862068,10.950530035279348,1.3009281167315834,2.301005593312354,190,62,0,54,0.7786885245901639,1.0,0.889344262295082,0.7861026251747527,0.8235294117647058,0,414,190,1.0,20
phone_F1.wav,raw_lr1_3d_zcr,studio_F1.wav,phone_M1.wav|studio_M1.wav,studio_F1.wav,229.75214706783277,36.83802084176496,122,0.06626614452646849,0.10331750479609031,3.937007874015748,1.368863841112769,0.15214706783277165,0.03802084176496123,118,21,3,5,0.959349593495935,0.875,0.9171747967479675,0.9036065573770491,0.9455782312925171,1,284,122,1.0,20
phone_F1.wav,raw_lr1_3d_zcr,studio_M1.wav,phone_M1.wav|studio_F1.wav,studio_M1.wav,115.91389359368182,25.25612862467531,86,0.8435469686212025,4.3328461186541265,4.878048780487805,3.3514806225877116,0.9861064063181857,1.1438713753246894,83,22,3,11,0.8829787234042553,0.88,0.8814893617021277,0.8404214559386973,0.8823529411764706,0,271,86,1.0,20
phone_M1.wav,raw_0_0_f25_h10,phone_F1.wav,studio_F1.wav|studio_M1.wav,phone_F1.wav,217.1913796534308,33.89979559197199,142,0.7381167223705039,64.56211452413585,4.054054054054054,23.118095100186803,1.5913796534308062,13.299795591971986,135,64,5,18,0.8823529411764706,0.927536231884058,0.9049445865302643,0.8845919128449699,0.8963963963963963,2,322,142,1.0,20
phone_M1.wav,raw_0_0_f25_h10,studio_F1.wav,phone_F1.wav|studio_M1.wav,studio_F1.wav,229.12617494117202,37.53646348576117,119,0.20636979914110182,2.001259472177094,6.299212598425197,2.835613956581131,0.47382505882796977,0.7364634857611705,117,23,1,6,0.9512195121951219,0.9583333333333334,0.9547764227642277,0.9194394425741799,0.9523809523809523,1,284,119,1.0,20
phone_M1.wav,raw_0_0_f25_h10,studio_M1.wav,phone_F1.wav|studio_F1.wav,studio_M1.wav,115.2563435802293,25.769291684563772,79,1.406036287229005,2.389046649379647,3.658536585365854,2.4845398406581687,1.643656419770707,0.6307083154362267,77,23,2,17,0.8191489361702128,0.92,0.8695744680851064,0.798932859048466,0.8403361344537815,0,271,79,1.0,20
phone_M1.wav,raw_lr1_2d,phone_F1.wav,studio_F1.wav|studio_M1.wav,phone_F1.wav,217.19620741997218,21.09913816138959,131,0.7403559461837608,2.423000783444603,11.486486486486486,4.883281072038283,1.5962074199721883,0.4991381613895882,129,67,2,24,0.8431372549019608,0.9710144927536232,0.907075873827792,0.8729753521126761,0.8828828828828829,0,322,131,1.0,20
phone_M1.wav,raw_lr1_2d,studio_F1.wav,phone_F1.wav|studio_M1.wav,studio_F1.wav,228.49940680226808,37.266029440897725,121,0.47935243803654654,1.2663843502655652,4.724409448818897,2.1567154123736696,1.1005931977319108,0.4660294408977279,117,21,3,6,0.9512195121951219,0.875,0.913109756097561,0.8932461873638344,0.9387755102040817,1,284,121,1.0,20
phone_M1.wav,raw_lr1_2d,studio_M1.wav,phone_F1.wav|studio_F1.wav,studio_M1.wav,115.91389359368182,25.25612862467531,86,0.8435469686212025,4.3328461186541265,4.878048780487805,3.3514806225877116,0.9861064063181857,1.1438713753246894,83,22,3,11,0.8829787234042553,0.88,0.8814893617021277,0.8404214559386973,0.8823529411764706,0,271,86,1.0,20
phone_M1.wav,raw_lr1_3d_zcr,phone_F1.wav,studio_F1.wav|studio_M1.wav,phone_F1.wav,216.8969459624799,20.806661676544618,135,0.6015519306493023,1.0032120220612442,8.783783783783784,3.4628492454981106,1.2969459624798958,0.2066616765446163,134,68,1,19,0.8758169934640523,0.9855072463768116,0.9306621199204319,0.9011752136752137,0.9099099099099099,0,322,135,1.0,20
phone_M1.wav,raw_lr1_3d_zcr,studio_F1.wav,phone_F1.wav|studio_M1.wav,studio_F1.wav,228.7665003310875,36.08662185959933,123,0.3630225038817425,1.9385275554365873,3.1496062992125986,1.8170521195103095,0.8334996689124807,0.713378140400664,119,21,3,4,0.967479674796748,0.875,0.921239837398374,0.9142857142857143,0.9523809523809523,1,284,123,1.0,20
phone_M1.wav,raw_lr1_3d_zcr,studio_M1.wav,phone_F1.wav|studio_F1.wav,studio_M1.wav,114.74716487099022,25.12057243614657,84,1.8416040453462679,4.846316529747834,2.4390243902439024,3.0423149884460017,2.1528351290097874,1.279427563853428,81,22,3,13,0.8617021276595744,0.88,0.8708510638297873,0.8217228464419475,0.865546218487395,0,271,84,1.0,20
studio_F1.wav,raw_0_0_f25_h10,phone_F1.wav,phone_M1.wav|studio_M1.wav,phone_F1.wav,217.0001340513384,20.860305842246206,145,0.649412825296103,1.2636205934281752,2.027027027027027,1.3133534819171018,1.400134051338398,0.2603058422462041,138,62,7,15,0.9019607843137255,0.8985507246376812,0.9002557544757033,0.887744782568723,0.9009009009009009,0,322,145,1.0,20
studio_F1.wav,raw_0_0_f25_h10,phone_M1.wav,phone_F1.wav|studio_M1.wav,phone_M1.wav,124.0446195965237,18.807526065765618,206,0.2785930448857717,11.94955991527153,11.206896551724139,7.8116831706271475,0.34461959652369956,2.0075260657656173,201,57,5,43,0.8237704918032787,0.9193548387096774,0.8715626652564781,0.7985185185185185,0.8431372549019608,0,414,206,1.0,20
studio_F1.wav,raw_0_0_f25_h10,studio_M1.wav,phone_F1.wav|phone_M1.wav,studio_M1.wav,115.97574445652401,26.118917754005437,81,0.790637761741654,1.0647054772521258,1.2195121951219512,1.0249518113719105,0.9242555434759936,0.2810822459945612,79,23,2,15,0.8404255319148937,0.92,0.8802127659574468,0.8165079365079364,0.8571428571428571,0,271,81,1.0,20
studio_F1.wav,raw_lr1_2d,phone_F1.wav,phone_M1.wav|studio_M1.wav,phone_F1.wav,215.80477754692438,23.730975229701524,138,0.09498030933413275,15.198908882046226,6.756756756756757,7.3502153160457055,0.2047775469243902,3.130975229701523,135,66,3,18,0.8823529411764706,0.9565217391304348,0.9194373401534527,0.8952900747928038,0.9054054054054054,0,322,138,1.0,20
studio_F1.wav,raw_lr1_2d,phone_M1.wav,phone_F1.wav|studio_M1.wav,phone_M1.wav,124.03721824951572,18.82951069397153,209,0.2726097409181203,12.08042079744959,9.913793103448276,7.4222745472719955,0.3372182495157148,2.029510693971531,208,61,1,36,0.8524590163934426,0.9838709677419355,0.9181649920676891,0.8428089466450082,0.8790849673202614,0,414,209,1.0,20
studio_F1.wav,raw_lr1_2d,studio_M1.wav,phone_F1.wav|phone_M1.wav,studio_M1.wav,115.91389359368182,25.25612862467531,86,0.8435469686212025,4.3328461186541265,4.878048780487805,3.3514806225877116,0.9861064063181857,1.1438713753246894,83,22,3,11,0.8829787234042553,0.88,0.8814893617021277,0.8404214559386973,0.8823529411764706,0,271,86,1.0,20
studio_F1.wav,raw_lr1_3d_zcr,phone_F1.wav,phone_M1.wav|studio_M1.wav,phone_F1.wav,214.6552296964098,26.23152824280687,144,0.4382051500882141,27.337515741780916,2.7027027027027026,10.159474531523944,0.9447703035901895,5.631528242806869,140,65,4,13,0.9150326797385621,0.9420289855072463,0.9285308326229043,0.9135573421287707,0.9234234234234234,0,322,144,1.0,20
studio_F1.wav,raw_lr1_3d_zcr,phone_M1.wav,phone_F1.wav|studio_M1.wav,phone_M1.wav,126.04298592021136,23.52858024617253,202,1.894087243501505,40.051072893884104,12.931034482758621,18.29206487338141,2.342985920211362,6.72858024617253,201,61,1,43,0.8237704918032787,0.9838709677419355,0.9038207297726071,0.8181425252579826,0.8562091503267973,0,414,202,1.0,20
studio_F1.wav,raw_lr1_3d_zcr,studio_M1.wav,phone_F1.wav|phone_M1.wav,studio_M1.wav,114.79637010069301,25.3222596263648,90,1.7995123176278827,4.082349900133325,9.75609756097561,5.212653259578939,2.103629899306995,1.0777403736351978,87,22,3,7,0.925531914893617,0.88,0.9027659574468085,0.8802334943639292,0.9159663865546218,0,271,90,1.0,20
studio_M1.wav,raw_0_0_f25_h10,phone_F1.wav,phone_M1.wav|studio_F1.wav,phone_F1.wav,217.32724979501882,21.132868395279655,140,0.8011362685616054,2.5867397829109375,5.405405405405405,2.9310938189593165,1.727249795018821,0.5328683952796531,134,63,6,19,0.8758169934640523,0.9130434782608695,0.894430235862461,0.874556427005402,0.8873873873873874,0,322,140,1.0,20
studio_M1.wav,raw_0_0_f25_h10,phone_M1.wav,phone_F1.wav|studio_F1.wav,phone_M1.wav,124.549158031425,19.018081616595186,197,0.6864656680881096,13.202866765447531,15.086206896551724,9.658513110029121,0.8491580314249916,2.2180816165951853,192,57,5,52,0.7868852459016393,0.9193548387096774,0.8531200423056584,0.7687074829931972,0.8137254901960784,0,414,197,1.0,20
studio_M1.wav,raw_0_0_f25_h10,studio_F1.wav,phone_F1.wav|phone_M1.wav,studio_F1.wav,228.47144670563952,37.481700208096726,117,0.49153018047058894,1.8524462176541536,7.874015748031496,3.4059973820520795,1.1285532943604721,0.6817002080967285,115,23,1,8,0.9349593495934959,0.9583333333333334,0.9466463414634146,0.899353366298973,0.9387755102040817,1,284,117,1.0,20
studio_M1.wav,raw_lr1_2d,phone_F1.wav,phone_M1.wav|studio_F1.wav,phone_F1.wav,216.00836793337314,23.951520704152113,135,0.18940998764988057,16.269517981320927,8.783783783783784,8.414237250918198,0.4083679333731425,3.3515207041521116,132,66,3,21,0.8627450980392157,0.9565217391304348,0.9096334185848253,0.8814102564102564,0.8918918918918919,0,322,135,1.0,20
studio_M1.wav,raw_lr1_2d,phone_M1.wav,phone_F1.wav|studio_F1.wav,phone_M1.wav,124.25925926426663,18.87556805725035,206,0.4521093486391503,12.354571769347325,11.206896551724139,8.004525889903539,0.559259264266629,2.0755680572503508,205,61,1,39,0.8401639344262295,0.9838709677419355,0.9120174510840825,0.8320987654320988,0.869281045751634,0,414,206,1.0,20
studio_M1.wav,raw_lr1_2d,studio_F1.wav,phone_F1.wav|phone_M1.wav,studio_F1.wav,229.49925520521893,38.02248472668374,120,0.043878394939488106,3.3219693659884397,5.511811023622047,2.959219594849992,0.10074479478106468,1.2224847266837457,116,21,3,7,0.943089430894309,0.875,0.9090447154471545,0.8831849968213605,0.9319727891156463,1,284,120,1.0,20
studio_M1.wav,raw_lr1_3d_zcr,phone_F1.wav,phone_M1.wav|studio_F1.wav,phone_F1.wav,215.8521671838555,23.932216027617095,136,0.11696066041535486,16.175805959306278,8.108108108108109,8.13362490927658,0.2521671838555051,3.3322160276170933,133,66,3,20,0.869281045751634,0.9565217391304348,0.9129013924410344,0.8860140640696506,0.8963963963963963,0,322,136,1.0,20
studio_M1.wav,raw_lr1_3d_zcr,phone_M1.wav,phone_F1.wav|studio_F1.wav,phone_M1.wav,126.267772941914,22.530842121198553,190,2.07580674366532,34.11215548332471,18.103448275862068,18.097136834284033,2.5677729419140007,5.7308421211985525,190,62,0,54,0.7786885245901639,1.0,0.889344262295082,0.7861026251747527,0.8235294117647058,0,414,190,1.0,20
studio_M1.wav,raw_lr1_3d_zcr,studio_F1.wav,phone_F1.wav|phone_M1.wav,studio_F1.wav,230.39186538366022,36.96939337677615,125,0.34488910438163034,0.46030808906562315,1.5748031496062993,0.7933334476845175,0.7918653836602232,0.1693933767761493,119,19,5,4,0.967479674796748,0.7916666666666666,0.8795731707317074,0.8860366956671548,0.9387755102040817,1,284,125,1.0,20
