option_id,file,raw_native_voiced,range_excluded,in_range_native_voiced,route25,route40,AMDF_used,Praat_fallback
praat7_filtered_v0.3,phone_F1.wav,147,0,147,0,0,0,147
amdf_anchor_w25_b200,phone_F1.wav,147,0,147,147,0,145,2
amdf_anchor_w40_b200,phone_F1.wav,147,0,147,0,147,147,0
amdf_pitch_spectral_p000,phone_F1.wav,147,0,147,44,103,146,1
amdf_pitch_spectral_p140,phone_F1.wav,147,0,147,44,103,146,1
amdf_pitch_spectral_p170,phone_F1.wav,147,0,147,44,103,146,1
amdf_pitch_spectral_p200,phone_F1.wav,147,0,147,84,63,146,1
praat7_filtered_v0.3,phone_M1.wav,235,2,233,0,0,0,235
amdf_anchor_w25_b200,phone_M1.wav,235,2,233,233,0,233,2
amdf_anchor_w40_b200,phone_M1.wav,235,2,233,0,233,233,2
amdf_pitch_spectral_p000,phone_M1.wav,235,2,233,112,121,233,2
amdf_pitch_spectral_p140,phone_M1.wav,235,2,233,205,28,233,2
amdf_pitch_spectral_p170,phone_M1.wav,235,2,233,233,0,233,2
amdf_pitch_spectral_p200,phone_M1.wav,235,2,233,233,0,233,2
praat7_filtered_v0.3,studio_F1.wav,123,0,123,0,0,0,123
amdf_anchor_w25_b200,studio_F1.wav,123,0,123,123,0,123,0
amdf_anchor_w40_b200,studio_F1.wav,123,0,123,0,123,123,0
amdf_pitch_spectral_p000,studio_F1.wav,123,0,123,66,57,123,0
amdf_pitch_spectral_p140,studio_F1.wav,123,0,123,66,57,123,0
amdf_pitch_spectral_p170,studio_F1.wav,123,0,123,67,56,123,0
amdf_pitch_spectral_p200,studio_F1.wav,123,0,123,87,36,123,0
praat7_filtered_v0.3,studio_M1.wav,85,0,85,0,0,0,85
amdf_anchor_w25_b200,studio_M1.wav,85,0,85,85,0,85,0
amdf_anchor_w40_b200,studio_M1.wav,85,0,85,0,85,85,0
amdf_pitch_spectral_p000,studio_M1.wav,85,0,85,41,44,85,0
amdf_pitch_spectral_p140,studio_M1.wav,85,0,85,74,11,85,0
amdf_pitch_spectral_p170,studio_M1.wav,85,0,85,80,5,85,0
amdf_pitch_spectral_p200,studio_M1.wav,85,0,85,85,0,85,0
