outer_held,option_id,selection_files,worst_average_mape,mean_average_mape,selected
final,amdf_anchor_w25_b200,phone_F1.wav|phone_M1.wav|studio_F1.wav|studio_M1.wav,1.9404949121906387,1.3326172320603928,False
final,amdf_anchor_w40_b200,phone_F1.wav|phone_M1.wav|studio_F1.wav|studio_M1.wav,3.0073995503704656,1.6215860507345887,False
final,amdf_pitch_spectral_p000,phone_F1.wav|phone_M1.wav|studio_F1.wav|studio_M1.wav,2.3800006084484444,1.2412859983979254,False
final,amdf_pitch_spectral_p140,phone_F1.wav|phone_M1.wav|studio_F1.wav|studio_M1.wav,2.523879959587328,1.2680374440470896,False
final,amdf_pitch_spectral_p170,phone_F1.wav|phone_M1.wav|studio_F1.wav|studio_M1.wav,1.909922760737396,1.1249322995423308,True
final,amdf_pitch_spectral_p200,phone_F1.wav|phone_M1.wav|studio_F1.wav|studio_M1.wav,1.9404949121906387,1.2753727002659212,False
final,praat7_filtered_v0.3,phone_F1.wav|phone_M1.wav|studio_F1.wav|studio_M1.wav,3.1757223011011786,1.6224571202393765,False
phone_F1.wav,amdf_anchor_w25_b200,phone_M1.wav|studio_F1.wav|studio_M1.wav,1.9404949121906387,1.4166394138849852,False
phone_F1.wav,amdf_anchor_w40_b200,phone_M1.wav|studio_F1.wav|studio_M1.wav,3.0073995503704656,1.968393944085242,False
phone_F1.wav,amdf_pitch_spectral_p000,phone_M1.wav|studio_F1.wav|studio_M1.wav,2.3800006084484444,1.5416881161083758,False
phone_F1.wav,amdf_pitch_spectral_p140,phone_M1.wav|studio_F1.wav|studio_M1.wav,2.523879959587328,1.5773567103072612,False
phone_F1.wav,amdf_pitch_spectral_p170,phone_M1.wav|studio_F1.wav|studio_M1.wav,1.909922760737396,1.386549850967583,True
phone_F1.wav,amdf_pitch_spectral_p200,phone_M1.wav|studio_F1.wav|studio_M1.wav,1.9404949121906387,1.4487315324297925,False
phone_F1.wav,praat7_filtered_v0.3,phone_M1.wav|studio_F1.wav|studio_M1.wav,3.1757223011011786,1.9649406403549736,False
phone_M1.wav,amdf_anchor_w25_b200,phone_F1.wav|studio_F1.wav|studio_M1.wav,1.9404949121906387,1.5181060909951112,False
phone_M1.wav,amdf_anchor_w40_b200,phone_F1.wav|studio_F1.wav|studio_M1.wav,3.0073995503704656,1.8198654051072587,False
phone_M1.wav,amdf_pitch_spectral_p000,phone_F1.wav|studio_F1.wav|studio_M1.wav,2.3800006084484444,1.3852144401654733,False
phone_M1.wav,amdf_pitch_spectral_p140,phone_F1.wav|studio_F1.wav|studio_M1.wav,2.523879959587328,1.4331742238784344,False
phone_M1.wav,amdf_pitch_spectral_p170,phone_F1.wav|studio_F1.wav|studio_M1.wav,1.909922760737396,1.2411928476376952,True
phone_M1.wav,amdf_pitch_spectral_p200,phone_F1.wav|studio_F1.wav|studio_M1.wav,1.9404949121906387,1.4417800486024823,False
phone_M1.wav,praat7_filtered_v0.3,phone_F1.wav|studio_F1.wav|studio_M1.wav,3.1757223011011786,1.824857620501783,False
studio_F1.wav,amdf_anchor_w25_b200,phone_F1.wav|phone_M1.wav|studio_M1.wav,1.9404949121906387,1.2657320846778308,False
studio_F1.wav,amdf_anchor_w40_b200,phone_F1.wav|phone_M1.wav|studio_M1.wav,3.0073995503704656,1.538436636223225,False
studio_F1.wav,amdf_pitch_spectral_p000,phone_F1.wav|phone_M1.wav|studio_M1.wav,2.3800006084484444,1.1765269756034336,False
studio_F1.wav,amdf_pitch_spectral_p140,phone_F1.wav|phone_M1.wav|studio_M1.wav,2.523879959587328,1.212195569802319,False
studio_F1.wav,amdf_pitch_spectral_p170,phone_F1.wav|phone_M1.wav|studio_M1.wav,1.909922760737396,1.0087176870867365,True
studio_F1.wav,amdf_pitch_spectral_p200,phone_F1.wav|phone_M1.wav|studio_M1.wav,1.9404949121906387,1.1573139237403947,False
studio_F1.wav,praat7_filtered_v0.3,phone_F1.wav|phone_M1.wav|studio_M1.wav,3.1757223011011786,1.5953281601486404,False
studio_M1.wav,amdf_anchor_w25_b200,phone_F1.wav|phone_M1.wav|studio_F1.wav,1.533272674208079,1.1299913386836442,False
studio_M1.wav,amdf_anchor_w40_b200,phone_F1.wav|phone_M1.wav|studio_F1.wav,1.8710342942686804,1.15964821752263,False
studio_M1.wav,amdf_pitch_spectral_p000,phone_F1.wav|phone_M1.wav|studio_F1.wav,1.4355630667814012,0.8617144617144191,False
studio_M1.wav,amdf_pitch_spectral_p140,phone_F1.wav|phone_M1.wav|studio_F1.wav,1.4355630667814012,0.8494232722003435,True
studio_M1.wav,amdf_pitch_spectral_p170,phone_F1.wav|phone_M1.wav|studio_F1.wav,1.4735761369091147,0.8632688124773091,False
studio_M1.wav,amdf_pitch_spectral_p200,phone_F1.wav|phone_M1.wav|studio_F1.wav,1.6295490298425008,1.0536652962910154,False
studio_M1.wav,praat7_filtered_v0.3,phone_F1.wav|phone_M1.wav|studio_F1.wav,1.7038440005115856,1.1047020599521093,False
