method,seed,pair,interaction_mape,interaction_f1
logistic,11,PE,-9.599040482234154,0.0012210617069784435
logistic,11,PZ,-11.485301858407945,0.006217412569720082
logistic,11,PS,-12.197969941783176,0.006470771310634671
logistic,11,PM,-13.541734526515643,0.004966134151607182
logistic,11,EZ,-9.062788015924925,0.008600775472859423
logistic,11,ES,-9.932575674323749,0.0009358514437017851
logistic,11,EM,-7.121322552379993,0.01783818124640668
logistic,11,ZS,-10.20892461076122,0.006756408560304239
logistic,11,ZM,-13.767643693505391,0.005269463405458974
logistic,11,SM,-12.894064822223628,-0.0010210648470485584
logistic,29,PE,-9.599040482234154,0.0012210617069784435
logistic,29,PZ,-11.485301858407945,0.006217412569720082
logistic,29,PS,-12.197969941783176,0.006470771310634671
logistic,29,PM,-13.541734526515643,0.004966134151607182
logistic,29,EZ,-9.062788015924925,0.008600775472859423
logistic,29,ES,-9.932575674323749,0.0009358514437017851
logistic,29,EM,-7.121322552379993,0.01783818124640668
logistic,29,ZS,-10.20892461076122,0.006756408560304239
logistic,29,ZM,-13.767643693505391,0.005269463405458974
logistic,29,SM,-12.894064822223628,-0.0010210648470485584
logistic,47,PE,-9.599040482234154,0.0012210617069784435
logistic,47,PZ,-11.485301858407945,0.006217412569720082
logistic,47,PS,-12.197969941783176,0.006470771310634671
logistic,47,PM,-13.541734526515643,0.004966134151607182
logistic,47,EZ,-9.062788015924925,0.008600775472859423
logistic,47,ES,-9.932575674323749,0.0009358514437017851
logistic,47,EM,-7.121322552379993,0.01783818124640668
logistic,47,ZS,-10.20892461076122,0.006756408560304239
logistic,47,ZM,-13.767643693505391,0.005269463405458974
logistic,47,SM,-12.894064822223628,-0.0010210648470485584
svm,11,PE,-7.249851780121664,-0.012332592186006575
svm,11,PZ,-8.137204921853984,0.00040539213255808004
svm,11,PS,-9.997980408981567,-0.00722832446543864
svm,11,PM,-15.791810582729534,-0.01724860283886409
svm,11,EZ,-5.670701921017341,0.009386636279056226
svm,11,ES,-9.037911233029261,0.001927818775715906
svm,11,EM,-11.08748602967072,0.001982555967201649
svm,11,ZS,-9.11778391079562,0.0006215296297451545
svm,11,ZM,-10.87677681076922,-0.00927945744701042
svm,11,SM,-12.209696636435032,-0.004167852629115454
svm,29,PE,-7.249851780121664,-0.012332592186006575
svm,29,PZ,-8.137204921853984,0.00040539213255808004
svm,29,PS,-9.997980408981567,-0.00722832446543864
svm,29,PM,-15.791810582729534,-0.01724860283886409
svm,29,EZ,-5.670701921017341,0.009386636279056226
svm,29,ES,-9.037911233029261,0.001927818775715906
svm,29,EM,-11.08748602967072,0.001982555967201649
svm,29,ZS,-9.11778391079562,0.0006215296297451545
svm,29,ZM,-10.87677681076922,-0.00927945744701042
svm,29,SM,-12.209696636435032,-0.004167852629115454
svm,47,PE,-7.249851780121664,-0.012332592186006575
svm,47,PZ,-8.137204921853984,0.00040539213255808004
svm,47,PS,-9.997980408981567,-0.00722832446543864
svm,47,PM,-15.791810582729534,-0.01724860283886409
svm,47,EZ,-5.670701921017341,0.009386636279056226
svm,47,ES,-9.037911233029261,0.001927818775715906
svm,47,EM,-11.08748602967072,0.001982555967201649
svm,47,ZS,-9.11778391079562,0.0006215296297451545
svm,47,ZM,-10.87677681076922,-0.00927945744701042
svm,47,SM,-12.209696636435032,-0.004167852629115454
knn,11,PE,-15.097489317559477,-0.016184325328916893
knn,11,PZ,-16.717909378828804,0.0007112472190563546
knn,11,PS,-12.7602445968196,-0.002866341690840324
knn,11,PM,-14.42989011911863,0.00814871015204377
knn,11,EZ,-12.641038330805921,0.003743936370463996
knn,11,ES,-12.051787479185732,-0.0016226456469571326
knn,11,EM,-6.519055157306218,-0.005461355777591104
knn,11,ZS,-13.17976989734137,-0.0016263637180119472
knn,11,ZM,-12.285835009405796,-4.379449146418857e-05
knn,11,SM,-11.991926474150516,-0.006905466976291574
knn,29,PE,-15.097489317559477,-0.016184325328916893
knn,29,PZ,-16.717909378828804,0.0007112472190563546
knn,29,PS,-12.7602445968196,-0.002866341690840324
knn,29,PM,-14.42989011911863,0.00814871015204377
knn,29,EZ,-12.641038330805921,0.003743936370463996
knn,29,ES,-12.051787479185732,-0.0016226456469571326
knn,29,EM,-6.519055157306218,-0.005461355777591104
knn,29,ZS,-13.17976989734137,-0.0016263637180119472
knn,29,ZM,-12.285835009405796,-4.379449146418857e-05
knn,29,SM,-11.991926474150516,-0.006905466976291574
knn,47,PE,-15.097489317559477,-0.016184325328916893
knn,47,PZ,-16.717909378828804,0.0007112472190563546
knn,47,PS,-12.7602445968196,-0.002866341690840324
knn,47,PM,-14.42989011911863,0.00814871015204377
knn,47,EZ,-12.641038330805921,0.003743936370463996
knn,47,ES,-12.051787479185732,-0.0016226456469571326
knn,47,EM,-6.519055157306218,-0.005461355777591104
knn,47,ZS,-13.17976989734137,-0.0016263637180119472
knn,47,ZM,-12.285835009405796,-4.379449146418857e-05
knn,47,SM,-11.991926474150516,-0.006905466976291574
rf,11,PE,-10.915441416354563,-0.012736595277336837
rf,11,PZ,-14.217062025897858,0.0009288596018005579
rf,11,PS,-13.039512320110417,-0.0022407118206199117
rf,11,PM,-13.819443073809413,-0.0031001968028805393
rf,11,EZ,-11.057580136436997,0.009470652111664202
rf,11,ES,-11.153654730615278,-0.008546790038776897
rf,11,EM,-11.665197888722208,-0.003113091360911535
rf,11,ZS,-8.671629846132106,0.007082349120430931
rf,11,ZM,-11.350200720379371,0.0005738229779945758
rf,11,SM,-11.452963904109415,-0.010956273976261421
rf,29,PE,-13.263477750303169,-0.01227503287492504
rf,29,PZ,-15.735657721071119,0.0035302531607209753
rf,29,PS,-16.870424440545015,-0.002051877055799678
rf,29,PM,-17.85183522887277,0.0013472767932865004
rf,29,EZ,-10.355918921356475,0.010035274519529347
rf,29,ES,-12.191245888088273,-0.010588289423306141
rf,29,EM,-12.665190962096753,-0.003913348400799599
rf,29,ZS,-9.805784237903017,0.007082349120430931
rf,29,ZM,-14.200185730140479,0.002251628385412374
rf,29,SM,-13.415225620876615,-0.0068450485302932185
rf,47,PE,-12.233760760611444,-0.009004429518268853
rf,47,PZ,-15.81098964915485,0.00836142783506788
rf,47,PS,-16.28870866658196,0.007626491309628891
rf,47,PM,-17.98988706442379,0.008283062486344361
rf,47,EZ,-10.465499407457587,0.006012789121172535
rf,47,ES,-12.73737974619097,-0.009276071488538484
rf,47,EM,-11.567752341895302,-0.011863714575653939
rf,47,ZS,-10.351918096005713,0.008394567055198587
rf,47,ZM,-11.054692533703584,0.0029621080235227026
rf,47,SM,-14.30675340186114,-0.009864909608270467
gmm,11,PE,-3.0735569872069393,-0.012373163938677934
gmm,11,PZ,-17.257249793153886,-0.0051507440193351295
gmm,11,PS,-11.247586842903607,-0.0003965064368172122
gmm,11,PM,4.465744957235786,-0.014533730015938606
gmm,11,EZ,-17.292991780981385,-0.0004826247816632767
gmm,11,ES,-11.463560369870672,0.01504982798180321
gmm,11,EM,-5.0298346965374305,-0.00820926541050726
gmm,11,ZS,-19.994391787491757,0.011297141616356199
gmm,11,ZM,-23.236796033686645,0.009049415928269577
gmm,11,SM,-13.725723267968354,0.025089439892877707
gmm,29,PE,-3.0735569872069393,-0.012373163938677934
gmm,29,PZ,-17.257249793153886,-0.0051507440193351295
gmm,29,PS,-11.247586842903607,-0.0003965064368172122
gmm,29,PM,4.349734857182349,-0.014533730015938606
gmm,29,EZ,-17.292991780981385,-0.0004826247816632767
gmm,29,ES,-11.463560369870672,0.01504982798180321
gmm,29,EM,-5.0298346965374305,-0.00820926541050726
gmm,29,ZS,-19.994391787491757,0.011297141616356199
gmm,29,ZM,-23.236796033686645,0.009049415928269577
gmm,29,SM,-13.725723267968354,0.025089439892877707
gmm,47,PE,-3.0735569872069393,-0.012373163938677934
gmm,47,PZ,-17.257249793153886,-0.0051507440193351295
gmm,47,PS,-11.247586842903607,-0.0003965064368172122
gmm,47,PM,4.44444178832357,-0.0118375666809718
gmm,47,EZ,-17.292991780981385,-0.0004826247816632767
gmm,47,ES,-11.463560369870672,0.01504982798180321
gmm,47,EM,-5.051137865449646,-0.005513102075540455
gmm,47,ZS,-19.994391787491757,0.011297141616356199
gmm,47,ZM,-23.258099202598856,0.011745579263236383
gmm,47,SM,-13.747026436880569,0.027785603227844513
