split,model,option_id,changed_pitch_frames,file,F0mean,F0std,F0num,F0mean_mape,F0std_mape,F0num_mape,average_mape,F0mean_abs_error,F0std_abs_error,TP,TN,FP,FN,recall_v,recall_uv,balanced_accuracy,macro_f1,accuracy_vu,false_voiced_sil
train,accepted,hard170,0,phone_F1.wav,216.1496309153302,20.58153572377531,147,0.2549308512663256,0.08963240885772297,0.6756756756756757,0.3400796452665748,0.5496309153301979,0.018464276224690934,144,66,3,9,0.9411764705882353,0.9565217391304348,0.948849104859335,0.9383333333333332,0.9459459459459459,0
train,candidate,hard170,0,phone_F1.wav,216.1496309153302,20.58153572377531,147,0.2549308512663256,0.08963240885772297,0.6756756756756757,0.3400796452665748,0.5496309153301979,0.018464276224690934,144,66,3,9,0.9411764705882353,0.9565217391304348,0.948849104859335,0.9383333333333332,0.9459459459459459,0
train,accepted,hard170,0,phone_M1.wav,122.47693293792135,16.95265840357317,233,0.9887365093602711,0.9086809736498225,0.43103448275862066,0.776150655256238,1.2230670620786555,0.15265840357317018,231,60,2,13,0.9467213114754098,0.967741935483871,0.9572316234796404,0.9287211740041929,0.9509803921568627,0
train,candidate,hard170,0,phone_M1.wav,122.47693293792135,16.95265840357317,233,0.9887365093602711,0.9086809736498225,0.43103448275862066,0.776150655256238,1.2230670620786555,0.15265840357317018,231,60,2,13,0.9467213114754098,0.967741935483871,0.9572316234796404,0.9287211740041929,0.9509803921568627,0
train,accepted,hard170,0,studio_F1.wav,232.0908688342666,36.86853960471595,123,1.0848731856561815,0.1862489258585637,3.1496062992125986,1.4735761369091147,2.4908688342665926,0.06853960471595144,119,20,4,4,0.967479674796748,0.8333333333333334,0.9004065040650406,0.9004065040650406,0.9455782312925171,0
train,candidate,hard170,0,studio_F1.wav,232.0908688342666,36.86853960471595,123,1.0848731856561815,0.1862489258585637,3.1496062992125986,1.4735761369091147,2.4908688342665926,0.06853960471595144,119,20,4,4,0.967479674796748,0.8333333333333334,0.9004065040650406,0.9004065040650406,0.9455782312925171,0
train,accepted,hard170,0,studio_M1.wav,116.9188967270982,25.857462356372963,85,0.016164864925744045,2.055066831920589,3.658536585365854,1.9099227607373956,0.018896727098194788,0.5425376436270355,81,21,4,13,0.8617021276595744,0.84,0.8508510638297873,0.8084461698702774,0.8571428571428571,0
train,candidate,hard170,0,studio_M1.wav,116.9188967270982,25.857462356372963,85,0.016164864925744045,2.055066831920589,3.658536585365854,1.9099227607373956,0.018896727098194788,0.5425376436270355,81,21,4,13,0.8617021276595744,0.84,0.8508510638297873,0.8084461698702774,0.8571428571428571,0
lofo,accepted,hard170,0,phone_F1.wav,216.1496309153302,20.58153572377531,147,0.2549308512663256,0.08963240885772297,0.6756756756756757,0.3400796452665748,0.5496309153301979,0.018464276224690934,144,66,3,9,0.9411764705882353,0.9565217391304348,0.948849104859335,0.9383333333333332,0.9459459459459459,0
lofo,candidate,hard170,0,phone_F1.wav,216.1496309153302,20.58153572377531,147,0.2549308512663256,0.08963240885772297,0.6756756756756757,0.3400796452665748,0.5496309153301979,0.018464276224690934,144,66,3,9,0.9411764705882353,0.9565217391304348,0.948849104859335,0.9383333333333332,0.9459459459459459,0
lofo,accepted,hard170,0,phone_M1.wav,122.47693293792135,16.95265840357317,233,0.9887365093602711,0.9086809736498225,0.43103448275862066,0.776150655256238,1.2230670620786555,0.15265840357317018,231,60,2,13,0.9467213114754098,0.967741935483871,0.9572316234796404,0.9287211740041929,0.9509803921568627,0
lofo,candidate,hard170,0,phone_M1.wav,122.47693293792135,16.95265840357317,233,0.9887365093602711,0.9086809736498225,0.43103448275862066,0.776150655256238,1.2230670620786555,0.15265840357317018,231,60,2,13,0.9467213114754098,0.967741935483871,0.9572316234796404,0.9287211740041929,0.9509803921568627,0
lofo,accepted,hard170,0,studio_F1.wav,232.0908688342666,36.86853960471595,123,1.0848731856561815,0.1862489258585637,3.1496062992125986,1.4735761369091147,2.4908688342665926,0.06853960471595144,119,20,4,4,0.967479674796748,0.8333333333333334,0.9004065040650406,0.9004065040650406,0.9455782312925171,0
lofo,candidate,hard170,0,studio_F1.wav,232.0908688342666,36.86853960471595,123,1.0848731856561815,0.1862489258585637,3.1496062992125986,1.4735761369091147,2.4908688342665926,0.06853960471595144,119,20,4,4,0.967479674796748,0.8333333333333334,0.9004065040650406,0.9004065040650406,0.9455782312925171,0
lofo,accepted,hard170,0,studio_M1.wav,116.9188967270982,25.857462356372963,85,0.016164864925744045,2.055066831920589,3.658536585365854,1.9099227607373956,0.018896727098194788,0.5425376436270355,81,21,4,13,0.8617021276595744,0.84,0.8508510638297873,0.8084461698702774,0.8571428571428571,0
lofo,candidate,hard170,0,studio_M1.wav,116.9188967270982,25.857462356372963,85,0.016164864925744045,2.055066831920589,3.658536585365854,1.9099227607373956,0.018896727098194788,0.5425376436270355,81,21,4,13,0.8617021276595744,0.84,0.8508510638297873,0.8084461698702774,0.8571428571428571,0
nested,accepted,hard170,0,phone_F1.wav,216.1496309153302,20.58153572377531,147,0.2549308512663256,0.08963240885772297,0.6756756756756757,0.3400796452665748,0.5496309153301979,0.018464276224690934,144,66,3,9,0.9411764705882353,0.9565217391304348,0.948849104859335,0.9383333333333332,0.9459459459459459,0
nested,candidate,hard170,0,phone_F1.wav,216.1496309153302,20.58153572377531,147,0.2549308512663256,0.08963240885772297,0.6756756756756757,0.3400796452665748,0.5496309153301979,0.018464276224690934,144,66,3,9,0.9411764705882353,0.9565217391304348,0.948849104859335,0.9383333333333332,0.9459459459459459,0
nested,accepted,hard170,0,phone_M1.wav,122.47693293792135,16.95265840357317,233,0.9887365093602711,0.9086809736498225,0.43103448275862066,0.776150655256238,1.2230670620786555,0.15265840357317018,231,60,2,13,0.9467213114754098,0.967741935483871,0.9572316234796404,0.9287211740041929,0.9509803921568627,0
nested,candidate,hard170,0,phone_M1.wav,122.47693293792135,16.95265840357317,233,0.9887365093602711,0.9086809736498225,0.43103448275862066,0.776150655256238,1.2230670620786555,0.15265840357317018,231,60,2,13,0.9467213114754098,0.967741935483871,0.9572316234796404,0.9287211740041929,0.9509803921568627,0
nested,accepted,hard170,0,studio_F1.wav,232.0908688342666,36.86853960471595,123,1.0848731856561815,0.1862489258585637,3.1496062992125986,1.4735761369091147,2.4908688342665926,0.06853960471595144,119,20,4,4,0.967479674796748,0.8333333333333334,0.9004065040650406,0.9004065040650406,0.9455782312925171,0
nested,candidate,hard170,0,studio_F1.wav,232.0908688342666,36.86853960471595,123,1.0848731856561815,0.1862489258585637,3.1496062992125986,1.4735761369091147,2.4908688342665926,0.06853960471595144,119,20,4,4,0.967479674796748,0.8333333333333334,0.9004065040650406,0.9004065040650406,0.9455782312925171,0
nested,accepted,hard170,0,studio_M1.wav,116.9188967270982,25.857462356372963,85,0.016164864925744045,2.055066831920589,3.658536585365854,1.9099227607373956,0.018896727098194788,0.5425376436270355,81,21,4,13,0.8617021276595744,0.84,0.8508510638297873,0.8084461698702774,0.8571428571428571,0
nested,candidate,hard170,0,studio_M1.wav,116.9188967270982,25.857462356372963,85,0.016164864925744045,2.055066831920589,3.658536585365854,1.9099227607373956,0.018896727098194788,0.5425376436270355,81,21,4,13,0.8617021276595744,0.84,0.8508510638297873,0.8084461698702774,0.8571428571428571,0
