stage,file,seed,option_id,average_mape,F0mean,F0std,F0num,F0mean_mape,F0std_mape,F0num_mape,F0mean_abs_error,F0std_abs_error,macro_f1,recall_v,recall_uv,balanced_accuracy,false_voiced_sil,recovered
train,phone_F1.wav,11,hard170,0.3400796452665748,216.1496309153302,20.58153572377531,147,0.2549308512663256,0.08963240885772297,0.6756756756756757,0.5496309153301979,0.018464276224690934,0.9383333333333332,0.9411764705882353,0.9565217391304348,0.948849104859335,0,0
train,phone_F1.wav,11,recovery_acf,0.3400796452665748,216.1496309153302,20.58153572377531,147,0.2549308512663256,0.08963240885772297,0.6756756756756757,0.5496309153301979,0.018464276224690934,0.9383333333333332,0.9411764705882353,0.9565217391304348,0.948849104859335,0,0
train,phone_F1.wav,11,recovery_bound_200,0.3400796452665748,216.1496309153302,20.58153572377531,147,0.2549308512663256,0.08963240885772297,0.6756756756756757,0.5496309153301979,0.018464276224690934,0.9383333333333332,0.9411764705882353,0.9565217391304348,0.948849104859335,0,0
train,phone_F1.wav,29,hard170,0.3400796452665748,216.1496309153302,20.58153572377531,147,0.2549308512663256,0.08963240885772297,0.6756756756756757,0.5496309153301979,0.018464276224690934,0.9383333333333332,0.9411764705882353,0.9565217391304348,0.948849104859335,0,0
train,phone_F1.wav,29,recovery_acf,0.3400796452665748,216.1496309153302,20.58153572377531,147,0.2549308512663256,0.08963240885772297,0.6756756756756757,0.5496309153301979,0.018464276224690934,0.9383333333333332,0.9411764705882353,0.9565217391304348,0.948849104859335,0,0
train,phone_F1.wav,29,recovery_bound_200,0.3400796452665748,216.1496309153302,20.58153572377531,147,0.2549308512663256,0.08963240885772297,0.6756756756756757,0.5496309153301979,0.018464276224690934,0.9383333333333332,0.9411764705882353,0.9565217391304348,0.948849104859335,0,0
train,phone_F1.wav,47,hard170,0.3400796452665748,216.1496309153302,20.58153572377531,147,0.2549308512663256,0.08963240885772297,0.6756756756756757,0.5496309153301979,0.018464276224690934,0.9383333333333332,0.9411764705882353,0.9565217391304348,0.948849104859335,0,0
train,phone_F1.wav,47,recovery_acf,0.3400796452665748,216.1496309153302,20.58153572377531,147,0.2549308512663256,0.08963240885772297,0.6756756756756757,0.5496309153301979,0.018464276224690934,0.9383333333333332,0.9411764705882353,0.9565217391304348,0.948849104859335,0,0
train,phone_F1.wav,47,recovery_bound_200,0.3400796452665748,216.1496309153302,20.58153572377531,147,0.2549308512663256,0.08963240885772297,0.6756756756756757,0.5496309153301979,0.018464276224690934,0.9383333333333332,0.9411764705882353,0.9565217391304348,0.948849104859335,0,0
train,phone_M1.wav,11,hard170,0.776150655256238,122.47693293792135,16.95265840357317,233,0.9887365093602711,0.9086809736498225,0.43103448275862066,1.2230670620786555,0.15265840357317018,0.9287211740041929,0.9467213114754098,0.967741935483871,0.9572316234796404,0,0
train,phone_M1.wav,11,recovery_acf,4.007407312771105,122.97990471022958,18.577107794270944,234,0.5821303878499813,10.57802258494609,0.8620689655172413,0.7200952897704269,1.7771077942709432,0.9331168425654156,0.9508196721311475,0.967741935483871,0.9592808038075092,0,1
train,phone_M1.wav,11,recovery_bound_200,1.0482316953509552,122.3651739250843,17.002195189393206,234,1.079083326528453,1.2035427940071715,0.8620689655172413,1.3348260749156964,0.2021951893932048,0.9331168425654156,0.9508196721311475,0.967741935483871,0.9592808038075092,0,1
train,phone_M1.wav,29,hard170,0.776150655256238,122.47693293792135,16.95265840357317,233,0.9887365093602711,0.9086809736498225,0.43103448275862066,1.2230670620786555,0.15265840357317018,0.9287211740041929,0.9467213114754098,0.967741935483871,0.9572316234796404,0,0
train,phone_M1.wav,29,recovery_acf,4.007407312771105,122.97990471022958,18.577107794270944,234,0.5821303878499813,10.57802258494609,0.8620689655172413,0.7200952897704269,1.7771077942709432,0.9331168425654156,0.9508196721311475,0.967741935483871,0.9592808038075092,0,1
train,phone_M1.wav,29,recovery_bound_200,1.0482316953509552,122.3651739250843,17.002195189393206,234,1.079083326528453,1.2035427940071715,0.8620689655172413,1.3348260749156964,0.2021951893932048,0.9331168425654156,0.9508196721311475,0.967741935483871,0.9592808038075092,0,1
train,phone_M1.wav,47,hard170,0.776150655256238,122.47693293792135,16.95265840357317,233,0.9887365093602711,0.9086809736498225,0.43103448275862066,1.2230670620786555,0.15265840357317018,0.9287211740041929,0.9467213114754098,0.967741935483871,0.9572316234796404,0,0
train,phone_M1.wav,47,recovery_acf,4.007407312771105,122.97990471022958,18.577107794270944,234,0.5821303878499813,10.57802258494609,0.8620689655172413,0.7200952897704269,1.7771077942709432,0.9331168425654156,0.9508196721311475,0.967741935483871,0.9592808038075092,0,1
train,phone_M1.wav,47,recovery_bound_200,1.0482316953509552,122.3651739250843,17.002195189393206,234,1.079083326528453,1.2035427940071715,0.8620689655172413,1.3348260749156964,0.2021951893932048,0.9331168425654156,0.9508196721311475,0.967741935483871,0.9592808038075092,0,1
train,studio_F1.wav,11,hard170,1.4735761369091147,232.0908688342666,36.86853960471595,123,1.0848731856561815,0.1862489258585637,3.1496062992125986,2.4908688342665926,0.06853960471595144,0.9004065040650406,0.967479674796748,0.8333333333333334,0.9004065040650406,0,0
train,studio_F1.wav,11,recovery_acf,3.13505167551359,230.37842628782846,39.556804301721954,125,0.33903583964654466,7.491316037287926,1.5748031496062993,0.7784262878284665,2.7568043017219566,0.8969144460028051,0.975609756097561,0.7916666666666666,0.8836382113821137,0,2
train,studio_F1.wav,11,recovery_bound_200,0.8995907806969564,231.6998993298991,36.877051432258156,125,0.9145903004787032,0.20937889200586693,1.5748031496062993,2.0998993298991024,0.07705143225815902,0.8969144460028051,0.975609756097561,0.7916666666666666,0.8836382113821137,0,2
train,studio_F1.wav,29,hard170,1.4735761369091147,232.0908688342666,36.86853960471595,123,1.0848731856561815,0.1862489258585637,3.1496062992125986,2.4908688342665926,0.06853960471595144,0.9004065040650406,0.967479674796748,0.8333333333333334,0.9004065040650406,0,0
train,studio_F1.wav,29,recovery_acf,3.13505167551359,230.37842628782846,39.556804301721954,125,0.33903583964654466,7.491316037287926,1.5748031496062993,0.7784262878284665,2.7568043017219566,0.8969144460028051,0.975609756097561,0.7916666666666666,0.8836382113821137,0,2
train,studio_F1.wav,29,recovery_bound_200,0.8995907806969564,231.6998993298991,36.877051432258156,125,0.9145903004787032,0.20937889200586693,1.5748031496062993,2.0998993298991024,0.07705143225815902,0.8969144460028051,0.975609756097561,0.7916666666666666,0.8836382113821137,0,2
train,studio_F1.wav,47,hard170,1.4735761369091147,232.0908688342666,36.86853960471595,123,1.0848731856561815,0.1862489258585637,3.1496062992125986,2.4908688342665926,0.06853960471595144,0.9004065040650406,0.967479674796748,0.8333333333333334,0.9004065040650406,0,0
train,studio_F1.wav,47,recovery_acf,3.13505167551359,230.37842628782846,39.556804301721954,125,0.33903583964654466,7.491316037287926,1.5748031496062993,0.7784262878284665,2.7568043017219566,0.8969144460028051,0.975609756097561,0.7916666666666666,0.8836382113821137,0,2
train,studio_F1.wav,47,recovery_bound_200,0.8995907806969564,231.6998993298991,36.877051432258156,125,0.9145903004787032,0.20937889200586693,1.5748031496062993,2.0998993298991024,0.07705143225815902,0.8969144460028051,0.975609756097561,0.7916666666666666,0.8836382113821137,0,2
train,studio_M1.wav,11,hard170,1.9099227607373956,116.9188967270982,25.857462356372963,85,0.016164864925744045,2.055066831920589,3.658536585365854,0.018896727098194788,0.5425376436270355,0.8084461698702774,0.8617021276595744,0.84,0.8508510638297873,0,0
train,studio_M1.wav,11,recovery_acf,2.399893094524087,116.62486728550057,25.849223881341263,86,0.23535732634682197,2.0862731767376337,4.878048780487805,0.2751327144994349,0.5507761186587352,0.8176245210727969,0.8723404255319149,0.84,0.8561702127659574,0,1
train,studio_M1.wav,11,recovery_bound_200,2.399893094524087,116.62486728550057,25.849223881341263,86,0.23535732634682197,2.0862731767376337,4.878048780487805,0.2751327144994349,0.5507761186587352,0.8176245210727969,0.8723404255319149,0.84,0.8561702127659574,0,1
train,studio_M1.wav,29,hard170,1.9099227607373956,116.9188967270982,25.857462356372963,85,0.016164864925744045,2.055066831920589,3.658536585365854,0.018896727098194788,0.5425376436270355,0.8084461698702774,0.8617021276595744,0.84,0.8508510638297873,0,0
train,studio_M1.wav,29,recovery_acf,2.399893094524087,116.62486728550057,25.849223881341263,86,0.23535732634682197,2.0862731767376337,4.878048780487805,0.2751327144994349,0.5507761186587352,0.8176245210727969,0.8723404255319149,0.84,0.8561702127659574,0,1
train,studio_M1.wav,29,recovery_bound_200,2.399893094524087,116.62486728550057,25.849223881341263,86,0.23535732634682197,2.0862731767376337,4.878048780487805,0.2751327144994349,0.5507761186587352,0.8176245210727969,0.8723404255319149,0.84,0.8561702127659574,0,1
train,studio_M1.wav,47,hard170,1.9099227607373956,116.9188967270982,25.857462356372963,85,0.016164864925744045,2.055066831920589,3.658536585365854,0.018896727098194788,0.5425376436270355,0.8084461698702774,0.8617021276595744,0.84,0.8508510638297873,0,0
train,studio_M1.wav,47,recovery_acf,2.399893094524087,116.62486728550057,25.849223881341263,86,0.23535732634682197,2.0862731767376337,4.878048780487805,0.2751327144994349,0.5507761186587352,0.8176245210727969,0.8723404255319149,0.84,0.8561702127659574,0,1
train,studio_M1.wav,47,recovery_bound_200,2.399893094524087,116.62486728550057,25.849223881341263,86,0.23535732634682197,2.0862731767376337,4.878048780487805,0.2751327144994349,0.5507761186587352,0.8176245210727969,0.8723404255319149,0.84,0.8561702127659574,0,1
test,phone_F2.wav,11,hard170,4.197313424641423,147.92244974657174,33.96002508772856,220,1.5163450422291913,10.618974227128865,0.45662100456621,2.2775502534282452,3.260025087728561,0.8708164318902574,0.9063829787234042,0.8955223880597015,0.9009526833915529,0,0
test,phone_F2.wav,11,recovery_acf,5.016026033327365,147.37405372253377,34.32160516918401,222,1.881455577540756,11.796759508742708,1.36986301369863,2.8259462774662154,3.6216051691840114,0.8786227839056848,0.9148936170212766,0.8955223880597015,0.905208002540489,0,2
test,phone_F2.wav,11,recovery_bound_200,5.016026033327365,147.37405372253377,34.32160516918401,222,1.881455577540756,11.796759508742708,1.36986301369863,2.8259462774662154,3.6216051691840114,0.8786227839056848,0.9148936170212766,0.8955223880597015,0.905208002540489,0,2
test,phone_F2.wav,29,hard170,4.197313424641423,147.92244974657174,33.96002508772856,220,1.5163450422291913,10.618974227128865,0.45662100456621,2.2775502534282452,3.260025087728561,0.8708164318902574,0.9063829787234042,0.8955223880597015,0.9009526833915529,0,0
test,phone_F2.wav,29,recovery_acf,5.016026033327365,147.37405372253377,34.32160516918401,222,1.881455577540756,11.796759508742708,1.36986301369863,2.8259462774662154,3.6216051691840114,0.8786227839056848,0.9148936170212766,0.8955223880597015,0.905208002540489,0,2
test,phone_F2.wav,29,recovery_bound_200,5.016026033327365,147.37405372253377,34.32160516918401,222,1.881455577540756,11.796759508742708,1.36986301369863,2.8259462774662154,3.6216051691840114,0.8786227839056848,0.9148936170212766,0.8955223880597015,0.905208002540489,0,2
test,phone_F2.wav,47,hard170,4.197313424641423,147.92244974657174,33.96002508772856,220,1.5163450422291913,10.618974227128865,0.45662100456621,2.2775502534282452,3.260025087728561,0.8708164318902574,0.9063829787234042,0.8955223880597015,0.9009526833915529,0,0
test,phone_F2.wav,47,recovery_acf,5.016026033327365,147.37405372253377,34.32160516918401,222,1.881455577540756,11.796759508742708,1.36986301369863,2.8259462774662154,3.6216051691840114,0.8786227839056848,0.9148936170212766,0.8955223880597015,0.905208002540489,0,2
test,phone_F2.wav,47,recovery_bound_200,5.016026033327365,147.37405372253377,34.32160516918401,222,1.881455577540756,11.796759508742708,1.36986301369863,2.8259462774662154,3.6216051691840114,0.8786227839056848,0.9148936170212766,0.8955223880597015,0.905208002540489,0,2
test,phone_M2.wav,11,hard170,6.833750011939757,129.04878622905363,17.5446046716067,130,0.8841887641677082,13.926004361082457,5.691056910569106,1.151213770946356,2.1446046716066984,0.977498869289914,0.9701492537313433,1.0,0.9850746268656716,0,0
test,phone_M2.wav,11,recovery_acf,8.351675090327955,128.78733866016043,17.964555647758885,132,1.08499334857109,16.65295875168107,7.317073170731708,1.412661339839559,2.564555647758885,0.9773296878560036,0.9776119402985075,0.9846153846153847,0.9811136624569461,0,2
test,phone_M2.wav,11,recovery_bound_200,8.351675090327955,128.78733866016043,17.964555647758885,132,1.08499334857109,16.65295875168107,7.317073170731708,1.412661339839559,2.564555647758885,0.9773296878560036,0.9776119402985075,0.9846153846153847,0.9811136624569461,0,2
test,phone_M2.wav,29,hard170,6.833750011939757,129.04878622905363,17.5446046716067,130,0.8841887641677082,13.926004361082457,5.691056910569106,1.151213770946356,2.1446046716066984,0.977498869289914,0.9701492537313433,1.0,0.9850746268656716,0,0
test,phone_M2.wav,29,recovery_acf,8.351675090327955,128.78733866016043,17.964555647758885,132,1.08499334857109,16.65295875168107,7.317073170731708,1.412661339839559,2.564555647758885,0.9773296878560036,0.9776119402985075,0.9846153846153847,0.9811136624569461,0,2
test,phone_M2.wav,29,recovery_bound_200,8.351675090327955,128.78733866016043,17.964555647758885,132,1.08499334857109,16.65295875168107,7.317073170731708,1.412661339839559,2.564555647758885,0.9773296878560036,0.9776119402985075,0.9846153846153847,0.9811136624569461,0,2
test,phone_M2.wav,47,hard170,6.833750011939757,129.04878622905363,17.5446046716067,130,0.8841887641677082,13.926004361082457,5.691056910569106,1.151213770946356,2.1446046716066984,0.977498869289914,0.9701492537313433,1.0,0.9850746268656716,0,0
test,phone_M2.wav,47,recovery_acf,8.351675090327955,128.78733866016043,17.964555647758885,132,1.08499334857109,16.65295875168107,7.317073170731708,1.412661339839559,2.564555647758885,0.9773296878560036,0.9776119402985075,0.9846153846153847,0.9811136624569461,0,2
test,phone_M2.wav,47,recovery_bound_200,8.351675090327955,128.78733866016043,17.964555647758885,132,1.08499334857109,16.65295875168107,7.317073170731708,1.412661339839559,2.564555647758885,0.9773296878560036,0.9776119402985075,0.9846153846153847,0.9811136624569461,0,2
test,studio_F2.wav,11,hard170,5.063461750390572,198.54699645278168,42.61506235027782,133,0.026688593765513663,10.847149894816276,4.316546762589928,0.05300354721831013,5.18493764972218,0.8814814814814815,0.948905109489051,0.8695652173913043,0.9092351634401776,0,0
test,studio_F2.wav,11,recovery_acf,4.179889678092753,198.31188793930968,42.9070370697219,136,0.14507153106259296,10.2363241219207,2.158273381294964,0.2881120606903096,4.892962930278095,0.9127114020731042,0.9708029197080292,0.8695652173913043,0.9201840685496667,0,3
test,studio_F2.wav,11,recovery_bound_200,3.437002198450506,199.7872471752262,44.188745864948906,136,0.5978082453304223,7.554924968726133,2.158273381294964,1.1872471752262186,3.611254135051091,0.9127114020731042,0.9708029197080292,0.8695652173913043,0.9201840685496667,0,3
test,studio_F2.wav,29,hard170,5.063461750390572,198.54699645278168,42.61506235027782,133,0.026688593765513663,10.847149894816276,4.316546762589928,0.05300354721831013,5.18493764972218,0.8814814814814815,0.948905109489051,0.8695652173913043,0.9092351634401776,0,0
test,studio_F2.wav,29,recovery_acf,4.179889678092753,198.31188793930968,42.9070370697219,136,0.14507153106259296,10.2363241219207,2.158273381294964,0.2881120606903096,4.892962930278095,0.9127114020731042,0.9708029197080292,0.8695652173913043,0.9201840685496667,0,3
test,studio_F2.wav,29,recovery_bound_200,3.437002198450506,199.7872471752262,44.188745864948906,136,0.5978082453304223,7.554924968726133,2.158273381294964,1.1872471752262186,3.611254135051091,0.9127114020731042,0.9708029197080292,0.8695652173913043,0.9201840685496667,0,3
test,studio_F2.wav,47,hard170,5.063461750390572,198.54699645278168,42.61506235027782,133,0.026688593765513663,10.847149894816276,4.316546762589928,0.05300354721831013,5.18493764972218,0.8814814814814815,0.948905109489051,0.8695652173913043,0.9092351634401776,0,0
test,studio_F2.wav,47,recovery_acf,4.179889678092753,198.31188793930968,42.9070370697219,136,0.14507153106259296,10.2363241219207,2.158273381294964,0.2881120606903096,4.892962930278095,0.9127114020731042,0.9708029197080292,0.8695652173913043,0.9201840685496667,0,3
test,studio_F2.wav,47,recovery_bound_200,3.437002198450506,199.7872471752262,44.188745864948906,136,0.5978082453304223,7.554924968726133,2.158273381294964,1.1872471752262186,3.611254135051091,0.9127114020731042,0.9708029197080292,0.8695652173913043,0.9201840685496667,0,3
test,studio_M2.wav,11,hard170,2.114790835039559,155.20910235852202,29.522197012328643,120,0.32909008307823434,2.567006559971477,3.4482758620689653,0.5091023585220285,0.7778029876713575,0.8508064516129032,0.921875,0.9,0.9109375,0,0
test,studio_M2.wav,11,recovery_acf,2.899712136144874,155.20092459560027,29.329515621870677,122,0.32380387563043406,3.2029187397007397,5.172413793103448,0.5009245956002815,0.9704843781293242,0.8455652173913043,0.9296875,0.85,0.88984375,0,2
test,studio_M2.wav,11,recovery_bound_200,2.899712136144874,155.20092459560027,29.329515621870677,122,0.32380387563043406,3.2029187397007397,5.172413793103448,0.5009245956002815,0.9704843781293242,0.8455652173913043,0.9296875,0.85,0.88984375,0,2
test,studio_M2.wav,29,hard170,2.114790835039559,155.20910235852202,29.522197012328643,120,0.32909008307823434,2.567006559971477,3.4482758620689653,0.5091023585220285,0.7778029876713575,0.8508064516129032,0.921875,0.9,0.9109375,0,0
test,studio_M2.wav,29,recovery_acf,2.899712136144874,155.20092459560027,29.329515621870677,122,0.32380387563043406,3.2029187397007397,5.172413793103448,0.5009245956002815,0.9704843781293242,0.8455652173913043,0.9296875,0.85,0.88984375,0,2
test,studio_M2.wav,29,recovery_bound_200,2.899712136144874,155.20092459560027,29.329515621870677,122,0.32380387563043406,3.2029187397007397,5.172413793103448,0.5009245956002815,0.9704843781293242,0.8455652173913043,0.9296875,0.85,0.88984375,0,2
test,studio_M2.wav,47,hard170,2.114790835039559,155.20910235852202,29.522197012328643,120,0.32909008307823434,2.567006559971477,3.4482758620689653,0.5091023585220285,0.7778029876713575,0.8508064516129032,0.921875,0.9,0.9109375,0,0
test,studio_M2.wav,47,recovery_acf,2.899712136144874,155.20092459560027,29.329515621870677,122,0.32380387563043406,3.2029187397007397,5.172413793103448,0.5009245956002815,0.9704843781293242,0.8455652173913043,0.9296875,0.85,0.88984375,0,2
test,studio_M2.wav,47,recovery_bound_200,2.899712136144874,155.20092459560027,29.329515621870677,122,0.32380387563043406,3.2029187397007397,5.172413793103448,0.5009245956002815,0.9704843781293242,0.8455652173913043,0.9296875,0.85,0.88984375,0,2
