stage,file,frame,time,label,score,removed_f0,nearest_boundary_ms
train,phone_F1.wav,120,1.2125,v,0.24376082639136679,207.0692283823941,2.4999999999999467
train,phone_F1.wav,121,1.2225,v,0.24325804571325618,191.97179323022536,12.499999999999956
train,phone_F1.wav,144,1.4525,v,0.24327193679000622,218.46944793880544,2.4999999999999467
train,phone_F1.wav,157,1.5825,v,0.24326075908948674,186.21894280849608,17.50000000000007
train,phone_F1.wav,158,1.5925,v,0.2432576020199255,242.94006543595967,7.500000000000062
train,phone_F1.wav,159,1.6025,uv,0.24396929330918618,235.40501108968257,2.4999999999999467
train,phone_F1.wav,160,1.6125,uv,0.2432525089537265,235.63628994362972,12.499999999999956
train,phone_F1.wav,183,1.8425,v,0.24360822979734678,224.47460592859062,12.499999999999956
train,phone_F1.wav,227,2.2825,v,0.24328710285374822,233.06797257096088,2.500000000000391
train,phone_F1.wav,244,2.4525,v,0.24332998362642783,192.36891091726258,52.50000000000021
train,phone_F1.wav,245,2.4625,v,0.22657704177152713,217.373560393574,57.50000000000011
train,phone_F1.wav,246,2.4725,v,0.24327587728144057,191.54770254314684,47.49999999999987
train,phone_F1.wav,249,2.5025,v,0.2432426439158141,211.06278024694768,17.50000000000007
train,phone_F1.wav,265,2.6625,v,0.24338445269167716,204.232746442535,2.4999999999999467
train,phone_M1.wav,46,0.4725,v,0.24304449447061863,140.61140022952898,12.499999999999956
train,phone_M1.wav,64,0.6525,v,0.2495966490780684,137.27781758679075,192.49999999999994
train,phone_M1.wav,90,0.9125,v,0.2429844789646235,139.0919775933245,452.49999999999994
train,phone_M1.wav,91,0.9225,v,0.03506265028910659,133.2138283390675,462.49999999999994
train,phone_M1.wav,92,0.9325,v,0.1904998701087082,133.47013230100293,457.4999999999999
train,phone_M1.wav,93,0.9425,v,0.2477919000898821,135.09107990412252,447.4999999999999
train,phone_M1.wav,112,1.1325,v,0.24197704868809874,139.27045093983946,257.49999999999983
train,phone_M1.wav,121,1.2225,v,0.24435323774325235,141.50403472079816,167.49999999999997
train,phone_M1.wav,137,1.3825,v,0.20733757586843113,148.11189965784035,7.49999999999984
train,phone_M1.wav,149,1.5025,v,0.24316936035236963,119.23040745677676,2.4999999999999467
train,phone_M1.wav,159,1.6025,v,0.2443632146485475,112.38966519933976,87.49999999999991
train,phone_M1.wav,166,1.6725,v,0.24306116171110942,114.79784100300276,17.49999999999985
train,phone_M1.wav,167,1.6825,v,0.24352601110048613,112.48648752783402,7.49999999999984
train,phone_M1.wav,168,1.6925,uv,0.24302636869078695,113.72006026255401,2.4999999999999467
train,phone_M1.wav,178,1.7925,v,0.24303349168929136,118.71237286304867,2.4999999999999467
train,phone_M1.wav,201,2.0225,v,0.24303547566494613,102.41908391983722,232.49999999999994
train,phone_M1.wav,203,2.0425,v,0.2430489678767136,101.44537268993899,252.49999999999994
train,phone_M1.wav,206,2.0725,v,0.24431537205646633,104.29427895441685,282.4999999999998
train,phone_M1.wav,207,2.0825,v,0.24337952373409083,106.91052638484442,292.5
train,phone_M1.wav,208,2.0925,v,0.24893547893629822,108.28548458580146,302.4999999999998
train,phone_M1.wav,211,2.1225,v,0.24327602070520604,108.68880556411654,332.5
train,phone_M1.wav,212,2.1325,v,0.24288589979743233,112.4885359182962,342.49999999999983
train,phone_M1.wav,213,2.1425,v,0.19618771114310563,121.22513083615078,352.50000000000006
train,phone_M1.wav,214,2.1525,v,0.24224320912325076,125.9582016301792,362.49999999999983
train,phone_M1.wav,219,2.2025,v,0.24355885719158196,121.77149717229747,412.5000000000001
train,phone_M1.wav,220,2.2125,v,0.24292246510823698,120.53340426110351,422.4999999999999
train,phone_M1.wav,221,2.2225,v,0.24894896462310756,120.19262051230776,432.5000000000001
train,phone_M1.wav,222,2.2325,v,0.2428439195699699,118.32377943103339,442.4999999999999
train,phone_M1.wav,223,2.2425,v,0.245603960660888,117.48548169616656,452.5000000000001
train,phone_M1.wav,224,2.2525,v,0.24137547204922793,116.43248635174433,462.4999999999999
train,phone_M1.wav,225,2.2625,v,0.2427285285029212,115.17158322287533,472.5000000000001
train,phone_M1.wav,226,2.2725,v,0.2429550311516785,114.8877726677132,482.49999999999994
train,phone_M1.wav,227,2.2825,v,0.2432064731052426,114.35637775101226,492.50000000000017
train,phone_M1.wav,228,2.2925,v,0.24241917064362783,113.37764934938492,487.49999999999983
train,phone_M1.wav,229,2.3025,v,0.23713643255914887,111.75821289757964,477.4999999999996
train,phone_M1.wav,230,2.3125,v,0.24281404187671446,111.4764353683385,467.49999999999983
train,phone_M1.wav,231,2.3225,v,0.2432217133228533,109.8129269930601,457.5
train,phone_M1.wav,232,2.3325,v,0.24243012652418378,109.53171099417085,447.4999999999998
train,phone_M1.wav,233,2.3425,v,0.243195251755054,109.60150192519804,437.5
train,phone_M1.wav,240,2.4125,v,0.24303336083869978,118.69867267462277,367.4999999999997
train,phone_M1.wav,249,2.5025,v,0.2430195824126656,110.33510582319578,277.4999999999999
train,phone_M1.wav,250,2.5125,v,0.24403877413390268,110.90302432190406,267.4999999999996
train,phone_M1.wav,251,2.5225,v,0.24303919341957353,111.19728472074651,257.49999999999983
train,phone_M1.wav,252,2.5325,v,0.2414951017674575,110.64831399706564,247.4999999999996
train,phone_M1.wav,253,2.5425,v,0.23816363686585143,111.18540295634656,237.49999999999983
train,phone_M1.wav,254,2.5525,v,0.03600046178145248,109.3645320285213,227.4999999999996
train,phone_M1.wav,255,2.5625,v,0.07215624563843542,109.55492082276245,217.4999999999998
train,phone_M1.wav,256,2.5725,v,0.07071651398491578,108.35040061768765,207.50000000000003
train,phone_M1.wav,257,2.5825,v,0.2206489632915267,108.58230211321587,197.49999999999977
train,phone_M1.wav,258,2.5925,v,0.239144875781674,108.07437149074819,187.5
train,phone_M1.wav,270,2.7125,v,0.24304371365985353,111.95421419273394,67.49999999999989
train,phone_M1.wav,286,2.8725,v,0.24288504996864177,134.94177461351055,12.500000000000178
train,phone_M1.wav,289,2.9025,v,0.22808215657872452,135.56390282023048,27.500000000000302
train,phone_M1.wav,290,2.9125,v,0.021708802721145795,136.51759750395084,17.50000000000007
train,phone_M1.wav,291,2.9225,v,0.021623431447310826,138.19315337122865,7.500000000000284
train,phone_M1.wav,309,3.1025,v,0.24300115397682134,111.06561920424248,2.4999999999999467
train,phone_M1.wav,310,3.1125,v,0.24303149144627303,92.65515404521004,12.499999999999734
train,phone_M1.wav,311,3.1225,v,0.24390796349454066,99.81372717963758,22.499999999999964
train,phone_M1.wav,317,3.1825,v,0.2429828167178493,101.49544437530486,82.50000000000001
train,phone_M1.wav,326,3.2725,v,0.2434107626264866,110.81949938859171,17.50000000000007
train,phone_M1.wav,327,3.2825,v,0.24302369683227731,111.58735576198498,7.49999999999984
train,phone_M1.wav,343,3.4425,uv,0.02113458851607325,138.0437578402067,7.500000000000284
train,phone_M1.wav,344,3.4525,v,0.13417122461500594,117.55825286079047,2.4999999999999467
train,phone_M1.wav,345,3.4625,v,0.24250731748751544,116.92404410812499,12.499999999999734
train,phone_M1.wav,346,3.4725,v,0.1482022732963784,112.78874015003151,22.499999999999964
train,phone_M1.wav,347,3.4825,v,0.02335832974009903,108.91503630531122,32.49999999999975
train,phone_M1.wav,348,3.4925,v,0.18859050406634292,105.5714102805694,27.499999999999858
train,phone_M1.wav,349,3.5025,v,0.24289887589269243,102.54203393194399,17.50000000000007
train,phone_M1.wav,350,3.5125,v,0.24298396903260422,95.82837727409543,7.49999999999984
train,studio_F1.wav,68,0.6924943310657596,uv,0.06053054814427232,267.5060844537619,7.505668934240317
train,studio_F1.wav,69,0.7024943310657596,v,0.06053048043235835,270.32276451967675,2.4943310657596918
train,studio_F1.wav,70,0.7124943310657597,v,0.06053292919850281,269.66510319485417,12.4943310657597
train,studio_F1.wav,71,0.7224943310657597,v,0.06372956664633761,266.1752077688139,22.49433106575971
train,studio_F1.wav,125,1.2624943310657597,uv,0.06063630593220582,308.1821430057199,7.505668934240317
train,studio_M1.wav,91,0.9224943310657596,uv,0.07150816376901749,159.95183766823317,17.505668934240326
test,phone_F2.wav,272,2.7325,uv,0.047345031660546294,74.91875209608368,17.50000000000007
test,phone_F2.wav,325,3.2625,v,0.052527803861631424,122.89283547644692,77.49999999999969
test,phone_F2.wav,336,3.3725,uv,0.0555896184911422,175.92961721257376,7.49999999999984
test,phone_F2.wav,389,3.9025,uv,0.04729032196929344,187.9924458253941,7.500000000000284
test,phone_F2.wav,390,3.9125,v,0.050332786958315216,159.88716110564962,2.4999999999999467
test,studio_F2.wav,181,1.8224943310657595,uv,0.04729032196929344,263.7028752361881,7.505668934240539
test,studio_M2.wav,136,1.3724943310657596,v,0.051026392639095176,174.3128258587523,2.4943310657594697
