model_id,fit_pool,seed,initial_v,count_00,p_00,count_01,p_01,count_10,p_10,count_11,p_11
0,phone_F1.wav|phone_M1.wav,11,0.25,325.0,0.9587020648967551,14.0,0.04129793510324484,14.0,0.03508771929824561,385.0,0.9649122807017544
1,phone_F1.wav|phone_M1.wav,29,0.25,325.0,0.9587020648967551,14.0,0.04129793510324484,14.0,0.03508771929824561,385.0,0.9649122807017544
2,phone_F1.wav|phone_M1.wav,47,0.25,325.0,0.9587020648967551,14.0,0.04129793510324484,14.0,0.03508771929824561,385.0,0.9649122807017544
3,phone_F1.wav|studio_F1.wav,11,0.25,316.0,0.9575757575757575,14.0,0.04242424242424243,14.0,0.050359712230215826,264.0,0.9496402877697842
4,phone_F1.wav|studio_F1.wav,29,0.25,316.0,0.9575757575757575,14.0,0.04242424242424243,14.0,0.050359712230215826,264.0,0.9496402877697842
5,phone_F1.wav|studio_F1.wav,47,0.25,316.0,0.9575757575757575,14.0,0.04242424242424243,14.0,0.050359712230215826,264.0,0.9496402877697842
6,phone_F1.wav|studio_M1.wav,11,0.25,334.0,0.9653179190751445,12.0,0.03468208092485549,12.0,0.04819277108433735,237.0,0.9518072289156626
7,phone_F1.wav|studio_M1.wav,29,0.25,334.0,0.9653179190751445,12.0,0.03468208092485549,12.0,0.04819277108433735,237.0,0.9518072289156626
8,phone_F1.wav|studio_M1.wav,47,0.25,334.0,0.9653179190751445,12.0,0.03468208092485549,12.0,0.04819277108433735,237.0,0.9518072289156626
9,phone_M1.wav|studio_F1.wav,11,0.25,318.0,0.9607250755287009,13.0,0.03927492447129909,13.0,0.03523035230352303,356.0,0.964769647696477
10,phone_M1.wav|studio_F1.wav,29,0.25,318.0,0.9607250755287009,13.0,0.03927492447129909,13.0,0.03523035230352303,356.0,0.964769647696477
11,phone_M1.wav|studio_F1.wav,47,0.25,318.0,0.9607250755287009,13.0,0.03927492447129909,13.0,0.03523035230352303,356.0,0.964769647696477
12,phone_M1.wav|studio_M1.wav,11,0.25,336.0,0.968299711815562,11.0,0.03170028818443804,11.0,0.03235294117647059,329.0,0.9676470588235294
13,phone_M1.wav|studio_M1.wav,29,0.25,336.0,0.968299711815562,11.0,0.03170028818443804,11.0,0.03235294117647059,329.0,0.9676470588235294
14,phone_M1.wav|studio_M1.wav,47,0.25,336.0,0.968299711815562,11.0,0.03170028818443804,11.0,0.03235294117647059,329.0,0.9676470588235294
15,studio_F1.wav|studio_M1.wav,11,0.25,327.0,0.9674556213017751,11.0,0.03254437869822485,11.0,0.0502283105022831,208.0,0.9497716894977168
16,studio_F1.wav|studio_M1.wav,29,0.25,327.0,0.9674556213017751,11.0,0.03254437869822485,11.0,0.0502283105022831,208.0,0.9497716894977168
17,studio_F1.wav|studio_M1.wav,47,0.25,327.0,0.9674556213017751,11.0,0.03254437869822485,11.0,0.0502283105022831,208.0,0.9497716894977168
18,phone_F1.wav|phone_M1.wav|studio_F1.wav,11,0.2,479.0,0.9599198396793587,20.0,0.04008016032064128,20.0,0.038314176245210725,502.0,0.9616858237547893
19,phone_F1.wav|phone_M1.wav|studio_F1.wav,29,0.2,479.0,0.9599198396793587,20.0,0.04008016032064128,20.0,0.038314176245210725,502.0,0.9616858237547893
20,phone_F1.wav|phone_M1.wav|studio_F1.wav,47,0.2,479.0,0.9599198396793587,20.0,0.04008016032064128,20.0,0.038314176245210725,502.0,0.9616858237547893
21,phone_F1.wav|phone_M1.wav|studio_M1.wav,11,0.2,497.0,0.9650485436893204,18.0,0.03495145631067961,18.0,0.036511156186612576,475.0,0.9634888438133874
22,phone_F1.wav|phone_M1.wav|studio_M1.wav,29,0.2,497.0,0.9650485436893204,18.0,0.03495145631067961,18.0,0.036511156186612576,475.0,0.9634888438133874
23,phone_F1.wav|phone_M1.wav|studio_M1.wav,47,0.2,497.0,0.9650485436893204,18.0,0.03495145631067961,18.0,0.036511156186612576,475.0,0.9634888438133874
24,phone_F1.wav|studio_F1.wav|studio_M1.wav,11,0.2,488.0,0.9644268774703557,18.0,0.03557312252964427,18.0,0.04838709677419355,354.0,0.9516129032258065
25,phone_F1.wav|studio_F1.wav|studio_M1.wav,29,0.2,488.0,0.9644268774703557,18.0,0.03557312252964427,18.0,0.04838709677419355,354.0,0.9516129032258065
26,phone_F1.wav|studio_F1.wav|studio_M1.wav,47,0.2,488.0,0.9644268774703557,18.0,0.03557312252964427,18.0,0.04838709677419355,354.0,0.9516129032258065
27,phone_M1.wav|studio_F1.wav|studio_M1.wav,11,0.2,490.0,0.9664694280078896,17.0,0.03353057199211045,17.0,0.0367170626349892,446.0,0.9632829373650108
28,phone_M1.wav|studio_F1.wav|studio_M1.wav,29,0.2,490.0,0.9664694280078896,17.0,0.03353057199211045,17.0,0.0367170626349892,446.0,0.9632829373650108
29,phone_M1.wav|studio_F1.wav|studio_M1.wav,47,0.2,490.0,0.9664694280078896,17.0,0.03353057199211045,17.0,0.0367170626349892,446.0,0.9632829373650108
30,phone_F1.wav|phone_M1.wav|studio_F1.wav|studio_M1.wav,11,0.16666666666666666,651.0,0.9644444444444444,24.0,0.035555555555555556,24.0,0.03896103896103896,592.0,0.961038961038961
31,phone_F1.wav|phone_M1.wav|studio_F1.wav|studio_M1.wav,29,0.16666666666666666,651.0,0.9644444444444444,24.0,0.035555555555555556,24.0,0.03896103896103896,592.0,0.961038961038961
32,phone_F1.wav|phone_M1.wav|studio_F1.wav|studio_M1.wav,47,0.16666666666666666,651.0,0.9644444444444444,24.0,0.035555555555555556,24.0,0.03896103896103896,592.0,0.961038961038961
