stage,file,frame,time,label,static_score,markov_score,static_kept,markov_kept,baseline_f0,nearest_boundary_ms
train,phone_F1.wav,144,1.4525,v,0.24327193679000622,0.31290596929666364,False,True,218.46944793880544,2.4999999999999467
train,phone_F1.wav,157,1.5825,v,0.24326075908948674,0.3184960855220104,False,True,186.21894280849608,17.50000000000007
train,phone_F1.wav,182,1.8325,v,0.2812092414128462,0.0011584657572001813,True,False,225.62049327141344,2.4999999999999467
train,phone_F1.wav,244,2.4525,v,0.24332998362642783,0.6545600274531409,False,True,192.36891091726258,52.50000000000021
train,phone_F1.wav,245,2.4625,v,0.22657704177152713,0.5501415423585877,False,True,217.373560393574,57.50000000000011
train,phone_F1.wav,246,2.4725,v,0.24327587728144057,0.529401175304252,False,True,191.54770254314684,47.49999999999987
train,phone_F1.wav,248,2.4925,v,0.2598243672561316,0.18792130557668418,True,False,191.99729084133622,27.499999999999858
train,phone_F1.wav,265,2.6625,v,0.24338445269167716,0.2658931066724323,False,True,204.232746442535,2.4999999999999467
train,phone_M1.wav,46,0.4725,v,0.24304449447061863,0.3129463093512883,False,True,140.61140022952898,12.499999999999956
train,phone_M1.wav,64,0.6525,v,0.2495966490780684,0.3177518522067903,False,True,137.27781758679075,192.49999999999994
train,phone_M1.wav,93,0.9425,v,0.2477919000898821,0.331081748967363,False,True,135.09107990412252,447.4999999999999
train,phone_M1.wav,112,1.1325,v,0.24197704868809874,0.9666727693045488,False,True,139.27045093983946,257.49999999999983
train,phone_M1.wav,121,1.2225,v,0.24435323774325235,0.9729183160792982,False,True,141.50403472079816,167.49999999999997
train,phone_M1.wav,149,1.5025,v,0.24316936035236963,0.30915147149418426,False,True,119.23040745677676,2.4999999999999467
train,phone_M1.wav,159,1.6025,v,0.2443632146485475,0.9938107604089724,False,True,112.38966519933976,87.49999999999991
train,phone_M1.wav,166,1.6725,v,0.24306116171110942,0.3087531790882548,False,True,114.79784100300276,17.49999999999985
train,phone_M1.wav,202,2.0325,v,0.31402296571614163,0.006105090779070909,True,False,103.25870664082083,242.50000000000017
train,phone_M1.wav,204,2.0525,v,0.5212492313913113,0.005874418126617475,True,False,99.72290353219154,262.50000000000017
train,phone_M1.wav,205,2.0625,v,0.2794227899431358,0.003181740937383809,True,False,96.16163943404464,272.49999999999994
train,phone_M1.wav,209,2.1025,v,0.25801250152656285,0.002599306142742948,True,False,106.4341157869309,312.5
train,phone_M1.wav,210,2.1125,v,0.303091308782741,0.0048266471468399385,True,False,106.71535580299182,322.4999999999998
train,phone_M1.wav,214,2.1525,v,0.24224320912325076,0.2695614414522051,False,True,125.9582016301792,362.49999999999983
train,phone_M1.wav,240,2.4125,v,0.24303336083869978,0.953861089466855,False,True,118.69867267462277,367.4999999999997
train,phone_M1.wav,249,2.5025,v,0.2430195824126656,0.29967490261505947,False,True,110.33510582319578,277.4999999999999
train,phone_M1.wav,259,2.6025,v,0.2578185037027215,0.0772891441623075,True,False,108.01084333487032,177.49999999999977
train,phone_M1.wav,260,2.6125,v,0.2576296102167876,0.23594292418977394,True,False,107.48160983704298,167.49999999999997
train,phone_M1.wav,287,2.8825,v,0.2572379615136175,0.0015215005790990225,True,False,136.74338673966338,22.499999999999964
train,phone_M1.wav,288,2.8925,v,0.3845982783935085,0.0021721931050142146,True,False,135.48923709559537,32.5000000000002
train,phone_M1.wav,317,3.1825,v,0.2429828167178493,0.9937842870202865,False,True,101.49544437530486,82.50000000000001
train,phone_M1.wav,326,3.2725,v,0.2434107626264866,0.3120722501340522,False,True,110.81949938859171,17.50000000000007
train,studio_F1.wav,72,0.7324943310657597,v,0.3174022977875181,0.04391452865450334,True,False,263.2864516157925,32.49433106575972
train,studio_F1.wav,73,0.7424943310657597,v,0.32250559971912046,0.13032649078747938,True,False,258.80192648602326,42.494331065759724
train,studio_F1.wav,111,1.1224943310657596,uv,0.31473167739033675,0.11584100652736234,True,False,321.18224395272114,7.505668934240317
train,studio_F1.wav,112,1.1324943310657596,v,0.3307789031895192,0.08146330878805297,True,False,278.9792586559647,2.4943310657596918
train,studio_F1.wav,113,1.1424943310657596,v,0.32249663594802513,0.06691075060100553,True,False,268.23850554211623,12.4943310657597
train,studio_F1.wav,114,1.1524943310657596,v,0.32237852459289706,0.06522568655226084,True,False,252.1475689786541,22.49433106575971
train,studio_F1.wav,115,1.1624943310657596,v,0.322070451858672,0.07543277144900333,True,False,249.5751153141194,32.49433106575972
train,studio_F1.wav,116,1.1724943310657596,v,0.3225269261317002,0.10356940608000617,True,False,245.80880137465712,42.494331065759724
train,studio_F1.wav,117,1.1824943310657596,v,0.3225274617831774,0.1660648675620039,True,False,244.89698910430837,37.50566893424035
train,studio_F1.wav,169,1.7024943310657596,v,0.3211771119181101,0.1911253737162218,True,False,245.4914167330512,2.4943310657596918
train,studio_F1.wav,190,1.9124943310657596,uv,0.3220743351363803,0.003015332700813733,True,False,267.197918696294,7.505668934240317
train,studio_F1.wav,191,1.9224943310657596,v,0.3223601481580282,0.0026811381269901753,True,False,224.60221173953357,2.4943310657596918
train,studio_F1.wav,192,1.9324943310657596,v,0.32243870197959873,0.0025409586506168554,True,False,216.43129333935636,12.4943310657597
train,studio_F1.wav,193,1.9424943310657596,v,0.32238875088398733,0.002511115868359077,True,False,211.7000252917107,22.49433106575971
train,studio_F1.wav,194,1.9524943310657596,v,0.3215766312424927,0.0025750266490870946,True,False,208.84562037950187,32.49433106575972
train,studio_F1.wav,195,1.9624943310657597,v,0.32176900757558335,0.0027853358030438986,True,False,207.70803645322337,42.494331065759724
train,studio_F1.wav,196,1.9724943310657597,v,0.32210775115381524,0.00326286784937127,True,False,205.97690672920066,52.49433106575974
train,studio_F1.wav,197,1.9824943310657597,v,0.32243219769893355,0.004282395040794498,True,False,203.5498654983114,62.494331065759745
train,studio_F1.wav,198,1.9924943310657597,v,0.32252066511506444,0.006435164709984543,True,False,200.96632474444345,72.49433106575975
train,studio_F1.wav,199,2.0024943310657597,v,0.3225267184772912,0.010979787632453643,True,False,199.60602113491097,82.49433106575977
train,studio_F1.wav,200,2.0124943310657595,v,0.3225271140292272,0.020577045444921734,True,False,198.4477931666042,92.49433106575955
train,studio_F1.wav,201,2.0224943310657597,v,0.3225263013231278,0.040846238518693824,True,False,196.58039772518507,102.49433106575978
train,studio_F1.wav,202,2.0324943310657595,v,0.3225419998087613,0.08365540787686052,True,False,195.41573853651133,112.49433106575957
train,studio_F1.wav,203,2.0424943310657597,v,0.3225377548938259,0.1740633805645422,True,False,194.18482302698987,107.50566893424019
train,studio_M1.wav,92,0.9324943310657596,uv,0.3508422150243245,0.015014532729529573,True,False,137.78495633153034,7.505668934240317
train,studio_M1.wav,93,0.9424943310657596,v,0.3548571581418143,0.038060468921542204,True,False,137.9939254439179,2.4943310657596918
train,studio_M1.wav,94,0.9524943310657596,v,0.35508291633293926,0.07875984045482175,True,False,135.83820705829027,12.4943310657597
train,studio_M1.wav,95,0.9624943310657597,v,0.35508556278610837,0.15221765994695818,True,False,134.71451851848516,22.49433106575971
train,studio_M1.wav,131,1.3224943310657595,uv,0.33818077699246163,0.16582648328201502,True,False,185.3347154244106,7.505668934240539
train,studio_M1.wav,165,1.6624943310657596,v,0.3550811185422903,0.002989731903861671,True,False,119.63974996034403,2.4943310657596918
train,studio_M1.wav,166,1.6724943310657596,v,0.3550330624919833,0.005349593904701895,True,False,105.45611297648121,12.4943310657597
train,studio_M1.wav,167,1.6824943310657596,v,0.35466103070476285,0.00832937878040845,True,False,92.98526401148821,22.49433106575971
train,studio_M1.wav,168,1.6924943310657596,v,0.35510097265724605,0.013053616074748215,True,False,91.45563662085992,32.49433106575972
train,studio_M1.wav,182,1.8324943310657595,v,0.3550786246007742,0.0038425871530579506,True,False,114.16940727031945,12.494331065759479
train,studio_M1.wav,183,1.8424943310657595,v,0.3550747392988002,0.004378185313951357,True,False,104.79546590879009,22.49433106575949
train,studio_M1.wav,184,1.8524943310657596,v,0.3550864232302704,0.004881396837632054,True,False,103.74400167310662,32.494331065759496
train,studio_M1.wav,185,1.8624943310657596,v,0.3550864406149225,0.0055390152312120786,True,False,102.363102041038,42.4943310657595
train,studio_M1.wav,186,1.8724943310657596,v,0.35508623538653084,0.006595517067404652,True,False,100.81596921078989,52.49433106575951
train,studio_M1.wav,187,1.8824943310657596,v,0.3550865943010878,0.008443675456489943,True,False,100.32149743446527,62.494331065759525
train,studio_M1.wav,188,1.8924943310657596,v,0.35508653026304166,0.011770552034948586,True,False,99.3116093944699,72.49433106575952
train,studio_M1.wav,189,1.9024943310657596,v,0.3550867946744016,0.01781295093142392,True,False,98.60135034592788,82.49433106575954
train,studio_M1.wav,190,1.9124943310657596,v,0.35508707465031686,0.028817179542396324,True,False,98.4621405094522,92.49433106575955
train,studio_M1.wav,191,1.9224943310657596,v,0.3550874202976763,0.04887413050358513,True,False,97.99629515550517,102.49433106575955
train,studio_M1.wav,192,1.9324943310657596,v,0.35508670805668663,0.08544006682266306,True,False,97.44495834820373,112.49433106575957
train,studio_M1.wav,193,1.9424943310657596,v,0.3550951133526875,0.15210881107529758,True,False,95.24703471078925,117.50566893424042
test,phone_F2.wav,101,1.0225,v,0.3564054201441055,0.010087866767114784,True,False,191.25024940037102,2.4999999999999467
test,phone_F2.wav,102,1.0325,v,0.356476115647756,0.025165489929265428,True,False,183.79314657896379,12.499999999999956
test,phone_F2.wav,103,1.0425,v,0.3940637568655198,0.0513863696899898,True,False,183.36542568469463,22.499999999999964
test,phone_F2.wav,104,1.0525,v,0.3563569757823569,0.09080829112106126,True,False,190.75641808266082,32.49999999999997
test,phone_F2.wav,105,1.0625,v,0.35642840422281596,0.16260576684672406,True,False,194.7924021592463,42.499999999999986
test,phone_F2.wav,214,2.1525,v,0.35854687962028686,0.2374977596276678,True,False,135.53917859544765,7.500000000000284
test,phone_F2.wav,215,2.1625,uv,0.35639651625331736,0.08869900192692269,True,False,131.2984510672375,2.4999999999999467
test,phone_F2.wav,273,2.7425,uv,0.34982482345773463,0.008787509442008656,True,False,76.55267317893451,7.49999999999984
test,phone_F2.wav,274,2.7525,v,0.35636543593253134,0.02208323133892431,True,False,74.84918313455783,2.4999999999999467
test,phone_F2.wav,275,2.7625,v,0.35631499751171997,0.045041939427947174,True,False,71.47327586230678,12.500000000000178
test,phone_F2.wav,276,2.7725,v,0.35632663160700795,0.08618585014482741,True,False,123.68355763753095,22.499999999999964
test,phone_F2.wav,277,2.7825,v,0.3565022926379473,0.16077700303730386,True,False,128.92835954301322,32.5000000000002
test,phone_F2.wav,325,3.2625,v,0.052527803861631424,0.784388661499834,False,True,122.89283547644692,77.49999999999969
test,phone_F2.wav,337,3.3825,v,0.35637795242482806,0.0019535378034555772,True,False,169.1552851799863,2.4999999999999467
test,phone_F2.wav,338,3.3925,v,0.3564325426666556,0.00290094666702432,True,False,165.89940599458046,12.500000000000178
test,phone_F2.wav,339,3.4025,v,0.35643376646136987,0.003419662746858601,True,False,169.65219343034647,22.499999999999964
test,phone_F2.wav,340,3.4125,v,0.35642744496642914,0.0037017889875811372,True,False,169.85928038387473,32.5000000000002
test,phone_F2.wav,341,3.4225,v,0.3561491746345124,0.0038519583068403924,True,False,170.1835336042283,27.500000000000302
test,phone_F2.wav,342,3.4325,v,0.3557465435110306,0.0039319173740159485,True,False,171.4174487906665,17.50000000000007
test,phone_F2.wav,343,3.4425,v,0.35629942353231037,0.0039803319949189946,True,False,171.53333454462964,7.500000000000284
test,phone_F2.wav,391,3.9225,v,0.35619049363943756,0.0019360714665086682,True,False,154.83630135764489,12.499999999999734
test,phone_F2.wav,392,3.9325,v,0.35638149396330066,0.0029080060691981397,True,False,148.18016089050775,22.499999999999964
test,phone_F2.wav,393,3.9425,v,0.3564246097102831,0.0034579992649180218,True,False,144.92097940255704,32.49999999999975
test,phone_F2.wav,394,3.9525,v,0.35642786846068397,0.0037889989896046443,True,False,139.88267792786547,42.499999999999986
test,phone_F2.wav,395,3.9625,v,0.3582194945243952,0.004023547826016336,True,False,136.0399295832884,37.500000000000085
test,phone_F2.wav,396,3.9725,v,0.3708822252325923,0.004208075228018002,True,False,133.25563562785965,27.499999999999858
test,phone_F2.wav,397,3.9825,v,0.3563880477331441,0.004122409331057067,True,False,130.24689321080317,17.50000000000007
test,phone_F2.wav,398,3.9925,v,0.3560526979853899,0.004061945910664796,True,False,124.83640837199636,7.49999999999984
test,phone_M2.wav,205,2.0625,v,0.3563836791002835,0.003480651866946517,True,False,142.6180021929061,2.4999999999999467
test,phone_M2.wav,206,2.0725,v,0.35642663306941363,0.004676280540004741,True,False,144.6482204254731,12.499999999999734
test,phone_M2.wav,207,2.0825,v,0.35643105387174384,0.006187565588170366,True,False,146.28350372239407,22.499999999999964
test,phone_M2.wav,208,2.0925,v,0.3564264984953454,0.008574186937233056,True,False,148.1213127894951,27.500000000000302
test,phone_M2.wav,209,2.1025,v,0.3564120334707563,0.012720332551603333,True,False,149.95311346736173,17.50000000000007
test,phone_M2.wav,227,2.2825,v,0.39492892605552254,0.1507810646526575,True,False,93.72480808923198,17.499999999999627
test,phone_M2.wav,242,2.4325,v,0.35629620337078605,0.16999730178364564,True,False,164.84328102920838,2.4999999999999467
test,studio_F2.wav,76,0.7724943310657596,v,0.3444197772651125,0.07774172690546652,True,False,234.22947155454128,2.4943310657595807
test,studio_F2.wav,77,0.7824943310657596,v,0.3331193440995012,0.1462281341975588,True,False,231.89752186059516,12.494331065759589
test,studio_F2.wav,182,1.8324943310657595,v,0.3552799048537914,0.24228552511941845,True,False,220.5287363051255,2.4943310657594697
test,studio_F2.wav,204,2.0524943310657595,uv,0.3899672076879033,0.009704929650455748,True,False,229.24964487428062,7.505668934240539
test,studio_F2.wav,205,2.0624943310657597,v,0.35635895761113945,0.0073782055697631495,True,False,186.91349672481934,2.4943310657596918
test,studio_F2.wav,206,2.0724943310657595,v,0.35653643716919786,0.006225965612504342,True,False,186.7652943654239,12.494331065759479
test,studio_F2.wav,207,2.0824943310657598,v,0.35655477040286837,0.005816176650559201,True,False,184.89645126310518,22.49433106575971
test,studio_F2.wav,208,2.0924943310657595,v,0.35643069454902665,0.005996800914374887,True,False,184.35158929941716,32.494331065759496
test,studio_F2.wav,209,2.10249433106576,v,0.35642351438463676,0.006838087138169935,True,False,183.34946551389274,42.494331065759724
test,studio_F2.wav,210,2.1124943310657596,v,0.35641681705064177,0.008651875196780656,True,False,181.5277031792506,52.49433106575951
test,studio_F2.wav,211,2.12249433106576,v,0.3563896617198765,0.012110323789049632,True,False,179.5155382702407,62.494331065759745
test,studio_F2.wav,212,2.1324943310657596,v,0.3563274341221504,0.018496084324454633,True,False,177.01153105241352,72.49433106575952
test,studio_F2.wav,213,2.14249433106576,v,0.3563778583977641,0.030180453538140823,True,False,175.62780646894595,82.49433106575977
test,studio_F2.wav,214,2.1524943310657596,v,0.3564135322364929,0.051492218587261454,True,False,174.65637276416535,92.49433106575955
test,studio_F2.wav,215,2.16249433106576,v,0.35642314227489397,0.09032473084646633,True,False,173.5403647283836,102.49433106575978
test,studio_F2.wav,216,2.1724943310657596,v,0.3564287078487033,0.16106219036069708,True,False,172.3976180296485,112.49433106575957
test,studio_M2.wav,46,0.4724943310657596,uv,0.2962915287407705,0.1112989699264904,True,False,173.5876353076092,7.505668934240372
test,studio_M2.wav,137,1.3824943310657596,v,0.35661076302429906,0.0025055572814218804,True,False,170.0245498248359,12.494331065759479
test,studio_M2.wav,138,1.3924943310657596,v,0.35715204174699644,0.004446068487265378,True,False,162.42984986321142,22.49433106575949
test,studio_M2.wav,139,1.4024943310657596,v,0.35585708766326696,0.006741285880851053,True,False,147.38772251932065,32.494331065759496
test,studio_M2.wav,140,1.4124943310657596,v,0.35427382372560173,0.010277815893830339,True,False,148.94986710947964,42.4943310657595
test,studio_M2.wav,141,1.4224943310657596,v,0.3563672242806136,0.016452149498211333,True,False,153.66579744887076,52.49433106575951
test,studio_M2.wav,158,1.5924943310657595,v,0.35706704211133944,0.21556034727239362,True,False,155.36119400683208,2.4943310657594697
