file,option_id,removed_v,removed_uv,removed_sil,recovered_v,recovered_uv,recovered_sil
phone_F1.wav,hard170,0,0,0,0,0,0
phone_F1.wav,logistic_4_reject_00,0,0,0,6,6,0
phone_F1.wav,logistic_4_reject_10,0,0,0,6,6,0
phone_F1.wav,logistic_4_reject_25,0,0,0,6,6,0
phone_F1.wav,logistic_6_reject_00,0,0,0,6,5,1
phone_F1.wav,logistic_6_reject_10,0,0,0,6,5,1
phone_F1.wav,logistic_6_reject_25,1,0,0,6,5,1
phone_M1.wav,hard170,0,0,0,0,0,0
phone_M1.wav,logistic_4_reject_00,0,0,0,5,3,0
phone_M1.wav,logistic_4_reject_10,1,1,0,5,3,0
phone_M1.wav,logistic_4_reject_25,4,1,0,5,3,0
phone_M1.wav,logistic_6_reject_00,0,0,0,5,0,0
phone_M1.wav,logistic_6_reject_10,0,1,0,5,0,0
phone_M1.wav,logistic_6_reject_25,4,1,0,5,0,0
studio_F1.wav,hard170,0,0,0,0,0,0
studio_F1.wav,logistic_4_reject_00,0,0,0,3,2,1
studio_F1.wav,logistic_4_reject_10,0,0,0,3,2,1
studio_F1.wav,logistic_4_reject_25,0,1,0,3,2,1
studio_F1.wav,logistic_6_reject_00,0,0,0,1,2,1
studio_F1.wav,logistic_6_reject_10,0,0,0,1,2,1
studio_F1.wav,logistic_6_reject_25,0,1,0,1,2,1
studio_M1.wav,hard170,0,0,0,0,0,0
studio_M1.wav,logistic_4_reject_00,0,0,0,5,1,0
studio_M1.wav,logistic_4_reject_10,0,0,0,5,1,0
studio_M1.wav,logistic_4_reject_25,0,0,0,5,1,0
studio_M1.wav,logistic_6_reject_00,0,0,0,6,1,0
studio_M1.wav,logistic_6_reject_10,0,0,0,6,1,0
studio_M1.wav,logistic_6_reject_25,0,0,0,6,1,0
