file,option_id,frame,time_s,label,relative_rms,removed_f0
phone_F1.wav,pyin8_energy_0.055,168,1.6925,uv,0.052061913351711994,253.81197895987094
phone_F1.wav,pyin8_energy_0.055,234,2.3525,uv,0.0508315089108804,239.5666071911286
phone_F1.wav,pyin8_energy_0.06,167,1.6825,uv,0.056903965371162504,249.451641079295
phone_F1.wav,pyin8_energy_0.06,168,1.6925,uv,0.052061913351711994,253.81197895987094
phone_F1.wav,pyin8_energy_0.06,234,2.3525,uv,0.0508315089108804,239.5666071911286
phone_F1.wav,pyin8_energy_0.065,134,1.3525,uv,0.061891946415477524,172.3602178682883
phone_F1.wav,pyin8_energy_0.065,167,1.6825,uv,0.056903965371162504,249.451641079295
phone_F1.wav,pyin8_energy_0.065,168,1.6925,uv,0.052061913351711994,253.81197895987094
phone_F1.wav,pyin8_energy_0.065,234,2.3525,uv,0.0508315089108804,239.5666071911286
phone_F1.wav,pyin8_energy_0.07,134,1.3525,uv,0.061891946415477524,172.3602178682883
phone_F1.wav,pyin8_energy_0.07,167,1.6825,uv,0.056903965371162504,249.451641079295
phone_F1.wav,pyin8_energy_0.07,168,1.6925,uv,0.052061913351711994,253.81197895987094
phone_F1.wav,pyin8_energy_0.07,186,1.8725,v,0.06857588575832832,208.55484483717834
phone_F1.wav,pyin8_energy_0.07,187,1.8825,v,0.0689472652707409,206.1593881340736
phone_F1.wav,pyin8_energy_0.07,234,2.3525,uv,0.0508315089108804,239.5666071911286
phone_F1.wav,pyin8_energy_0.075,134,1.3525,uv,0.061891946415477524,172.3602178682883
phone_F1.wav,pyin8_energy_0.075,167,1.6825,uv,0.056903965371162504,249.451641079295
phone_F1.wav,pyin8_energy_0.075,168,1.6925,uv,0.052061913351711994,253.81197895987094
phone_F1.wav,pyin8_energy_0.075,186,1.8725,v,0.06857588575832832,208.55484483717834
phone_F1.wav,pyin8_energy_0.075,187,1.8825,v,0.0689472652707409,206.1593881340736
phone_F1.wav,pyin8_energy_0.075,234,2.3525,uv,0.0508315089108804,239.5666071911286
phone_F1.wav,pyin8_energy_0.08,134,1.3525,uv,0.061891946415477524,172.3602178682883
phone_F1.wav,pyin8_energy_0.08,167,1.6825,uv,0.056903965371162504,249.451641079295
phone_F1.wav,pyin8_energy_0.08,168,1.6925,uv,0.052061913351711994,253.81197895987094
phone_F1.wav,pyin8_energy_0.08,185,1.8625,v,0.07949139975621682,210.97813540644063
phone_F1.wav,pyin8_energy_0.08,186,1.8725,v,0.06857588575832832,208.55484483717834
phone_F1.wav,pyin8_energy_0.08,187,1.8825,v,0.0689472652707409,206.1593881340736
phone_F1.wav,pyin8_energy_0.08,188,1.8925,v,0.0762070622583239,204.97199743238755
phone_F1.wav,pyin8_energy_0.08,234,2.3525,uv,0.0508315089108804,239.5666071911286
phone_M1.wav,pyin8_energy_0.05,306,3.0725,uv,0.045323499625624805,137.59488379633515
phone_M1.wav,pyin8_energy_0.055,305,3.0625,uv,0.05309033294200409,136.0144717615048
phone_M1.wav,pyin8_energy_0.055,306,3.0725,uv,0.045323499625624805,137.59488379633515
phone_M1.wav,pyin8_energy_0.06,305,3.0625,uv,0.05309033294200409,136.0144717615048
phone_M1.wav,pyin8_energy_0.06,306,3.0725,uv,0.045323499625624805,137.59488379633515
phone_M1.wav,pyin8_energy_0.065,304,3.0525,uv,0.06406449436305335,136.80239558079444
phone_M1.wav,pyin8_energy_0.065,305,3.0625,uv,0.05309033294200409,136.0144717615048
phone_M1.wav,pyin8_energy_0.065,306,3.0725,uv,0.045323499625624805,137.59488379633515
phone_M1.wav,pyin8_energy_0.07,299,3.0025,uv,0.06682308928688309,136.0144717615048
phone_M1.wav,pyin8_energy_0.07,304,3.0525,uv,0.06406449436305335,136.80239558079444
phone_M1.wav,pyin8_energy_0.07,305,3.0625,uv,0.05309033294200409,136.0144717615048
phone_M1.wav,pyin8_energy_0.07,306,3.0725,uv,0.045323499625624805,137.59488379633515
phone_M1.wav,pyin8_energy_0.075,170,1.7125,uv,0.0708304793183067,110.47808062740982
phone_M1.wav,pyin8_energy_0.075,297,2.9825,uv,0.07174114681735472,136.0144717615048
phone_M1.wav,pyin8_energy_0.075,298,2.9925,uv,0.07058874521584897,136.0144717615048
phone_M1.wav,pyin8_energy_0.075,299,3.0025,uv,0.06682308928688309,136.0144717615048
phone_M1.wav,pyin8_energy_0.075,304,3.0525,uv,0.06406449436305335,136.80239558079444
phone_M1.wav,pyin8_energy_0.075,305,3.0625,uv,0.05309033294200409,136.0144717615048
phone_M1.wav,pyin8_energy_0.075,306,3.0725,uv,0.045323499625624805,137.59488379633515
phone_M1.wav,pyin8_energy_0.08,169,1.7025,uv,0.07857824346449663,113.71533548987297
phone_M1.wav,pyin8_energy_0.08,170,1.7125,uv,0.0708304793183067,110.47808062740982
phone_M1.wav,pyin8_energy_0.08,297,2.9825,uv,0.07174114681735472,136.0144717615048
phone_M1.wav,pyin8_energy_0.08,298,2.9925,uv,0.07058874521584897,136.0144717615048
phone_M1.wav,pyin8_energy_0.08,299,3.0025,uv,0.06682308928688309,136.0144717615048
phone_M1.wav,pyin8_energy_0.08,303,3.0425,uv,0.07583162453763002,136.80239558079444
phone_M1.wav,pyin8_energy_0.08,304,3.0525,uv,0.06406449436305335,136.80239558079444
phone_M1.wav,pyin8_energy_0.08,305,3.0625,uv,0.05309033294200409,136.0144717615048
phone_M1.wav,pyin8_energy_0.08,306,3.0725,uv,0.045323499625624805,137.59488379633515
studio_F1.wav,pyin8_energy_0.04,20,0.21249433106575963,sil,0.002485405058433423,327.25762959714876
studio_F1.wav,pyin8_energy_0.04,21,0.22249433106575964,sil,0.0030337867791261383,327.25762959714876
studio_F1.wav,pyin8_energy_0.04,22,0.23249433106575965,sil,0.005759579538848523,331.06018008760145
studio_F1.wav,pyin8_energy_0.04,23,0.24249433106575963,sil,0.008437847176002348,331.06018008760145
studio_F1.wav,pyin8_energy_0.04,24,0.25249433106575964,sil,0.009270678625339493,329.15341375941045
studio_F1.wav,pyin8_energy_0.04,25,0.26249433106575965,sil,0.007713888727252784,323.4987551242365
studio_F1.wav,pyin8_energy_0.04,26,0.27249433106575965,sil,0.0073818594961830115,310.67945217899654
studio_F1.wav,pyin8_energy_0.04,27,0.28249433106575966,sil,0.009869693981889324,319.78305500701606
studio_F1.wav,pyin8_energy_0.04,28,0.2924943310657596,sil,0.011212315845373107,323.4987551242365
studio_F1.wav,pyin8_energy_0.04,29,0.3024943310657596,sil,0.010363608842496685,323.4987551242365
studio_F1.wav,pyin8_energy_0.04,30,0.31249433106575963,sil,0.007761433860878135,321.63553939916983
studio_F1.wav,pyin8_energy_0.04,121,1.2224943310657597,uv,0.027183240088092173,246.58644460692156
studio_F1.wav,pyin8_energy_0.04,122,1.2324943310657597,uv,0.018003348010793754,246.58644460692156
studio_F1.wav,pyin8_energy_0.04,185,1.8624943310657596,uv,0.017670010398863137,212.20031931145576
studio_F1.wav,pyin8_energy_0.04,215,2.16249433106576,sil,0.02786038305538856,159.891527503508
studio_F1.wav,pyin8_energy_0.04,216,2.1724943310657596,sil,0.01141116832561649,170.38049191388274
studio_F1.wav,pyin8_energy_0.04,217,2.18249433106576,sil,0.011000875448044435,174.36294713023523
studio_F1.wav,pyin8_energy_0.045,20,0.21249433106575963,sil,0.002485405058433423,327.25762959714876
studio_F1.wav,pyin8_energy_0.045,21,0.22249433106575964,sil,0.0030337867791261383,327.25762959714876
studio_F1.wav,pyin8_energy_0.045,22,0.23249433106575965,sil,0.005759579538848523,331.06018008760145
studio_F1.wav,pyin8_energy_0.045,23,0.24249433106575963,sil,0.008437847176002348,331.06018008760145
studio_F1.wav,pyin8_energy_0.045,24,0.25249433106575964,sil,0.009270678625339493,329.15341375941045
studio_F1.wav,pyin8_energy_0.045,25,0.26249433106575965,sil,0.007713888727252784,323.4987551242365
studio_F1.wav,pyin8_energy_0.045,26,0.27249433106575965,sil,0.0073818594961830115,310.67945217899654
studio_F1.wav,pyin8_energy_0.045,27,0.28249433106575966,sil,0.009869693981889324,319.78305500701606
studio_F1.wav,pyin8_energy_0.045,28,0.2924943310657596,sil,0.011212315845373107,323.4987551242365
studio_F1.wav,pyin8_energy_0.045,29,0.3024943310657596,sil,0.010363608842496685,323.4987551242365
studio_F1.wav,pyin8_energy_0.045,30,0.31249433106575963,sil,0.007761433860878135,321.63553939916983
studio_F1.wav,pyin8_energy_0.045,109,1.1024943310657596,uv,0.04082600619949428,301.83501125199945
studio_F1.wav,pyin8_energy_0.045,121,1.2224943310657597,uv,0.027183240088092173,246.58644460692156
studio_F1.wav,pyin8_energy_0.045,122,1.2324943310657597,uv,0.018003348010793754,246.58644460692156
studio_F1.wav,pyin8_energy_0.045,184,1.8524943310657596,v,0.04232697210128793,200.29043054093617
studio_F1.wav,pyin8_energy_0.045,185,1.8624943310657596,uv,0.017670010398863137,212.20031931145576
studio_F1.wav,pyin8_energy_0.045,215,2.16249433106576,sil,0.02786038305538856,159.891527503508
studio_F1.wav,pyin8_energy_0.045,216,2.1724943310657596,sil,0.01141116832561649,170.38049191388274
studio_F1.wav,pyin8_energy_0.045,217,2.18249433106576,sil,0.011000875448044435,174.36294713023523
studio_F1.wav,pyin8_energy_0.05,20,0.21249433106575963,sil,0.002485405058433423,327.25762959714876
studio_F1.wav,pyin8_energy_0.05,21,0.22249433106575964,sil,0.0030337867791261383,327.25762959714876
studio_F1.wav,pyin8_energy_0.05,22,0.23249433106575965,sil,0.005759579538848523,331.06018008760145
studio_F1.wav,pyin8_energy_0.05,23,0.24249433106575963,sil,0.008437847176002348,331.06018008760145
studio_F1.wav,pyin8_energy_0.05,24,0.25249433106575964,sil,0.009270678625339493,329.15341375941045
studio_F1.wav,pyin8_energy_0.05,25,0.26249433106575965,sil,0.007713888727252784,323.4987551242365
studio_F1.wav,pyin8_energy_0.05,26,0.27249433106575965,sil,0.0073818594961830115,310.67945217899654
studio_F1.wav,pyin8_energy_0.05,27,0.28249433106575966,sil,0.009869693981889324,319.78305500701606
studio_F1.wav,pyin8_energy_0.05,28,0.2924943310657596,sil,0.011212315845373107,323.4987551242365
studio_F1.wav,pyin8_energy_0.05,29,0.3024943310657596,sil,0.010363608842496685,323.4987551242365
studio_F1.wav,pyin8_energy_0.05,30,0.31249433106575963,sil,0.007761433860878135,321.63553939916983
studio_F1.wav,pyin8_energy_0.05,109,1.1024943310657596,uv,0.04082600619949428,301.83501125199945
studio_F1.wav,pyin8_energy_0.05,121,1.2224943310657597,uv,0.027183240088092173,246.58644460692156
studio_F1.wav,pyin8_energy_0.05,122,1.2324943310657597,uv,0.018003348010793754,246.58644460692156
studio_F1.wav,pyin8_energy_0.05,184,1.8524943310657596,v,0.04232697210128793,200.29043054093617
studio_F1.wav,pyin8_energy_0.05,185,1.8624943310657596,uv,0.017670010398863137,212.20031931145576
studio_F1.wav,pyin8_energy_0.05,215,2.16249433106576,sil,0.02786038305538856,159.891527503508
studio_F1.wav,pyin8_energy_0.05,216,2.1724943310657596,sil,0.01141116832561649,170.38049191388274
studio_F1.wav,pyin8_energy_0.05,217,2.18249433106576,sil,0.011000875448044435,174.36294713023523
studio_F1.wav,pyin8_energy_0.055,20,0.21249433106575963,sil,0.002485405058433423,327.25762959714876
studio_F1.wav,pyin8_energy_0.055,21,0.22249433106575964,sil,0.0030337867791261383,327.25762959714876
studio_F1.wav,pyin8_energy_0.055,22,0.23249433106575965,sil,0.005759579538848523,331.06018008760145
studio_F1.wav,pyin8_energy_0.055,23,0.24249433106575963,sil,0.008437847176002348,331.06018008760145
studio_F1.wav,pyin8_energy_0.055,24,0.25249433106575964,sil,0.009270678625339493,329.15341375941045
studio_F1.wav,pyin8_energy_0.055,25,0.26249433106575965,sil,0.007713888727252784,323.4987551242365
studio_F1.wav,pyin8_energy_0.055,26,0.27249433106575965,sil,0.0073818594961830115,310.67945217899654
studio_F1.wav,pyin8_energy_0.055,27,0.28249433106575966,sil,0.009869693981889324,319.78305500701606
studio_F1.wav,pyin8_energy_0.055,28,0.2924943310657596,sil,0.011212315845373107,323.4987551242365
studio_F1.wav,pyin8_energy_0.055,29,0.3024943310657596,sil,0.010363608842496685,323.4987551242365
studio_F1.wav,pyin8_energy_0.055,30,0.31249433106575963,sil,0.007761433860878135,321.63553939916983
studio_F1.wav,pyin8_energy_0.055,109,1.1024943310657596,uv,0.04082600619949428,301.83501125199945
studio_F1.wav,pyin8_energy_0.055,121,1.2224943310657597,uv,0.027183240088092173,246.58644460692156
studio_F1.wav,pyin8_energy_0.055,122,1.2324943310657597,uv,0.018003348010793754,246.58644460692156
studio_F1.wav,pyin8_energy_0.055,184,1.8524943310657596,v,0.04232697210128793,200.29043054093617
studio_F1.wav,pyin8_energy_0.055,185,1.8624943310657596,uv,0.017670010398863137,212.20031931145576
studio_F1.wav,pyin8_energy_0.055,215,2.16249433106576,sil,0.02786038305538856,159.891527503508
studio_F1.wav,pyin8_energy_0.055,216,2.1724943310657596,sil,0.01141116832561649,170.38049191388274
studio_F1.wav,pyin8_energy_0.055,217,2.18249433106576,sil,0.011000875448044435,174.36294713023523
studio_F1.wav,pyin8_energy_0.06,20,0.21249433106575963,sil,0.002485405058433423,327.25762959714876
studio_F1.wav,pyin8_energy_0.06,21,0.22249433106575964,sil,0.0030337867791261383,327.25762959714876
studio_F1.wav,pyin8_energy_0.06,22,0.23249433106575965,sil,0.005759579538848523,331.06018008760145
studio_F1.wav,pyin8_energy_0.06,23,0.24249433106575963,sil,0.008437847176002348,331.06018008760145
studio_F1.wav,pyin8_energy_0.06,24,0.25249433106575964,sil,0.009270678625339493,329.15341375941045
studio_F1.wav,pyin8_energy_0.06,25,0.26249433106575965,sil,0.007713888727252784,323.4987551242365
studio_F1.wav,pyin8_energy_0.06,26,0.27249433106575965,sil,0.0073818594961830115,310.67945217899654
studio_F1.wav,pyin8_energy_0.06,27,0.28249433106575966,sil,0.009869693981889324,319.78305500701606
studio_F1.wav,pyin8_energy_0.06,28,0.2924943310657596,sil,0.011212315845373107,323.4987551242365
studio_F1.wav,pyin8_energy_0.06,29,0.3024943310657596,sil,0.010363608842496685,323.4987551242365
studio_F1.wav,pyin8_energy_0.06,30,0.31249433106575963,sil,0.007761433860878135,321.63553939916983
studio_F1.wav,pyin8_energy_0.06,109,1.1024943310657596,uv,0.04082600619949428,301.83501125199945
studio_F1.wav,pyin8_energy_0.06,121,1.2224943310657597,uv,0.027183240088092173,246.58644460692156
studio_F1.wav,pyin8_energy_0.06,122,1.2324943310657597,uv,0.018003348010793754,246.58644460692156
studio_F1.wav,pyin8_energy_0.06,184,1.8524943310657596,v,0.04232697210128793,200.29043054093617
studio_F1.wav,pyin8_energy_0.06,185,1.8624943310657596,uv,0.017670010398863137,212.20031931145576
studio_F1.wav,pyin8_energy_0.06,215,2.16249433106576,sil,0.02786038305538856,159.891527503508
studio_F1.wav,pyin8_energy_0.06,216,2.1724943310657596,sil,0.01141116832561649,170.38049191388274
studio_F1.wav,pyin8_energy_0.06,217,2.18249433106576,sil,0.011000875448044435,174.36294713023523
studio_F1.wav,pyin8_energy_0.065,20,0.21249433106575963,sil,0.002485405058433423,327.25762959714876
studio_F1.wav,pyin8_energy_0.065,21,0.22249433106575964,sil,0.0030337867791261383,327.25762959714876
studio_F1.wav,pyin8_energy_0.065,22,0.23249433106575965,sil,0.005759579538848523,331.06018008760145
studio_F1.wav,pyin8_energy_0.065,23,0.24249433106575963,sil,0.008437847176002348,331.06018008760145
studio_F1.wav,pyin8_energy_0.065,24,0.25249433106575964,sil,0.009270678625339493,329.15341375941045
studio_F1.wav,pyin8_energy_0.065,25,0.26249433106575965,sil,0.007713888727252784,323.4987551242365
studio_F1.wav,pyin8_energy_0.065,26,0.27249433106575965,sil,0.0073818594961830115,310.67945217899654
studio_F1.wav,pyin8_energy_0.065,27,0.28249433106575966,sil,0.009869693981889324,319.78305500701606
studio_F1.wav,pyin8_energy_0.065,28,0.2924943310657596,sil,0.011212315845373107,323.4987551242365
studio_F1.wav,pyin8_energy_0.065,29,0.3024943310657596,sil,0.010363608842496685,323.4987551242365
studio_F1.wav,pyin8_energy_0.065,30,0.31249433106575963,sil,0.007761433860878135,321.63553939916983
studio_F1.wav,pyin8_energy_0.065,108,1.0924943310657595,v,0.06420657138867031,284.8943137887522
studio_F1.wav,pyin8_energy_0.065,109,1.1024943310657596,uv,0.04082600619949428,301.83501125199945
studio_F1.wav,pyin8_energy_0.065,120,1.2124943310657597,v,0.06197212117598283,238.1868050662396
studio_F1.wav,pyin8_energy_0.065,121,1.2224943310657597,uv,0.027183240088092173,246.58644460692156
studio_F1.wav,pyin8_energy_0.065,122,1.2324943310657597,uv,0.018003348010793754,246.58644460692156
studio_F1.wav,pyin8_energy_0.065,164,1.6524943310657596,uv,0.06281919597581812,179.47217146890208
studio_F1.wav,pyin8_energy_0.065,184,1.8524943310657596,v,0.04232697210128793,200.29043054093617
studio_F1.wav,pyin8_energy_0.065,185,1.8624943310657596,uv,0.017670010398863137,212.20031931145576
studio_F1.wav,pyin8_energy_0.065,215,2.16249433106576,sil,0.02786038305538856,159.891527503508
studio_F1.wav,pyin8_energy_0.065,216,2.1724943310657596,sil,0.01141116832561649,170.38049191388274
studio_F1.wav,pyin8_energy_0.065,217,2.18249433106576,sil,0.011000875448044435,174.36294713023523
studio_F1.wav,pyin8_energy_0.07,20,0.21249433106575963,sil,0.002485405058433423,327.25762959714876
studio_F1.wav,pyin8_energy_0.07,21,0.22249433106575964,sil,0.0030337867791261383,327.25762959714876
studio_F1.wav,pyin8_energy_0.07,22,0.23249433106575965,sil,0.005759579538848523,331.06018008760145
studio_F1.wav,pyin8_energy_0.07,23,0.24249433106575963,sil,0.008437847176002348,331.06018008760145
studio_F1.wav,pyin8_energy_0.07,24,0.25249433106575964,sil,0.009270678625339493,329.15341375941045
studio_F1.wav,pyin8_energy_0.07,25,0.26249433106575965,sil,0.007713888727252784,323.4987551242365
studio_F1.wav,pyin8_energy_0.07,26,0.27249433106575965,sil,0.0073818594961830115,310.67945217899654
studio_F1.wav,pyin8_energy_0.07,27,0.28249433106575966,sil,0.009869693981889324,319.78305500701606
studio_F1.wav,pyin8_energy_0.07,28,0.2924943310657596,sil,0.011212315845373107,323.4987551242365
studio_F1.wav,pyin8_energy_0.07,29,0.3024943310657596,sil,0.010363608842496685,323.4987551242365
studio_F1.wav,pyin8_energy_0.07,30,0.31249433106575963,sil,0.007761433860878135,321.63553939916983
studio_F1.wav,pyin8_energy_0.07,108,1.0924943310657595,v,0.06420657138867031,284.8943137887522
studio_F1.wav,pyin8_energy_0.07,109,1.1024943310657596,uv,0.04082600619949428,301.83501125199945
studio_F1.wav,pyin8_energy_0.07,120,1.2124943310657597,v,0.06197212117598283,238.1868050662396
studio_F1.wav,pyin8_energy_0.07,121,1.2224943310657597,uv,0.027183240088092173,246.58644460692156
studio_F1.wav,pyin8_energy_0.07,122,1.2324943310657597,uv,0.018003348010793754,246.58644460692156
studio_F1.wav,pyin8_energy_0.07,164,1.6524943310657596,uv,0.06281919597581812,179.47217146890208
studio_F1.wav,pyin8_energy_0.07,184,1.8524943310657596,v,0.04232697210128793,200.29043054093617
studio_F1.wav,pyin8_energy_0.07,185,1.8624943310657596,uv,0.017670010398863137,212.20031931145576
studio_F1.wav,pyin8_energy_0.07,215,2.16249433106576,sil,0.02786038305538856,159.891527503508
studio_F1.wav,pyin8_energy_0.07,216,2.1724943310657596,sil,0.01141116832561649,170.38049191388274
studio_F1.wav,pyin8_energy_0.07,217,2.18249433106576,sil,0.011000875448044435,174.36294713023523
studio_F1.wav,pyin8_energy_0.075,20,0.21249433106575963,sil,0.002485405058433423,327.25762959714876
studio_F1.wav,pyin8_energy_0.075,21,0.22249433106575964,sil,0.0030337867791261383,327.25762959714876
studio_F1.wav,pyin8_energy_0.075,22,0.23249433106575965,sil,0.005759579538848523,331.06018008760145
studio_F1.wav,pyin8_energy_0.075,23,0.24249433106575963,sil,0.008437847176002348,331.06018008760145
studio_F1.wav,pyin8_energy_0.075,24,0.25249433106575964,sil,0.009270678625339493,329.15341375941045
studio_F1.wav,pyin8_energy_0.075,25,0.26249433106575965,sil,0.007713888727252784,323.4987551242365
studio_F1.wav,pyin8_energy_0.075,26,0.27249433106575965,sil,0.0073818594961830115,310.67945217899654
studio_F1.wav,pyin8_energy_0.075,27,0.28249433106575966,sil,0.009869693981889324,319.78305500701606
studio_F1.wav,pyin8_energy_0.075,28,0.2924943310657596,sil,0.011212315845373107,323.4987551242365
studio_F1.wav,pyin8_energy_0.075,29,0.3024943310657596,sil,0.010363608842496685,323.4987551242365
studio_F1.wav,pyin8_energy_0.075,30,0.31249433106575963,sil,0.007761433860878135,321.63553939916983
studio_F1.wav,pyin8_energy_0.075,108,1.0924943310657595,v,0.06420657138867031,284.8943137887522
studio_F1.wav,pyin8_energy_0.075,109,1.1024943310657596,uv,0.04082600619949428,301.83501125199945
studio_F1.wav,pyin8_energy_0.075,120,1.2124943310657597,v,0.06197212117598283,238.1868050662396
studio_F1.wav,pyin8_energy_0.075,121,1.2224943310657597,uv,0.027183240088092173,246.58644460692156
studio_F1.wav,pyin8_energy_0.075,122,1.2324943310657597,uv,0.018003348010793754,246.58644460692156
studio_F1.wav,pyin8_energy_0.075,164,1.6524943310657596,uv,0.06281919597581812,179.47217146890208
studio_F1.wav,pyin8_energy_0.075,184,1.8524943310657596,v,0.04232697210128793,200.29043054093617
studio_F1.wav,pyin8_energy_0.075,185,1.8624943310657596,uv,0.017670010398863137,212.20031931145576
studio_F1.wav,pyin8_energy_0.075,214,2.1524943310657596,sil,0.07342236576759033,168.42350505149633
studio_F1.wav,pyin8_energy_0.075,215,2.16249433106576,sil,0.02786038305538856,159.891527503508
studio_F1.wav,pyin8_energy_0.075,216,2.1724943310657596,sil,0.01141116832561649,170.38049191388274
studio_F1.wav,pyin8_energy_0.075,217,2.18249433106576,sil,0.011000875448044435,174.36294713023523
studio_F1.wav,pyin8_energy_0.08,20,0.21249433106575963,sil,0.002485405058433423,327.25762959714876
studio_F1.wav,pyin8_energy_0.08,21,0.22249433106575964,sil,0.0030337867791261383,327.25762959714876
studio_F1.wav,pyin8_energy_0.08,22,0.23249433106575965,sil,0.005759579538848523,331.06018008760145
studio_F1.wav,pyin8_energy_0.08,23,0.24249433106575963,sil,0.008437847176002348,331.06018008760145
studio_F1.wav,pyin8_energy_0.08,24,0.25249433106575964,sil,0.009270678625339493,329.15341375941045
studio_F1.wav,pyin8_energy_0.08,25,0.26249433106575965,sil,0.007713888727252784,323.4987551242365
studio_F1.wav,pyin8_energy_0.08,26,0.27249433106575965,sil,0.0073818594961830115,310.67945217899654
studio_F1.wav,pyin8_energy_0.08,27,0.28249433106575966,sil,0.009869693981889324,319.78305500701606
studio_F1.wav,pyin8_energy_0.08,28,0.2924943310657596,sil,0.011212315845373107,323.4987551242365
studio_F1.wav,pyin8_energy_0.08,29,0.3024943310657596,sil,0.010363608842496685,323.4987551242365
studio_F1.wav,pyin8_energy_0.08,30,0.31249433106575963,sil,0.007761433860878135,321.63553939916983
studio_F1.wav,pyin8_energy_0.08,108,1.0924943310657595,v,0.06420657138867031,284.8943137887522
studio_F1.wav,pyin8_energy_0.08,109,1.1024943310657596,uv,0.04082600619949428,301.83501125199945
studio_F1.wav,pyin8_energy_0.08,120,1.2124943310657597,v,0.06197212117598283,238.1868050662396
studio_F1.wav,pyin8_energy_0.08,121,1.2224943310657597,uv,0.027183240088092173,246.58644460692156
studio_F1.wav,pyin8_energy_0.08,122,1.2324943310657597,uv,0.018003348010793754,246.58644460692156
studio_F1.wav,pyin8_energy_0.08,164,1.6524943310657596,uv,0.06281919597581812,179.47217146890208
studio_F1.wav,pyin8_energy_0.08,184,1.8524943310657596,v,0.04232697210128793,200.29043054093617
studio_F1.wav,pyin8_energy_0.08,185,1.8624943310657596,uv,0.017670010398863137,212.20031931145576
studio_F1.wav,pyin8_energy_0.08,214,2.1524943310657596,sil,0.07342236576759033,168.42350505149633
studio_F1.wav,pyin8_energy_0.08,215,2.16249433106576,sil,0.02786038305538856,159.891527503508
studio_F1.wav,pyin8_energy_0.08,216,2.1724943310657596,sil,0.01141116832561649,170.38049191388274
studio_F1.wav,pyin8_energy_0.08,217,2.18249433106576,sil,0.011000875448044435,174.36294713023523
studio_M1.wav,pyin8_energy_0.04,0,0.012494331065759636,sil,0.00024450184288475033,77.66986304474915
studio_M1.wav,pyin8_energy_0.04,1,0.022494331065759637,sil,0.0002862555957451236,82.76504502190036
studio_M1.wav,pyin8_energy_0.04,2,0.032494331065759635,sil,0.0003046660741925507,89.21924391234836
studio_M1.wav,pyin8_energy_0.04,3,0.04249433106575964,sil,0.0006436785033662881,86.18010893414414
studio_M1.wav,pyin8_energy_0.04,4,0.05249433106575964,sil,0.0015739515132365332,86.18010893414414
studio_M1.wav,pyin8_energy_0.04,5,0.062494331065759634,sil,0.0040597721055689985,85.19024595694137
studio_M1.wav,pyin8_energy_0.04,6,0.07249433106575964,sil,0.005971916283482755,88.70537888009436
studio_M1.wav,pyin8_energy_0.04,7,0.08249433106575964,sil,0.007250420164875253,80.40888484979246
studio_M1.wav,pyin8_energy_0.04,8,0.09249433106575963,sil,0.00601873392238826,77.66986304474915
studio_M1.wav,pyin8_energy_0.04,9,0.10249433106575964,sil,0.004558637417437519,71.22357844718805
studio_M1.wav,pyin8_energy_0.04,10,0.11249433106575964,sil,0.0024350020309243364,72.05115656504445
studio_M1.wav,pyin8_energy_0.04,11,0.12249433106575963,sil,0.003107523455559579,72.46854466889643
studio_M1.wav,pyin8_energy_0.04,12,0.13249433106575964,sil,0.004150890714033846,76.77774857862381
studio_M1.wav,pyin8_energy_0.04,13,0.14249433106575965,sil,0.003769491731179496,75.89588092109929
studio_M1.wav,pyin8_energy_0.04,14,0.15249433106575963,sil,0.00291992800312044,70.40550587474974
studio_M1.wav,pyin8_energy_0.04,174,1.7524943310657597,v,0.034661907093010015,73.31058859744387
studio_M1.wav,pyin8_energy_0.04,175,1.7624943310657597,v,0.031158807950419816,72.88835067743645
studio_M1.wav,pyin8_energy_0.04,176,1.7724943310657597,v,0.026826504763423693,73.31058859744387
studio_M1.wav,pyin8_energy_0.04,177,1.7824943310657597,uv,0.026653727175265624,72.88835067743645
studio_M1.wav,pyin8_energy_0.04,178,1.7924943310657597,uv,0.026095049157929054,71.22357844718805
studio_M1.wav,pyin8_energy_0.04,239,2.4024943310657596,sil,0.007262887536040602,146.62117719488774
studio_M1.wav,pyin8_energy_0.04,240,2.41249433106576,sil,0.007365609283161636,146.62117719488774
studio_M1.wav,pyin8_energy_0.04,241,2.4224943310657596,sil,0.006685519391925563,144.93708933779286
studio_M1.wav,pyin8_energy_0.04,242,2.43249433106576,sil,0.005866843356403573,143.27234487954848
studio_M1.wav,pyin8_energy_0.04,243,2.4424943310657596,sil,0.005973813398545832,141.62672164226916
studio_M1.wav,pyin8_energy_0.04,244,2.4524943310657594,sil,0.005402409892712546,141.62672164226916
studio_M1.wav,pyin8_energy_0.04,245,2.4624943310657597,sil,0.005909425193935574,138.39196284940547
studio_M1.wav,pyin8_energy_0.04,246,2.4724943310657594,sil,0.005842814261165524,137.59488379633515
studio_M1.wav,pyin8_energy_0.04,247,2.4824943310657597,sil,0.005450252157006428,144.1023131300889
studio_M1.wav,pyin8_energy_0.04,248,2.4924943310657595,sil,0.005415091252204792,144.1023131300889
studio_M1.wav,pyin8_energy_0.04,249,2.5024943310657597,sil,0.005730178361050613,143.27234487954848
studio_M1.wav,pyin8_energy_0.04,250,2.5124943310657595,sil,0.004947751697558309,140.81101174949947
studio_M1.wav,pyin8_energy_0.04,251,2.5224943310657597,sil,0.0035910676023726876,141.62672164226916
studio_M1.wav,pyin8_energy_0.04,252,2.5324943310657595,sil,0.003183808818985822,140.0
studio_M1.wav,pyin8_energy_0.04,253,2.5424943310657597,sil,0.0031865203151565306,140.81101174949947
studio_M1.wav,pyin8_energy_0.04,254,2.5524943310657595,sil,0.003119832202854055,150.91750562599972
studio_M1.wav,pyin8_energy_0.04,255,2.5624943310657597,sil,0.003146889359046916,146.62117719488774
studio_M1.wav,pyin8_energy_0.04,256,2.5724943310657595,sil,0.003122385518746995,140.0
studio_M1.wav,pyin8_energy_0.04,257,2.5824943310657598,sil,0.0035139103858314842,138.39196284940547
studio_M1.wav,pyin8_energy_0.04,258,2.5924943310657595,sil,0.003439815123433449,146.62117719488774
studio_M1.wav,pyin8_energy_0.04,259,2.60249433106576,sil,0.0032253210124160415,138.39196284940547
studio_M1.wav,pyin8_energy_0.04,260,2.6124943310657596,sil,0.003135602046274658,131.38131953396004
studio_M1.wav,pyin8_energy_0.04,261,2.62249433106576,sil,0.0032426470470601,136.80239558079444
studio_M1.wav,pyin8_energy_0.04,262,2.6324943310657596,sil,0.00329537987988056,139.19365933445664
studio_M1.wav,pyin8_energy_0.04,263,2.64249433106576,sil,0.003126434582262784,140.0
studio_M1.wav,pyin8_energy_0.04,264,2.6524943310657596,sil,0.0025216945532291514,136.0144717615048
studio_M1.wav,pyin8_energy_0.04,265,2.66249433106576,sil,0.0022682841886916723,130.62461881515304
studio_M1.wav,pyin8_energy_0.04,266,2.6724943310657596,sil,0.0021257173993485708,131.38131953396004
studio_M1.wav,pyin8_energy_0.04,267,2.68249433106576,sil,0.0018807252176543225,131.38131953396004
studio_M1.wav,pyin8_energy_0.045,0,0.012494331065759636,sil,0.00024450184288475033,77.66986304474915
studio_M1.wav,pyin8_energy_0.045,1,0.022494331065759637,sil,0.0002862555957451236,82.76504502190036
studio_M1.wav,pyin8_energy_0.045,2,0.032494331065759635,sil,0.0003046660741925507,89.21924391234836
studio_M1.wav,pyin8_energy_0.045,3,0.04249433106575964,sil,0.0006436785033662881,86.18010893414414
studio_M1.wav,pyin8_energy_0.045,4,0.05249433106575964,sil,0.0015739515132365332,86.18010893414414
studio_M1.wav,pyin8_energy_0.045,5,0.062494331065759634,sil,0.0040597721055689985,85.19024595694137
studio_M1.wav,pyin8_energy_0.045,6,0.07249433106575964,sil,0.005971916283482755,88.70537888009436
studio_M1.wav,pyin8_energy_0.045,7,0.08249433106575964,sil,0.007250420164875253,80.40888484979246
studio_M1.wav,pyin8_energy_0.045,8,0.09249433106575963,sil,0.00601873392238826,77.66986304474915
studio_M1.wav,pyin8_energy_0.045,9,0.10249433106575964,sil,0.004558637417437519,71.22357844718805
studio_M1.wav,pyin8_energy_0.045,10,0.11249433106575964,sil,0.0024350020309243364,72.05115656504445
studio_M1.wav,pyin8_energy_0.045,11,0.12249433106575963,sil,0.003107523455559579,72.46854466889643
studio_M1.wav,pyin8_energy_0.045,12,0.13249433106575964,sil,0.004150890714033846,76.77774857862381
studio_M1.wav,pyin8_energy_0.045,13,0.14249433106575965,sil,0.003769491731179496,75.89588092109929
studio_M1.wav,pyin8_energy_0.045,14,0.15249433106575963,sil,0.00291992800312044,70.40550587474974
studio_M1.wav,pyin8_energy_0.045,173,1.7424943310657597,v,0.042015877099645306,73.7352725168385
studio_M1.wav,pyin8_energy_0.045,174,1.7524943310657597,v,0.034661907093010015,73.31058859744387
studio_M1.wav,pyin8_energy_0.045,175,1.7624943310657597,v,0.031158807950419816,72.88835067743645
studio_M1.wav,pyin8_energy_0.045,176,1.7724943310657597,v,0.026826504763423693,73.31058859744387
studio_M1.wav,pyin8_energy_0.045,177,1.7824943310657597,uv,0.026653727175265624,72.88835067743645
studio_M1.wav,pyin8_energy_0.045,178,1.7924943310657597,uv,0.026095049157929054,71.22357844718805
studio_M1.wav,pyin8_energy_0.045,239,2.4024943310657596,sil,0.007262887536040602,146.62117719488774
studio_M1.wav,pyin8_energy_0.045,240,2.41249433106576,sil,0.007365609283161636,146.62117719488774
studio_M1.wav,pyin8_energy_0.045,241,2.4224943310657596,sil,0.006685519391925563,144.93708933779286
studio_M1.wav,pyin8_energy_0.045,242,2.43249433106576,sil,0.005866843356403573,143.27234487954848
studio_M1.wav,pyin8_energy_0.045,243,2.4424943310657596,sil,0.005973813398545832,141.62672164226916
studio_M1.wav,pyin8_energy_0.045,244,2.4524943310657594,sil,0.005402409892712546,141.62672164226916
studio_M1.wav,pyin8_energy_0.045,245,2.4624943310657597,sil,0.005909425193935574,138.39196284940547
studio_M1.wav,pyin8_energy_0.045,246,2.4724943310657594,sil,0.005842814261165524,137.59488379633515
studio_M1.wav,pyin8_energy_0.045,247,2.4824943310657597,sil,0.005450252157006428,144.1023131300889
studio_M1.wav,pyin8_energy_0.045,248,2.4924943310657595,sil,0.005415091252204792,144.1023131300889
studio_M1.wav,pyin8_energy_0.045,249,2.5024943310657597,sil,0.005730178361050613,143.27234487954848
studio_M1.wav,pyin8_energy_0.045,250,2.5124943310657595,sil,0.004947751697558309,140.81101174949947
studio_M1.wav,pyin8_energy_0.045,251,2.5224943310657597,sil,0.0035910676023726876,141.62672164226916
studio_M1.wav,pyin8_energy_0.045,252,2.5324943310657595,sil,0.003183808818985822,140.0
studio_M1.wav,pyin8_energy_0.045,253,2.5424943310657597,sil,0.0031865203151565306,140.81101174949947
studio_M1.wav,pyin8_energy_0.045,254,2.5524943310657595,sil,0.003119832202854055,150.91750562599972
studio_M1.wav,pyin8_energy_0.045,255,2.5624943310657597,sil,0.003146889359046916,146.62117719488774
studio_M1.wav,pyin8_energy_0.045,256,2.5724943310657595,sil,0.003122385518746995,140.0
studio_M1.wav,pyin8_energy_0.045,257,2.5824943310657598,sil,0.0035139103858314842,138.39196284940547
studio_M1.wav,pyin8_energy_0.045,258,2.5924943310657595,sil,0.003439815123433449,146.62117719488774
studio_M1.wav,pyin8_energy_0.045,259,2.60249433106576,sil,0.0032253210124160415,138.39196284940547
studio_M1.wav,pyin8_energy_0.045,260,2.6124943310657596,sil,0.003135602046274658,131.38131953396004
studio_M1.wav,pyin8_energy_0.045,261,2.62249433106576,sil,0.0032426470470601,136.80239558079444
studio_M1.wav,pyin8_energy_0.045,262,2.6324943310657596,sil,0.00329537987988056,139.19365933445664
studio_M1.wav,pyin8_energy_0.045,263,2.64249433106576,sil,0.003126434582262784,140.0
studio_M1.wav,pyin8_energy_0.045,264,2.6524943310657596,sil,0.0025216945532291514,136.0144717615048
studio_M1.wav,pyin8_energy_0.045,265,2.66249433106576,sil,0.0022682841886916723,130.62461881515304
studio_M1.wav,pyin8_energy_0.045,266,2.6724943310657596,sil,0.0021257173993485708,131.38131953396004
studio_M1.wav,pyin8_energy_0.045,267,2.68249433106576,sil,0.0018807252176543225,131.38131953396004
studio_M1.wav,pyin8_energy_0.05,0,0.012494331065759636,sil,0.00024450184288475033,77.66986304474915
studio_M1.wav,pyin8_energy_0.05,1,0.022494331065759637,sil,0.0002862555957451236,82.76504502190036
studio_M1.wav,pyin8_energy_0.05,2,0.032494331065759635,sil,0.0003046660741925507,89.21924391234836
studio_M1.wav,pyin8_energy_0.05,3,0.04249433106575964,sil,0.0006436785033662881,86.18010893414414
studio_M1.wav,pyin8_energy_0.05,4,0.05249433106575964,sil,0.0015739515132365332,86.18010893414414
studio_M1.wav,pyin8_energy_0.05,5,0.062494331065759634,sil,0.0040597721055689985,85.19024595694137
studio_M1.wav,pyin8_energy_0.05,6,0.07249433106575964,sil,0.005971916283482755,88.70537888009436
studio_M1.wav,pyin8_energy_0.05,7,0.08249433106575964,sil,0.007250420164875253,80.40888484979246
studio_M1.wav,pyin8_energy_0.05,8,0.09249433106575963,sil,0.00601873392238826,77.66986304474915
studio_M1.wav,pyin8_energy_0.05,9,0.10249433106575964,sil,0.004558637417437519,71.22357844718805
studio_M1.wav,pyin8_energy_0.05,10,0.11249433106575964,sil,0.0024350020309243364,72.05115656504445
studio_M1.wav,pyin8_energy_0.05,11,0.12249433106575963,sil,0.003107523455559579,72.46854466889643
studio_M1.wav,pyin8_energy_0.05,12,0.13249433106575964,sil,0.004150890714033846,76.77774857862381
studio_M1.wav,pyin8_energy_0.05,13,0.14249433106575965,sil,0.003769491731179496,75.89588092109929
studio_M1.wav,pyin8_energy_0.05,14,0.15249433106575963,sil,0.00291992800312044,70.40550587474974
studio_M1.wav,pyin8_energy_0.05,173,1.7424943310657597,v,0.042015877099645306,73.7352725168385
studio_M1.wav,pyin8_energy_0.05,174,1.7524943310657597,v,0.034661907093010015,73.31058859744387
studio_M1.wav,pyin8_energy_0.05,175,1.7624943310657597,v,0.031158807950419816,72.88835067743645
studio_M1.wav,pyin8_energy_0.05,176,1.7724943310657597,v,0.026826504763423693,73.31058859744387
studio_M1.wav,pyin8_energy_0.05,177,1.7824943310657597,uv,0.026653727175265624,72.88835067743645
studio_M1.wav,pyin8_energy_0.05,178,1.7924943310657597,uv,0.026095049157929054,71.22357844718805
studio_M1.wav,pyin8_energy_0.05,205,2.0624943310657597,sil,0.048428906805938296,89.73608573445102
studio_M1.wav,pyin8_energy_0.05,239,2.4024943310657596,sil,0.007262887536040602,146.62117719488774
studio_M1.wav,pyin8_energy_0.05,240,2.41249433106576,sil,0.007365609283161636,146.62117719488774
studio_M1.wav,pyin8_energy_0.05,241,2.4224943310657596,sil,0.006685519391925563,144.93708933779286
studio_M1.wav,pyin8_energy_0.05,242,2.43249433106576,sil,0.005866843356403573,143.27234487954848
studio_M1.wav,pyin8_energy_0.05,243,2.4424943310657596,sil,0.005973813398545832,141.62672164226916
studio_M1.wav,pyin8_energy_0.05,244,2.4524943310657594,sil,0.005402409892712546,141.62672164226916
studio_M1.wav,pyin8_energy_0.05,245,2.4624943310657597,sil,0.005909425193935574,138.39196284940547
studio_M1.wav,pyin8_energy_0.05,246,2.4724943310657594,sil,0.005842814261165524,137.59488379633515
studio_M1.wav,pyin8_energy_0.05,247,2.4824943310657597,sil,0.005450252157006428,144.1023131300889
studio_M1.wav,pyin8_energy_0.05,248,2.4924943310657595,sil,0.005415091252204792,144.1023131300889
studio_M1.wav,pyin8_energy_0.05,249,2.5024943310657597,sil,0.005730178361050613,143.27234487954848
studio_M1.wav,pyin8_energy_0.05,250,2.5124943310657595,sil,0.004947751697558309,140.81101174949947
studio_M1.wav,pyin8_energy_0.05,251,2.5224943310657597,sil,0.0035910676023726876,141.62672164226916
studio_M1.wav,pyin8_energy_0.05,252,2.5324943310657595,sil,0.003183808818985822,140.0
studio_M1.wav,pyin8_energy_0.05,253,2.5424943310657597,sil,0.0031865203151565306,140.81101174949947
studio_M1.wav,pyin8_energy_0.05,254,2.5524943310657595,sil,0.003119832202854055,150.91750562599972
studio_M1.wav,pyin8_energy_0.05,255,2.5624943310657597,sil,0.003146889359046916,146.62117719488774
studio_M1.wav,pyin8_energy_0.05,256,2.5724943310657595,sil,0.003122385518746995,140.0
studio_M1.wav,pyin8_energy_0.05,257,2.5824943310657598,sil,0.0035139103858314842,138.39196284940547
studio_M1.wav,pyin8_energy_0.05,258,2.5924943310657595,sil,0.003439815123433449,146.62117719488774
studio_M1.wav,pyin8_energy_0.05,259,2.60249433106576,sil,0.0032253210124160415,138.39196284940547
studio_M1.wav,pyin8_energy_0.05,260,2.6124943310657596,sil,0.003135602046274658,131.38131953396004
studio_M1.wav,pyin8_energy_0.05,261,2.62249433106576,sil,0.0032426470470601,136.80239558079444
studio_M1.wav,pyin8_energy_0.05,262,2.6324943310657596,sil,0.00329537987988056,139.19365933445664
studio_M1.wav,pyin8_energy_0.05,263,2.64249433106576,sil,0.003126434582262784,140.0
studio_M1.wav,pyin8_energy_0.05,264,2.6524943310657596,sil,0.0025216945532291514,136.0144717615048
studio_M1.wav,pyin8_energy_0.05,265,2.66249433106576,sil,0.0022682841886916723,130.62461881515304
studio_M1.wav,pyin8_energy_0.05,266,2.6724943310657596,sil,0.0021257173993485708,131.38131953396004
studio_M1.wav,pyin8_energy_0.05,267,2.68249433106576,sil,0.0018807252176543225,131.38131953396004
studio_M1.wav,pyin8_energy_0.055,0,0.012494331065759636,sil,0.00024450184288475033,77.66986304474915
studio_M1.wav,pyin8_energy_0.055,1,0.022494331065759637,sil,0.0002862555957451236,82.76504502190036
studio_M1.wav,pyin8_energy_0.055,2,0.032494331065759635,sil,0.0003046660741925507,89.21924391234836
studio_M1.wav,pyin8_energy_0.055,3,0.04249433106575964,sil,0.0006436785033662881,86.18010893414414
studio_M1.wav,pyin8_energy_0.055,4,0.05249433106575964,sil,0.0015739515132365332,86.18010893414414
studio_M1.wav,pyin8_energy_0.055,5,0.062494331065759634,sil,0.0040597721055689985,85.19024595694137
studio_M1.wav,pyin8_energy_0.055,6,0.07249433106575964,sil,0.005971916283482755,88.70537888009436
studio_M1.wav,pyin8_energy_0.055,7,0.08249433106575964,sil,0.007250420164875253,80.40888484979246
studio_M1.wav,pyin8_energy_0.055,8,0.09249433106575963,sil,0.00601873392238826,77.66986304474915
studio_M1.wav,pyin8_energy_0.055,9,0.10249433106575964,sil,0.004558637417437519,71.22357844718805
studio_M1.wav,pyin8_energy_0.055,10,0.11249433106575964,sil,0.0024350020309243364,72.05115656504445
studio_M1.wav,pyin8_energy_0.055,11,0.12249433106575963,sil,0.003107523455559579,72.46854466889643
studio_M1.wav,pyin8_energy_0.055,12,0.13249433106575964,sil,0.004150890714033846,76.77774857862381
studio_M1.wav,pyin8_energy_0.055,13,0.14249433106575965,sil,0.003769491731179496,75.89588092109929
studio_M1.wav,pyin8_energy_0.055,14,0.15249433106575963,sil,0.00291992800312044,70.40550587474974
studio_M1.wav,pyin8_energy_0.055,173,1.7424943310657597,v,0.042015877099645306,73.7352725168385
studio_M1.wav,pyin8_energy_0.055,174,1.7524943310657597,v,0.034661907093010015,73.31058859744387
studio_M1.wav,pyin8_energy_0.055,175,1.7624943310657597,v,0.031158807950419816,72.88835067743645
studio_M1.wav,pyin8_energy_0.055,176,1.7724943310657597,v,0.026826504763423693,73.31058859744387
studio_M1.wav,pyin8_energy_0.055,177,1.7824943310657597,uv,0.026653727175265624,72.88835067743645
studio_M1.wav,pyin8_energy_0.055,178,1.7924943310657597,uv,0.026095049157929054,71.22357844718805
studio_M1.wav,pyin8_energy_0.055,205,2.0624943310657597,sil,0.048428906805938296,89.73608573445102
studio_M1.wav,pyin8_energy_0.055,239,2.4024943310657596,sil,0.007262887536040602,146.62117719488774
studio_M1.wav,pyin8_energy_0.055,240,2.41249433106576,sil,0.007365609283161636,146.62117719488774
studio_M1.wav,pyin8_energy_0.055,241,2.4224943310657596,sil,0.006685519391925563,144.93708933779286
studio_M1.wav,pyin8_energy_0.055,242,2.43249433106576,sil,0.005866843356403573,143.27234487954848
studio_M1.wav,pyin8_energy_0.055,243,2.4424943310657596,sil,0.005973813398545832,141.62672164226916
studio_M1.wav,pyin8_energy_0.055,244,2.4524943310657594,sil,0.005402409892712546,141.62672164226916
studio_M1.wav,pyin8_energy_0.055,245,2.4624943310657597,sil,0.005909425193935574,138.39196284940547
studio_M1.wav,pyin8_energy_0.055,246,2.4724943310657594,sil,0.005842814261165524,137.59488379633515
studio_M1.wav,pyin8_energy_0.055,247,2.4824943310657597,sil,0.005450252157006428,144.1023131300889
studio_M1.wav,pyin8_energy_0.055,248,2.4924943310657595,sil,0.005415091252204792,144.1023131300889
studio_M1.wav,pyin8_energy_0.055,249,2.5024943310657597,sil,0.005730178361050613,143.27234487954848
studio_M1.wav,pyin8_energy_0.055,250,2.5124943310657595,sil,0.004947751697558309,140.81101174949947
studio_M1.wav,pyin8_energy_0.055,251,2.5224943310657597,sil,0.0035910676023726876,141.62672164226916
studio_M1.wav,pyin8_energy_0.055,252,2.5324943310657595,sil,0.003183808818985822,140.0
studio_M1.wav,pyin8_energy_0.055,253,2.5424943310657597,sil,0.0031865203151565306,140.81101174949947
studio_M1.wav,pyin8_energy_0.055,254,2.5524943310657595,sil,0.003119832202854055,150.91750562599972
studio_M1.wav,pyin8_energy_0.055,255,2.5624943310657597,sil,0.003146889359046916,146.62117719488774
studio_M1.wav,pyin8_energy_0.055,256,2.5724943310657595,sil,0.003122385518746995,140.0
studio_M1.wav,pyin8_energy_0.055,257,2.5824943310657598,sil,0.0035139103858314842,138.39196284940547
studio_M1.wav,pyin8_energy_0.055,258,2.5924943310657595,sil,0.003439815123433449,146.62117719488774
studio_M1.wav,pyin8_energy_0.055,259,2.60249433106576,sil,0.0032253210124160415,138.39196284940547
studio_M1.wav,pyin8_energy_0.055,260,2.6124943310657596,sil,0.003135602046274658,131.38131953396004
studio_M1.wav,pyin8_energy_0.055,261,2.62249433106576,sil,0.0032426470470601,136.80239558079444
studio_M1.wav,pyin8_energy_0.055,262,2.6324943310657596,sil,0.00329537987988056,139.19365933445664
studio_M1.wav,pyin8_energy_0.055,263,2.64249433106576,sil,0.003126434582262784,140.0
studio_M1.wav,pyin8_energy_0.055,264,2.6524943310657596,sil,0.0025216945532291514,136.0144717615048
studio_M1.wav,pyin8_energy_0.055,265,2.66249433106576,sil,0.0022682841886916723,130.62461881515304
studio_M1.wav,pyin8_energy_0.055,266,2.6724943310657596,sil,0.0021257173993485708,131.38131953396004
studio_M1.wav,pyin8_energy_0.055,267,2.68249433106576,sil,0.0018807252176543225,131.38131953396004
studio_M1.wav,pyin8_energy_0.06,0,0.012494331065759636,sil,0.00024450184288475033,77.66986304474915
studio_M1.wav,pyin8_energy_0.06,1,0.022494331065759637,sil,0.0002862555957451236,82.76504502190036
studio_M1.wav,pyin8_energy_0.06,2,0.032494331065759635,sil,0.0003046660741925507,89.21924391234836
studio_M1.wav,pyin8_energy_0.06,3,0.04249433106575964,sil,0.0006436785033662881,86.18010893414414
studio_M1.wav,pyin8_energy_0.06,4,0.05249433106575964,sil,0.0015739515132365332,86.18010893414414
studio_M1.wav,pyin8_energy_0.06,5,0.062494331065759634,sil,0.0040597721055689985,85.19024595694137
studio_M1.wav,pyin8_energy_0.06,6,0.07249433106575964,sil,0.005971916283482755,88.70537888009436
studio_M1.wav,pyin8_energy_0.06,7,0.08249433106575964,sil,0.007250420164875253,80.40888484979246
studio_M1.wav,pyin8_energy_0.06,8,0.09249433106575963,sil,0.00601873392238826,77.66986304474915
studio_M1.wav,pyin8_energy_0.06,9,0.10249433106575964,sil,0.004558637417437519,71.22357844718805
studio_M1.wav,pyin8_energy_0.06,10,0.11249433106575964,sil,0.0024350020309243364,72.05115656504445
studio_M1.wav,pyin8_energy_0.06,11,0.12249433106575963,sil,0.003107523455559579,72.46854466889643
studio_M1.wav,pyin8_energy_0.06,12,0.13249433106575964,sil,0.004150890714033846,76.77774857862381
studio_M1.wav,pyin8_energy_0.06,13,0.14249433106575965,sil,0.003769491731179496,75.89588092109929
studio_M1.wav,pyin8_energy_0.06,14,0.15249433106575963,sil,0.00291992800312044,70.40550587474974
studio_M1.wav,pyin8_energy_0.06,173,1.7424943310657597,v,0.042015877099645306,73.7352725168385
studio_M1.wav,pyin8_energy_0.06,174,1.7524943310657597,v,0.034661907093010015,73.31058859744387
studio_M1.wav,pyin8_energy_0.06,175,1.7624943310657597,v,0.031158807950419816,72.88835067743645
studio_M1.wav,pyin8_energy_0.06,176,1.7724943310657597,v,0.026826504763423693,73.31058859744387
studio_M1.wav,pyin8_energy_0.06,177,1.7824943310657597,uv,0.026653727175265624,72.88835067743645
studio_M1.wav,pyin8_energy_0.06,178,1.7924943310657597,uv,0.026095049157929054,71.22357844718805
studio_M1.wav,pyin8_energy_0.06,179,1.8024943310657597,uv,0.05629728318104134,73.31058859744387
studio_M1.wav,pyin8_energy_0.06,205,2.0624943310657597,sil,0.048428906805938296,89.73608573445102
studio_M1.wav,pyin8_energy_0.06,239,2.4024943310657596,sil,0.007262887536040602,146.62117719488774
studio_M1.wav,pyin8_energy_0.06,240,2.41249433106576,sil,0.007365609283161636,146.62117719488774
studio_M1.wav,pyin8_energy_0.06,241,2.4224943310657596,sil,0.006685519391925563,144.93708933779286
studio_M1.wav,pyin8_energy_0.06,242,2.43249433106576,sil,0.005866843356403573,143.27234487954848
studio_M1.wav,pyin8_energy_0.06,243,2.4424943310657596,sil,0.005973813398545832,141.62672164226916
studio_M1.wav,pyin8_energy_0.06,244,2.4524943310657594,sil,0.005402409892712546,141.62672164226916
studio_M1.wav,pyin8_energy_0.06,245,2.4624943310657597,sil,0.005909425193935574,138.39196284940547
studio_M1.wav,pyin8_energy_0.06,246,2.4724943310657594,sil,0.005842814261165524,137.59488379633515
studio_M1.wav,pyin8_energy_0.06,247,2.4824943310657597,sil,0.005450252157006428,144.1023131300889
studio_M1.wav,pyin8_energy_0.06,248,2.4924943310657595,sil,0.005415091252204792,144.1023131300889
studio_M1.wav,pyin8_energy_0.06,249,2.5024943310657597,sil,0.005730178361050613,143.27234487954848
studio_M1.wav,pyin8_energy_0.06,250,2.5124943310657595,sil,0.004947751697558309,140.81101174949947
studio_M1.wav,pyin8_energy_0.06,251,2.5224943310657597,sil,0.0035910676023726876,141.62672164226916
studio_M1.wav,pyin8_energy_0.06,252,2.5324943310657595,sil,0.003183808818985822,140.0
studio_M1.wav,pyin8_energy_0.06,253,2.5424943310657597,sil,0.0031865203151565306,140.81101174949947
studio_M1.wav,pyin8_energy_0.06,254,2.5524943310657595,sil,0.003119832202854055,150.91750562599972
studio_M1.wav,pyin8_energy_0.06,255,2.5624943310657597,sil,0.003146889359046916,146.62117719488774
studio_M1.wav,pyin8_energy_0.06,256,2.5724943310657595,sil,0.003122385518746995,140.0
studio_M1.wav,pyin8_energy_0.06,257,2.5824943310657598,sil,0.0035139103858314842,138.39196284940547
studio_M1.wav,pyin8_energy_0.06,258,2.5924943310657595,sil,0.003439815123433449,146.62117719488774
studio_M1.wav,pyin8_energy_0.06,259,2.60249433106576,sil,0.0032253210124160415,138.39196284940547
studio_M1.wav,pyin8_energy_0.06,260,2.6124943310657596,sil,0.003135602046274658,131.38131953396004
studio_M1.wav,pyin8_energy_0.06,261,2.62249433106576,sil,0.0032426470470601,136.80239558079444
studio_M1.wav,pyin8_energy_0.06,262,2.6324943310657596,sil,0.00329537987988056,139.19365933445664
studio_M1.wav,pyin8_energy_0.06,263,2.64249433106576,sil,0.003126434582262784,140.0
studio_M1.wav,pyin8_energy_0.06,264,2.6524943310657596,sil,0.0025216945532291514,136.0144717615048
studio_M1.wav,pyin8_energy_0.06,265,2.66249433106576,sil,0.0022682841886916723,130.62461881515304
studio_M1.wav,pyin8_energy_0.06,266,2.6724943310657596,sil,0.0021257173993485708,131.38131953396004
studio_M1.wav,pyin8_energy_0.06,267,2.68249433106576,sil,0.0018807252176543225,131.38131953396004
studio_M1.wav,pyin8_energy_0.065,0,0.012494331065759636,sil,0.00024450184288475033,77.66986304474915
studio_M1.wav,pyin8_energy_0.065,1,0.022494331065759637,sil,0.0002862555957451236,82.76504502190036
studio_M1.wav,pyin8_energy_0.065,2,0.032494331065759635,sil,0.0003046660741925507,89.21924391234836
studio_M1.wav,pyin8_energy_0.065,3,0.04249433106575964,sil,0.0006436785033662881,86.18010893414414
studio_M1.wav,pyin8_energy_0.065,4,0.05249433106575964,sil,0.0015739515132365332,86.18010893414414
studio_M1.wav,pyin8_energy_0.065,5,0.062494331065759634,sil,0.0040597721055689985,85.19024595694137
studio_M1.wav,pyin8_energy_0.065,6,0.07249433106575964,sil,0.005971916283482755,88.70537888009436
studio_M1.wav,pyin8_energy_0.065,7,0.08249433106575964,sil,0.007250420164875253,80.40888484979246
studio_M1.wav,pyin8_energy_0.065,8,0.09249433106575963,sil,0.00601873392238826,77.66986304474915
studio_M1.wav,pyin8_energy_0.065,9,0.10249433106575964,sil,0.004558637417437519,71.22357844718805
studio_M1.wav,pyin8_energy_0.065,10,0.11249433106575964,sil,0.0024350020309243364,72.05115656504445
studio_M1.wav,pyin8_energy_0.065,11,0.12249433106575963,sil,0.003107523455559579,72.46854466889643
studio_M1.wav,pyin8_energy_0.065,12,0.13249433106575964,sil,0.004150890714033846,76.77774857862381
studio_M1.wav,pyin8_energy_0.065,13,0.14249433106575965,sil,0.003769491731179496,75.89588092109929
studio_M1.wav,pyin8_energy_0.065,14,0.15249433106575963,sil,0.00291992800312044,70.40550587474974
studio_M1.wav,pyin8_energy_0.065,173,1.7424943310657597,v,0.042015877099645306,73.7352725168385
studio_M1.wav,pyin8_energy_0.065,174,1.7524943310657597,v,0.034661907093010015,73.31058859744387
studio_M1.wav,pyin8_energy_0.065,175,1.7624943310657597,v,0.031158807950419816,72.88835067743645
studio_M1.wav,pyin8_energy_0.065,176,1.7724943310657597,v,0.026826504763423693,73.31058859744387
studio_M1.wav,pyin8_energy_0.065,177,1.7824943310657597,uv,0.026653727175265624,72.88835067743645
studio_M1.wav,pyin8_energy_0.065,178,1.7924943310657597,uv,0.026095049157929054,71.22357844718805
studio_M1.wav,pyin8_energy_0.065,179,1.8024943310657597,uv,0.05629728318104134,73.31058859744387
studio_M1.wav,pyin8_energy_0.065,205,2.0624943310657597,sil,0.048428906805938296,89.73608573445102
studio_M1.wav,pyin8_energy_0.065,239,2.4024943310657596,sil,0.007262887536040602,146.62117719488774
studio_M1.wav,pyin8_energy_0.065,240,2.41249433106576,sil,0.007365609283161636,146.62117719488774
studio_M1.wav,pyin8_energy_0.065,241,2.4224943310657596,sil,0.006685519391925563,144.93708933779286
studio_M1.wav,pyin8_energy_0.065,242,2.43249433106576,sil,0.005866843356403573,143.27234487954848
studio_M1.wav,pyin8_energy_0.065,243,2.4424943310657596,sil,0.005973813398545832,141.62672164226916
studio_M1.wav,pyin8_energy_0.065,244,2.4524943310657594,sil,0.005402409892712546,141.62672164226916
studio_M1.wav,pyin8_energy_0.065,245,2.4624943310657597,sil,0.005909425193935574,138.39196284940547
studio_M1.wav,pyin8_energy_0.065,246,2.4724943310657594,sil,0.005842814261165524,137.59488379633515
studio_M1.wav,pyin8_energy_0.065,247,2.4824943310657597,sil,0.005450252157006428,144.1023131300889
studio_M1.wav,pyin8_energy_0.065,248,2.4924943310657595,sil,0.005415091252204792,144.1023131300889
studio_M1.wav,pyin8_energy_0.065,249,2.5024943310657597,sil,0.005730178361050613,143.27234487954848
studio_M1.wav,pyin8_energy_0.065,250,2.5124943310657595,sil,0.004947751697558309,140.81101174949947
studio_M1.wav,pyin8_energy_0.065,251,2.5224943310657597,sil,0.0035910676023726876,141.62672164226916
studio_M1.wav,pyin8_energy_0.065,252,2.5324943310657595,sil,0.003183808818985822,140.0
studio_M1.wav,pyin8_energy_0.065,253,2.5424943310657597,sil,0.0031865203151565306,140.81101174949947
studio_M1.wav,pyin8_energy_0.065,254,2.5524943310657595,sil,0.003119832202854055,150.91750562599972
studio_M1.wav,pyin8_energy_0.065,255,2.5624943310657597,sil,0.003146889359046916,146.62117719488774
studio_M1.wav,pyin8_energy_0.065,256,2.5724943310657595,sil,0.003122385518746995,140.0
studio_M1.wav,pyin8_energy_0.065,257,2.5824943310657598,sil,0.0035139103858314842,138.39196284940547
studio_M1.wav,pyin8_energy_0.065,258,2.5924943310657595,sil,0.003439815123433449,146.62117719488774
studio_M1.wav,pyin8_energy_0.065,259,2.60249433106576,sil,0.0032253210124160415,138.39196284940547
studio_M1.wav,pyin8_energy_0.065,260,2.6124943310657596,sil,0.003135602046274658,131.38131953396004
studio_M1.wav,pyin8_energy_0.065,261,2.62249433106576,sil,0.0032426470470601,136.80239558079444
studio_M1.wav,pyin8_energy_0.065,262,2.6324943310657596,sil,0.00329537987988056,139.19365933445664
studio_M1.wav,pyin8_energy_0.065,263,2.64249433106576,sil,0.003126434582262784,140.0
studio_M1.wav,pyin8_energy_0.065,264,2.6524943310657596,sil,0.0025216945532291514,136.0144717615048
studio_M1.wav,pyin8_energy_0.065,265,2.66249433106576,sil,0.0022682841886916723,130.62461881515304
studio_M1.wav,pyin8_energy_0.065,266,2.6724943310657596,sil,0.0021257173993485708,131.38131953396004
studio_M1.wav,pyin8_energy_0.065,267,2.68249433106576,sil,0.0018807252176543225,131.38131953396004
studio_M1.wav,pyin8_energy_0.07,0,0.012494331065759636,sil,0.00024450184288475033,77.66986304474915
studio_M1.wav,pyin8_energy_0.07,1,0.022494331065759637,sil,0.0002862555957451236,82.76504502190036
studio_M1.wav,pyin8_energy_0.07,2,0.032494331065759635,sil,0.0003046660741925507,89.21924391234836
studio_M1.wav,pyin8_energy_0.07,3,0.04249433106575964,sil,0.0006436785033662881,86.18010893414414
studio_M1.wav,pyin8_energy_0.07,4,0.05249433106575964,sil,0.0015739515132365332,86.18010893414414
studio_M1.wav,pyin8_energy_0.07,5,0.062494331065759634,sil,0.0040597721055689985,85.19024595694137
studio_M1.wav,pyin8_energy_0.07,6,0.07249433106575964,sil,0.005971916283482755,88.70537888009436
studio_M1.wav,pyin8_energy_0.07,7,0.08249433106575964,sil,0.007250420164875253,80.40888484979246
studio_M1.wav,pyin8_energy_0.07,8,0.09249433106575963,sil,0.00601873392238826,77.66986304474915
studio_M1.wav,pyin8_energy_0.07,9,0.10249433106575964,sil,0.004558637417437519,71.22357844718805
studio_M1.wav,pyin8_energy_0.07,10,0.11249433106575964,sil,0.0024350020309243364,72.05115656504445
studio_M1.wav,pyin8_energy_0.07,11,0.12249433106575963,sil,0.003107523455559579,72.46854466889643
studio_M1.wav,pyin8_energy_0.07,12,0.13249433106575964,sil,0.004150890714033846,76.77774857862381
studio_M1.wav,pyin8_energy_0.07,13,0.14249433106575965,sil,0.003769491731179496,75.89588092109929
studio_M1.wav,pyin8_energy_0.07,14,0.15249433106575963,sil,0.00291992800312044,70.40550587474974
studio_M1.wav,pyin8_energy_0.07,173,1.7424943310657597,v,0.042015877099645306,73.7352725168385
studio_M1.wav,pyin8_energy_0.07,174,1.7524943310657597,v,0.034661907093010015,73.31058859744387
studio_M1.wav,pyin8_energy_0.07,175,1.7624943310657597,v,0.031158807950419816,72.88835067743645
studio_M1.wav,pyin8_energy_0.07,176,1.7724943310657597,v,0.026826504763423693,73.31058859744387
studio_M1.wav,pyin8_energy_0.07,177,1.7824943310657597,uv,0.026653727175265624,72.88835067743645
studio_M1.wav,pyin8_energy_0.07,178,1.7924943310657597,uv,0.026095049157929054,71.22357844718805
studio_M1.wav,pyin8_energy_0.07,179,1.8024943310657597,uv,0.05629728318104134,73.31058859744387
studio_M1.wav,pyin8_energy_0.07,205,2.0624943310657597,sil,0.048428906805938296,89.73608573445102
studio_M1.wav,pyin8_energy_0.07,239,2.4024943310657596,sil,0.007262887536040602,146.62117719488774
studio_M1.wav,pyin8_energy_0.07,240,2.41249433106576,sil,0.007365609283161636,146.62117719488774
studio_M1.wav,pyin8_energy_0.07,241,2.4224943310657596,sil,0.006685519391925563,144.93708933779286
studio_M1.wav,pyin8_energy_0.07,242,2.43249433106576,sil,0.005866843356403573,143.27234487954848
studio_M1.wav,pyin8_energy_0.07,243,2.4424943310657596,sil,0.005973813398545832,141.62672164226916
studio_M1.wav,pyin8_energy_0.07,244,2.4524943310657594,sil,0.005402409892712546,141.62672164226916
studio_M1.wav,pyin8_energy_0.07,245,2.4624943310657597,sil,0.005909425193935574,138.39196284940547
studio_M1.wav,pyin8_energy_0.07,246,2.4724943310657594,sil,0.005842814261165524,137.59488379633515
studio_M1.wav,pyin8_energy_0.07,247,2.4824943310657597,sil,0.005450252157006428,144.1023131300889
studio_M1.wav,pyin8_energy_0.07,248,2.4924943310657595,sil,0.005415091252204792,144.1023131300889
studio_M1.wav,pyin8_energy_0.07,249,2.5024943310657597,sil,0.005730178361050613,143.27234487954848
studio_M1.wav,pyin8_energy_0.07,250,2.5124943310657595,sil,0.004947751697558309,140.81101174949947
studio_M1.wav,pyin8_energy_0.07,251,2.5224943310657597,sil,0.0035910676023726876,141.62672164226916
studio_M1.wav,pyin8_energy_0.07,252,2.5324943310657595,sil,0.003183808818985822,140.0
studio_M1.wav,pyin8_energy_0.07,253,2.5424943310657597,sil,0.0031865203151565306,140.81101174949947
studio_M1.wav,pyin8_energy_0.07,254,2.5524943310657595,sil,0.003119832202854055,150.91750562599972
studio_M1.wav,pyin8_energy_0.07,255,2.5624943310657597,sil,0.003146889359046916,146.62117719488774
studio_M1.wav,pyin8_energy_0.07,256,2.5724943310657595,sil,0.003122385518746995,140.0
studio_M1.wav,pyin8_energy_0.07,257,2.5824943310657598,sil,0.0035139103858314842,138.39196284940547
studio_M1.wav,pyin8_energy_0.07,258,2.5924943310657595,sil,0.003439815123433449,146.62117719488774
studio_M1.wav,pyin8_energy_0.07,259,2.60249433106576,sil,0.0032253210124160415,138.39196284940547
studio_M1.wav,pyin8_energy_0.07,260,2.6124943310657596,sil,0.003135602046274658,131.38131953396004
studio_M1.wav,pyin8_energy_0.07,261,2.62249433106576,sil,0.0032426470470601,136.80239558079444
studio_M1.wav,pyin8_energy_0.07,262,2.6324943310657596,sil,0.00329537987988056,139.19365933445664
studio_M1.wav,pyin8_energy_0.07,263,2.64249433106576,sil,0.003126434582262784,140.0
studio_M1.wav,pyin8_energy_0.07,264,2.6524943310657596,sil,0.0025216945532291514,136.0144717615048
studio_M1.wav,pyin8_energy_0.07,265,2.66249433106576,sil,0.0022682841886916723,130.62461881515304
studio_M1.wav,pyin8_energy_0.07,266,2.6724943310657596,sil,0.0021257173993485708,131.38131953396004
studio_M1.wav,pyin8_energy_0.07,267,2.68249433106576,sil,0.0018807252176543225,131.38131953396004
studio_M1.wav,pyin8_energy_0.075,0,0.012494331065759636,sil,0.00024450184288475033,77.66986304474915
studio_M1.wav,pyin8_energy_0.075,1,0.022494331065759637,sil,0.0002862555957451236,82.76504502190036
studio_M1.wav,pyin8_energy_0.075,2,0.032494331065759635,sil,0.0003046660741925507,89.21924391234836
studio_M1.wav,pyin8_energy_0.075,3,0.04249433106575964,sil,0.0006436785033662881,86.18010893414414
studio_M1.wav,pyin8_energy_0.075,4,0.05249433106575964,sil,0.0015739515132365332,86.18010893414414
studio_M1.wav,pyin8_energy_0.075,5,0.062494331065759634,sil,0.0040597721055689985,85.19024595694137
studio_M1.wav,pyin8_energy_0.075,6,0.07249433106575964,sil,0.005971916283482755,88.70537888009436
studio_M1.wav,pyin8_energy_0.075,7,0.08249433106575964,sil,0.007250420164875253,80.40888484979246
studio_M1.wav,pyin8_energy_0.075,8,0.09249433106575963,sil,0.00601873392238826,77.66986304474915
studio_M1.wav,pyin8_energy_0.075,9,0.10249433106575964,sil,0.004558637417437519,71.22357844718805
studio_M1.wav,pyin8_energy_0.075,10,0.11249433106575964,sil,0.0024350020309243364,72.05115656504445
studio_M1.wav,pyin8_energy_0.075,11,0.12249433106575963,sil,0.003107523455559579,72.46854466889643
studio_M1.wav,pyin8_energy_0.075,12,0.13249433106575964,sil,0.004150890714033846,76.77774857862381
studio_M1.wav,pyin8_energy_0.075,13,0.14249433106575965,sil,0.003769491731179496,75.89588092109929
studio_M1.wav,pyin8_energy_0.075,14,0.15249433106575963,sil,0.00291992800312044,70.40550587474974
studio_M1.wav,pyin8_energy_0.075,173,1.7424943310657597,v,0.042015877099645306,73.7352725168385
studio_M1.wav,pyin8_energy_0.075,174,1.7524943310657597,v,0.034661907093010015,73.31058859744387
studio_M1.wav,pyin8_energy_0.075,175,1.7624943310657597,v,0.031158807950419816,72.88835067743645
studio_M1.wav,pyin8_energy_0.075,176,1.7724943310657597,v,0.026826504763423693,73.31058859744387
studio_M1.wav,pyin8_energy_0.075,177,1.7824943310657597,uv,0.026653727175265624,72.88835067743645
studio_M1.wav,pyin8_energy_0.075,178,1.7924943310657597,uv,0.026095049157929054,71.22357844718805
studio_M1.wav,pyin8_energy_0.075,179,1.8024943310657597,uv,0.05629728318104134,73.31058859744387
studio_M1.wav,pyin8_energy_0.075,205,2.0624943310657597,sil,0.048428906805938296,89.73608573445102
studio_M1.wav,pyin8_energy_0.075,239,2.4024943310657596,sil,0.007262887536040602,146.62117719488774
studio_M1.wav,pyin8_energy_0.075,240,2.41249433106576,sil,0.007365609283161636,146.62117719488774
studio_M1.wav,pyin8_energy_0.075,241,2.4224943310657596,sil,0.006685519391925563,144.93708933779286
studio_M1.wav,pyin8_energy_0.075,242,2.43249433106576,sil,0.005866843356403573,143.27234487954848
studio_M1.wav,pyin8_energy_0.075,243,2.4424943310657596,sil,0.005973813398545832,141.62672164226916
studio_M1.wav,pyin8_energy_0.075,244,2.4524943310657594,sil,0.005402409892712546,141.62672164226916
studio_M1.wav,pyin8_energy_0.075,245,2.4624943310657597,sil,0.005909425193935574,138.39196284940547
studio_M1.wav,pyin8_energy_0.075,246,2.4724943310657594,sil,0.005842814261165524,137.59488379633515
studio_M1.wav,pyin8_energy_0.075,247,2.4824943310657597,sil,0.005450252157006428,144.1023131300889
studio_M1.wav,pyin8_energy_0.075,248,2.4924943310657595,sil,0.005415091252204792,144.1023131300889
studio_M1.wav,pyin8_energy_0.075,249,2.5024943310657597,sil,0.005730178361050613,143.27234487954848
studio_M1.wav,pyin8_energy_0.075,250,2.5124943310657595,sil,0.004947751697558309,140.81101174949947
studio_M1.wav,pyin8_energy_0.075,251,2.5224943310657597,sil,0.0035910676023726876,141.62672164226916
studio_M1.wav,pyin8_energy_0.075,252,2.5324943310657595,sil,0.003183808818985822,140.0
studio_M1.wav,pyin8_energy_0.075,253,2.5424943310657597,sil,0.0031865203151565306,140.81101174949947
studio_M1.wav,pyin8_energy_0.075,254,2.5524943310657595,sil,0.003119832202854055,150.91750562599972
studio_M1.wav,pyin8_energy_0.075,255,2.5624943310657597,sil,0.003146889359046916,146.62117719488774
studio_M1.wav,pyin8_energy_0.075,256,2.5724943310657595,sil,0.003122385518746995,140.0
studio_M1.wav,pyin8_energy_0.075,257,2.5824943310657598,sil,0.0035139103858314842,138.39196284940547
studio_M1.wav,pyin8_energy_0.075,258,2.5924943310657595,sil,0.003439815123433449,146.62117719488774
studio_M1.wav,pyin8_energy_0.075,259,2.60249433106576,sil,0.0032253210124160415,138.39196284940547
studio_M1.wav,pyin8_energy_0.075,260,2.6124943310657596,sil,0.003135602046274658,131.38131953396004
studio_M1.wav,pyin8_energy_0.075,261,2.62249433106576,sil,0.0032426470470601,136.80239558079444
studio_M1.wav,pyin8_energy_0.075,262,2.6324943310657596,sil,0.00329537987988056,139.19365933445664
studio_M1.wav,pyin8_energy_0.075,263,2.64249433106576,sil,0.003126434582262784,140.0
studio_M1.wav,pyin8_energy_0.075,264,2.6524943310657596,sil,0.0025216945532291514,136.0144717615048
studio_M1.wav,pyin8_energy_0.075,265,2.66249433106576,sil,0.0022682841886916723,130.62461881515304
studio_M1.wav,pyin8_energy_0.075,266,2.6724943310657596,sil,0.0021257173993485708,131.38131953396004
studio_M1.wav,pyin8_energy_0.075,267,2.68249433106576,sil,0.0018807252176543225,131.38131953396004
studio_M1.wav,pyin8_energy_0.08,0,0.012494331065759636,sil,0.00024450184288475033,77.66986304474915
studio_M1.wav,pyin8_energy_0.08,1,0.022494331065759637,sil,0.0002862555957451236,82.76504502190036
studio_M1.wav,pyin8_energy_0.08,2,0.032494331065759635,sil,0.0003046660741925507,89.21924391234836
studio_M1.wav,pyin8_energy_0.08,3,0.04249433106575964,sil,0.0006436785033662881,86.18010893414414
studio_M1.wav,pyin8_energy_0.08,4,0.05249433106575964,sil,0.0015739515132365332,86.18010893414414
studio_M1.wav,pyin8_energy_0.08,5,0.062494331065759634,sil,0.0040597721055689985,85.19024595694137
studio_M1.wav,pyin8_energy_0.08,6,0.07249433106575964,sil,0.005971916283482755,88.70537888009436
studio_M1.wav,pyin8_energy_0.08,7,0.08249433106575964,sil,0.007250420164875253,80.40888484979246
studio_M1.wav,pyin8_energy_0.08,8,0.09249433106575963,sil,0.00601873392238826,77.66986304474915
studio_M1.wav,pyin8_energy_0.08,9,0.10249433106575964,sil,0.004558637417437519,71.22357844718805
studio_M1.wav,pyin8_energy_0.08,10,0.11249433106575964,sil,0.0024350020309243364,72.05115656504445
studio_M1.wav,pyin8_energy_0.08,11,0.12249433106575963,sil,0.003107523455559579,72.46854466889643
studio_M1.wav,pyin8_energy_0.08,12,0.13249433106575964,sil,0.004150890714033846,76.77774857862381
studio_M1.wav,pyin8_energy_0.08,13,0.14249433106575965,sil,0.003769491731179496,75.89588092109929
studio_M1.wav,pyin8_energy_0.08,14,0.15249433106575963,sil,0.00291992800312044,70.40550587474974
studio_M1.wav,pyin8_energy_0.08,173,1.7424943310657597,v,0.042015877099645306,73.7352725168385
studio_M1.wav,pyin8_energy_0.08,174,1.7524943310657597,v,0.034661907093010015,73.31058859744387
studio_M1.wav,pyin8_energy_0.08,175,1.7624943310657597,v,0.031158807950419816,72.88835067743645
studio_M1.wav,pyin8_energy_0.08,176,1.7724943310657597,v,0.026826504763423693,73.31058859744387
studio_M1.wav,pyin8_energy_0.08,177,1.7824943310657597,uv,0.026653727175265624,72.88835067743645
studio_M1.wav,pyin8_energy_0.08,178,1.7924943310657597,uv,0.026095049157929054,71.22357844718805
studio_M1.wav,pyin8_energy_0.08,179,1.8024943310657597,uv,0.05629728318104134,73.31058859744387
studio_M1.wav,pyin8_energy_0.08,205,2.0624943310657597,sil,0.048428906805938296,89.73608573445102
studio_M1.wav,pyin8_energy_0.08,239,2.4024943310657596,sil,0.007262887536040602,146.62117719488774
studio_M1.wav,pyin8_energy_0.08,240,2.41249433106576,sil,0.007365609283161636,146.62117719488774
studio_M1.wav,pyin8_energy_0.08,241,2.4224943310657596,sil,0.006685519391925563,144.93708933779286
studio_M1.wav,pyin8_energy_0.08,242,2.43249433106576,sil,0.005866843356403573,143.27234487954848
studio_M1.wav,pyin8_energy_0.08,243,2.4424943310657596,sil,0.005973813398545832,141.62672164226916
studio_M1.wav,pyin8_energy_0.08,244,2.4524943310657594,sil,0.005402409892712546,141.62672164226916
studio_M1.wav,pyin8_energy_0.08,245,2.4624943310657597,sil,0.005909425193935574,138.39196284940547
studio_M1.wav,pyin8_energy_0.08,246,2.4724943310657594,sil,0.005842814261165524,137.59488379633515
studio_M1.wav,pyin8_energy_0.08,247,2.4824943310657597,sil,0.005450252157006428,144.1023131300889
studio_M1.wav,pyin8_energy_0.08,248,2.4924943310657595,sil,0.005415091252204792,144.1023131300889
studio_M1.wav,pyin8_energy_0.08,249,2.5024943310657597,sil,0.005730178361050613,143.27234487954848
studio_M1.wav,pyin8_energy_0.08,250,2.5124943310657595,sil,0.004947751697558309,140.81101174949947
studio_M1.wav,pyin8_energy_0.08,251,2.5224943310657597,sil,0.0035910676023726876,141.62672164226916
studio_M1.wav,pyin8_energy_0.08,252,2.5324943310657595,sil,0.003183808818985822,140.0
studio_M1.wav,pyin8_energy_0.08,253,2.5424943310657597,sil,0.0031865203151565306,140.81101174949947
studio_M1.wav,pyin8_energy_0.08,254,2.5524943310657595,sil,0.003119832202854055,150.91750562599972
studio_M1.wav,pyin8_energy_0.08,255,2.5624943310657597,sil,0.003146889359046916,146.62117719488774
studio_M1.wav,pyin8_energy_0.08,256,2.5724943310657595,sil,0.003122385518746995,140.0
studio_M1.wav,pyin8_energy_0.08,257,2.5824943310657598,sil,0.0035139103858314842,138.39196284940547
studio_M1.wav,pyin8_energy_0.08,258,2.5924943310657595,sil,0.003439815123433449,146.62117719488774
studio_M1.wav,pyin8_energy_0.08,259,2.60249433106576,sil,0.0032253210124160415,138.39196284940547
studio_M1.wav,pyin8_energy_0.08,260,2.6124943310657596,sil,0.003135602046274658,131.38131953396004
studio_M1.wav,pyin8_energy_0.08,261,2.62249433106576,sil,0.0032426470470601,136.80239558079444
studio_M1.wav,pyin8_energy_0.08,262,2.6324943310657596,sil,0.00329537987988056,139.19365933445664
studio_M1.wav,pyin8_energy_0.08,263,2.64249433106576,sil,0.003126434582262784,140.0
studio_M1.wav,pyin8_energy_0.08,264,2.6524943310657596,sil,0.0025216945532291514,136.0144717615048
studio_M1.wav,pyin8_energy_0.08,265,2.66249433106576,sil,0.0022682841886916723,130.62461881515304
studio_M1.wav,pyin8_energy_0.08,266,2.6724943310657596,sil,0.0021257173993485708,131.38131953396004
studio_M1.wav,pyin8_energy_0.08,267,2.68249433106576,sil,0.0018807252176543225,131.38131953396004
