file,mode,label,frames,rms,zero_fraction,centroid_0_8000_hz,fraction_0_70,fraction_70_1000,fraction_1000_4000,fraction_4000_8000
phone_F1.wav,common_16k,sil,89,0.009540638881548909,0.0026966292134831464,765.1783111726921,0.204464913157122,0.4939808100781754,0.300517226179743,0.0010370505849596043
phone_F1.wav,common_16k,uv,32,0.01659023827820657,0.00140625,841.3356513276481,0.08760184287983852,0.7559616073273839,0.09309511845710546,0.06334143133567208
phone_F1.wav,common_16k,v,111,0.193161149851159,0.00018018018018018018,477.90916805600483,0.0013654297614286903,0.961176521232099,0.03702105806597467,0.0004369909404977605
phone_F1.wav,native,sil,89,0.009540638881548909,0.0026966292134831464,765.1783111726921,0.204464913157122,0.4939808100781754,0.300517226179743,0.0010370505849596043
phone_F1.wav,native,uv,32,0.01659023827820657,0.00140625,841.3356513276481,0.08760184287983852,0.7559616073273839,0.09309511845710546,0.06334143133567208
phone_F1.wav,native,v,111,0.193161149851159,0.00018018018018018018,477.90916805600483,0.0013654297614286903,0.961176521232099,0.03702105806597467,0.0004369909404977605
phone_M1.wav,common_16k,sil,97,0.0034416560585469303,0.005902061855670104,889.120831403809,0.11396312756927986,0.6723753942115848,0.16882399392724173,0.044837484291893756
phone_M1.wav,common_16k,uv,32,0.039193929072872634,0.0032031250000000002,5988.771893492345,0.0009566827426347167,0.025949035461415353,0.013823741621970646,0.9592705401739793
phone_M1.wav,common_16k,v,208,0.05589794970405052,0.0005528846153846154,773.2250388360868,0.001711615298853053,0.8661837231221935,0.10231500404690903,0.029789657532044597
phone_M1.wav,native,sil,97,0.0034416560585469303,0.005902061855670104,889.120831403809,0.11396312756927986,0.6723753942115848,0.16882399392724173,0.044837484291893756
phone_M1.wav,native,uv,32,0.039193929072872634,0.0032031250000000002,5988.771893492345,0.0009566827426347167,0.025949035461415353,0.013823741621970646,0.9592705401739793
phone_M1.wav,native,v,208,0.05589794970405052,0.0005528846153846154,773.2250388360868,0.001711615298853053,0.8661837231221935,0.10231500404690903,0.029789657532044597
studio_F1.wav,common_16k,sil,127,0.0007996844463552987,0.0,1314.8694570019134,0.040081031523890094,0.4532950937982293,0.4506806853491777,0.0559431893287027
studio_F1.wav,common_16k,v,87,0.08399858097803686,0.0,590.4591426568584,0.0005849638052234396,0.8545658389207463,0.14071705428847228,0.004132142985558167
studio_F1.wav,native,sil,127,0.000804020507706336,0.025086814238964236,1325.7506193567524,0.04174014814585153,0.44900183435065305,0.45159170093307965,0.0576663165704157
studio_F1.wav,native,v,87,0.08403400457399156,0.00011473392160544046,592.3917661898888,0.0006520747271228181,0.8535984899188926,0.14132532350435958,0.004424111849624819
studio_M1.wav,common_16k,sil,142,0.0006912463484965788,0.0,1038.037007853046,0.031117909213132833,0.6015889745013755,0.33200572910051784,0.035287387184973526
studio_M1.wav,common_16k,uv,3,0.01428255722569965,0.0,3535.2924986929543,0.0019814542332404917,0.10036439859232832,0.6385243348812342,0.259129812293197
studio_M1.wav,common_16k,v,70,0.059761227459432416,0.0,468.0303980017954,0.015996890557442384,0.8763181059993095,0.10538261601643116,0.0023023874268170126
studio_M1.wav,native,sil,142,0.0006921620838992353,0.03321106311188364,1041.6372336274294,0.03321644081885902,0.5988088435411147,0.33208351039915934,0.03589120524086687
studio_M1.wav,native,uv,3,0.014584346728014595,0.003327283726557774,3616.728451893985,0.0020837500295418083,0.09771992773584241,0.6265916995019404,0.2736046227326755
studio_M1.wav,native,v,70,0.05973893872691563,0.00045372050816696913,467.92887578464325,0.018047668300426117,0.8741861326999082,0.10541352066979325,0.0023526783298722844
