protocol,device_name,files,average_mape,F0mean_mape,F0std_mape,F0num_mape
H20_H18_nested_outer_train,phone,2,13.904534032445481,0.8866302884349303,34.33233061598446,6.494641192917054
H20_H18_nested_outer_train,studio,2,2.6871775653043968,0.8035645208054666,2.7112042035310004,4.546763971576723
H20_H19_nested_outer_train,phone,2,13.47791286887444,1.4128315629114492,24.837542644830233,14.18336439888164
H20_H19_nested_outer_train,studio,2,3.548517541067076,1.2790967717535224,3.6001796847490315,5.766276166698675
H20_accepted_outer_train,phone,2,11.613203683446741,1.1626414150718032,27.211452393889115,6.46551724137931
H20_accepted_outer_train,studio,2,2.9452686113551243,0.948783233849797,2.1207464335169,5.766276166698675
H31_fixed_0.30_train,phone,2,0.8051310896723712,0.6333421135934576,1.2286960762065082,0.5533550792171481
H31_fixed_0.30_train,studio,2,2.439783150806382,0.5410481931041928,3.374229817025727,3.404071442289226
H41_candidate_nested_train,phone,2,0.9283506709214269,0.6111034242042845,1.620593509342848,0.5533550792171481
H41_candidate_nested_train,studio,2,1.7368837931993588,0.45030107352652554,1.3562788637823249,3.404071442289226
H43_candidate_nested_train,phone,2,0.5581151502614065,0.6218336803132984,0.49915669125377266,0.5533550792171481
H43_candidate_nested_train,studio,2,1.9987280482482213,0.6773600442897816,1.9147526581656558,3.404071442289226
submitted_ACF_train_screenshot,phone,2,31.33,2.8,83.56,7.630000000000001
submitted_ACF_train_screenshot,studio,2,28.34,1.22,62.655,21.15
