evaluation,method,family,option_id,file,F0mean,F0std,F0num,F0mean_mape,F0std_mape,F0num_mape,average_mape,F0mean_abs_error,F0std_abs_error,TP,TN,FP,FN,recall_v,recall_uv,balanced_accuracy,macro_f1,accuracy_vu,false_voiced_sil
fixed,amdf_gate25_pitch40,H24,amdf_gate25_pitch40,phone_F1.wav,217.77239645980242,25.19662281456694,143,1.0076050370141132,22.31370298333465,3.3783783783783785,8.89989546624238,2.172396459802428,4.596622814566938,139,66,3,14,0.9084967320261438,0.9565217391304348,0.9325092355782894,0.9141394608121943,0.9234234234234234,1
fixed,amdf_gate25_pitch40,H24,amdf_gate25_pitch40,phone_M1.wav,123.38141294326718,17.287834239673103,209,0.2575481461057589,2.9037752361494173,9.913793103448276,4.35837216190115,0.3185870567328237,0.48783423967310213,203,56,6,41,0.8319672131147541,0.9032258064516129,0.8675965097831835,0.800324878170686,0.8464052287581699,0
fixed,amdf_gate25_pitch40,H24,amdf_gate25_pitch40,studio_F1.wav,231.0030297998601,35.483691803948226,115,0.6110756968031764,3.5769244457928577,9.448818897637794,4.545606346744609,1.403029799860093,1.3163081960517715,115,24,0,8,0.9349593495934959,1.0,0.967479674796748,0.9117647058823529,0.9455782312925171,0
fixed,amdf_gate25_pitch40,H24,amdf_gate25_pitch40,studio_M1.wav,115.34864744484261,24.012646729663214,78,1.3270766083467864,9.043004811881762,4.878048780487805,5.0827100669054515,1.5513525551573935,2.387353270336785,78,25,0,16,0.8297872340425532,1.0,0.9148936170212766,0.8322762508809021,0.865546218487395,0
fixed,praat7_filtered_v0.45,H40,praat7_filtered_v0.45,phone_F1.wav,215.76533902018934,21.043270776008214,139,0.07668785723068186,2.1517998835350114,6.081081081081081,2.7698562739489248,0.1653390201893501,0.4432707760082124,138,68,1,15,0.9019607843137255,0.9855072463768116,0.9437340153452686,0.9199711607786589,0.9279279279279279,0
fixed,praat7_filtered_v0.45,H40,praat7_filtered_v0.45,phone_M1.wav,122.71352295287272,17.061633950483532,226,0.797475381671205,1.5573449433543551,2.586206896551724,1.6470090738590948,0.9864770471272806,0.26163395048353166,225,61,1,19,0.9221311475409836,0.9838709677419355,0.9530010576414596,0.9083008690440515,0.934640522875817,0
fixed,praat7_filtered_v0.45,H40,praat7_filtered_v0.45,studio_F1.wav,231.60073929588455,36.11102038994089,122,0.8714021323539012,1.8722272012475736,3.937007874015748,2.226879069205741,2.000739295884557,0.688979610059107,118,20,4,5,0.959349593495935,0.8333333333333334,0.8963414634146342,0.889795918367347,0.9387755102040817,0
fixed,praat7_filtered_v0.45,H40,praat7_filtered_v0.45,studio_M1.wav,116.98554285530822,25.49171543017248,84,0.07317609521661175,3.4404718554072677,2.4390243902439024,1.984224113622594,0.08554285530821915,0.9082845698275186,80,21,4,14,0.851063829787234,0.84,0.845531914893617,0.799438202247191,0.8487394957983193,0
fixed,yaapt_f25,H40,yaapt_f25,phone_F1.wav,212.41418447960902,20.398888066302103,147,1.4776509834837546,0.9762715228053329,0.6756756756756757,1.0431993939882542,3.1858155203909746,0.2011119336978986,144,66,3,9,0.9411764705882353,0.9565217391304348,0.948849104859335,0.9383333333333332,0.9459459459459459,0
fixed,yaapt_f25,H40,yaapt_f25,phone_M1.wav,121.37573429712951,16.74824560234646,229,1.8789536805743663,0.30806189079487667,1.293103448275862,1.160039673215035,2.324265702870491,0.051754397653539286,226,59,3,18,0.9262295081967213,0.9516129032258065,0.9389212057112639,0.9022617001536193,0.9313725490196079,0
fixed,yaapt_f25,H40,yaapt_f25,studio_F1.wav,227.47113158128363,34.82176205408672,123,0.9272074994409257,5.375646592155649,3.1496062992125986,3.1508201302697247,2.1288684187163653,1.9782379459132784,119,21,3,4,0.967479674796748,0.875,0.921239837398374,0.9142857142857143,0.9523809523809523,1
fixed,yaapt_f25,H40,yaapt_f25,studio_M1.wav,113.95164860589867,24.302707976420105,89,2.522114109581982,7.944287968105656,8.536585365853659,6.334329147847099,2.948351394101337,2.097292023579893,87,23,2,7,0.925531914893617,0.92,0.9227659574468086,0.8935916542473918,0.9243697478991597,0
fixed,yaapt_f35,H40,yaapt_f35,phone_F1.wav,213.39455914802664,20.092568051728197,146,1.0229317495238173,2.4632618848145853,1.3513513513513513,1.6125149952299178,2.20544085197335,0.5074319482718046,143,66,3,10,0.934640522875817,0.9565217391304348,0.9455811310031259,0.9334332833583209,0.9414414414414415,0
fixed,yaapt_f35,H40,yaapt_f35,phone_M1.wav,120.55224463262881,17.1158077106827,236,2.544668849936289,1.879807801682726,1.7241379310344827,2.0495381942178326,3.1477553673711895,0.315807710682698,230,57,5,14,0.9426229508196722,0.9193548387096774,0.9309888947646747,0.9087384431852072,0.9379084967320261,1
fixed,yaapt_f35,H40,yaapt_f35,studio_F1.wav,229.03287775542327,35.27947242733662,125,0.24700446192365974,4.131868403976565,1.5748031496062993,1.984558671835508,0.5671222445767228,1.5205275726633758,119,19,5,4,0.967479674796748,0.7916666666666666,0.8795731707317074,0.8860366956671548,0.9387755102040817,1
fixed,yaapt_f35,H40,yaapt_f35,studio_M1.wav,113.85768662262251,23.766256724481742,93,2.602492196216849,9.976300286054002,13.414634146341463,8.66447554287077,3.0423133773774964,2.633743275518256,87,19,6,7,0.925531914893617,0.76,0.8427659574468085,0.8377896613190732,0.8907563025210085,0
fixed,yaapt_f45,H40,yaapt_f45,phone_F1.wav,212.86815797599655,19.908177073887682,153,1.2670881372928764,3.358363718991842,3.3783783783783785,2.6679434115543654,2.7318420240034413,0.6918229261123194,147,63,6,6,0.9607843137254902,0.9130434782608695,0.9369138959931799,0.9369138959931799,0.9459459459459459,0
fixed,yaapt_f45,H40,yaapt_f45,phone_M1.wav,121.02795068391339,17.15267493061615,237,2.160104540086188,2.0992555393818444,2.1551724137931036,2.1381774977537122,2.672049316086614,0.35267493061614985,231,57,5,13,0.9467213114754098,0.9193548387096774,0.9330380750925436,0.9130681818181818,0.9411764705882353,1
fixed,yaapt_f45,H40,yaapt_f45,studio_F1.wav,229.5190199101271,35.068578887525696,129,0.035270073986452606,4.704948675201906,1.5748031496062993,2.105007299598219,0.08098008987289518,1.731421112474301,121,18,6,2,0.983739837398374,0.75,0.8668699186991871,0.8930909090909092,0.9455782312925171,2
fixed,yaapt_f45,H40,yaapt_f45,studio_M1.wav,112.82711852799969,23.318198568020264,96,3.4840731154835916,11.673490272650508,17.073170731707318,10.743578039947138,4.072881472000319,3.081801431979734,88,18,7,6,0.9361702127659575,0.72,0.8280851063829787,0.8329554043839758,0.8907563025210085,1
nested,H40_nested,H40,praat7_filtered_v0.45,phone_F1.wav,215.76533902018934,21.043270776008214,139,0.07668785723068186,2.1517998835350114,6.081081081081081,2.7698562739489248,0.1653390201893501,0.4432707760082124,138,68,1,15,0.9019607843137255,0.9855072463768116,0.9437340153452686,0.9199711607786589,0.9279279279279279,0
nested,H40_nested,H40,praat7_filtered_v0.45,phone_M1.wav,122.71352295287272,17.061633950483532,226,0.797475381671205,1.5573449433543551,2.586206896551724,1.6470090738590948,0.9864770471272806,0.26163395048353166,225,61,1,19,0.9221311475409836,0.9838709677419355,0.9530010576414596,0.9083008690440515,0.934640522875817,0
nested,H40_nested,H40,praat7_filtered_v0.45,studio_F1.wav,231.60073929588455,36.11102038994089,122,0.8714021323539012,1.8722272012475736,3.937007874015748,2.226879069205741,2.000739295884557,0.688979610059107,118,20,4,5,0.959349593495935,0.8333333333333334,0.8963414634146342,0.889795918367347,0.9387755102040817,0
nested,H40_nested,H40,praat7_filtered_v0.45,studio_M1.wav,116.98554285530822,25.49171543017248,84,0.07317609521661175,3.4404718554072677,2.4390243902439024,1.984224113622594,0.08554285530821915,0.9082845698275186,80,21,4,14,0.851063829787234,0.84,0.845531914893617,0.799438202247191,0.8487394957983193,0
