outer_held,inner_held,option_id,fit_pool,eval_file_in_fit,file,F0mean,F0std,F0num,F0mean_mape,F0std_mape,F0num_mape,average_mape,F0mean_abs_error,F0std_abs_error,TP,TN,FP,FN,recall_v,recall_uv,balanced_accuracy,macro_f1,accuracy_vu,false_voiced_sil
final,phone_F1.wav,energy07,,False,phone_F1.wav,217.5292405251851,21.20648211264417,151,0.8948239912732345,2.9440879254571324,2.027027027027027,1.9553129812524646,1.9292405251850937,0.6064821126441693,142,60,9,11,0.9281045751633987,0.8695652173913043,0.8988348962773516,0.8956766917293233,0.9099099099099099,0
final,phone_F1.wav,recover5_C0.1,phone_M1.wav|studio_F1.wav|studio_M1.wav,False,phone_F1.wav,217.6817438519607,21.267568104779084,153,0.9655583728945777,3.2406218678596233,3.3783783783783785,2.5281862063775264,2.0817438519607094,0.6675681047790825,144,60,9,9,0.9411764705882353,0.8695652173913043,0.9053708439897699,0.9053708439897699,0.918918918918919,0
final,phone_F1.wav,recover5_C1,phone_M1.wav|studio_F1.wav|studio_M1.wav,False,phone_F1.wav,217.6817438519607,21.267568104779084,153,0.9655583728945777,3.2406218678596233,3.3783783783783785,2.5281862063775264,2.0817438519607094,0.6675681047790825,144,60,9,9,0.9411764705882353,0.8695652173913043,0.9053708439897699,0.9053708439897699,0.918918918918919,0
final,phone_F1.wav,recover5_C10,phone_M1.wav|studio_F1.wav|studio_M1.wav,False,phone_F1.wav,217.69083778003957,21.33711602231602,152,0.9697763358254075,3.5782331180389297,2.7027027027027026,2.4169040521890133,2.0908377800395783,0.7371160223160196,144,61,8,9,0.9411764705882353,0.8840579710144928,0.9126172208013641,0.910980068404293,0.9234234234234234,0
final,phone_M1.wav,energy07,,False,phone_M1.wav,124.08987439285497,17.09747458648309,231,0.3151773588156536,1.7706820623993498,0.43103448275862066,0.8389646346578746,0.3898743928549635,0.2974745864830908,216,47,15,28,0.8852459016393442,0.7580645161290323,0.8216552088841882,0.7978025355359202,0.8594771241830066,0
final,phone_M1.wav,recover5_C0.1,phone_F1.wav|studio_F1.wav|studio_M1.wav,False,phone_M1.wav,124.4453916999716,22.242834905050508,222,0.6025801939948193,32.39782681577683,4.310344827586207,12.436917279119285,0.7453916999715915,5.442834905050507,219,59,3,25,0.8975409836065574,0.9516129032258065,0.9245769434161819,0.8740666705861603,0.9084967320261438,0
final,phone_M1.wav,recover5_C1,phone_F1.wav|studio_F1.wav|studio_M1.wav,False,phone_M1.wav,124.4453916999716,22.242834905050508,222,0.6025801939948193,32.39782681577683,4.310344827586207,12.436917279119285,0.7453916999715915,5.442834905050507,219,59,3,25,0.8975409836065574,0.9516129032258065,0.9245769434161819,0.8740666705861603,0.9084967320261438,0
final,phone_M1.wav,recover5_C10,phone_F1.wav|studio_F1.wav|studio_M1.wav,False,phone_M1.wav,124.45971236471462,22.251300668616537,222,0.6141571258808538,32.44821826557462,4.310344827586207,12.457573406347224,0.7597123647146162,5.451300668616536,220,60,2,24,0.9016393442622951,0.967741935483871,0.934690639873083,0.8830619084014345,0.9150326797385621,0
final,studio_F1.wav,energy07,,False,studio_F1.wav,231.47539353520264,36.47003849277122,122,0.8168090310116061,0.8966345305129911,3.937007874015748,1.8834838118467818,1.8753935352026474,0.3299615072287807,117,20,4,6,0.9512195121951219,0.8333333333333334,0.8922764227642277,0.8795081967213114,0.9319727891156463,1
final,studio_F1.wav,recover5_C0.1,phone_F1.wav|phone_M1.wav|studio_M1.wav,False,studio_F1.wav,230.0314747734095,36.880016738789266,122,0.18792455287871046,0.21743679018822967,3.937007874015748,1.4474564056942294,0.43147477340951923,0.08001673878926852,118,21,3,5,0.959349593495935,0.875,0.9171747967479675,0.9036065573770491,0.9455782312925171,1
final,studio_F1.wav,recover5_C1,phone_F1.wav|phone_M1.wav|studio_M1.wav,False,studio_F1.wav,230.0314747734095,36.880016738789266,122,0.18792455287871046,0.21743679018822967,3.937007874015748,1.4474564056942294,0.43147477340951923,0.08001673878926852,118,21,3,5,0.959349593495935,0.875,0.9171747967479675,0.9036065573770491,0.9455782312925171,1
final,studio_F1.wav,recover5_C10,phone_F1.wav|phone_M1.wav|studio_M1.wav,False,studio_F1.wav,230.0314747734095,36.880016738789266,122,0.18792455287871046,0.21743679018822967,3.937007874015748,1.4474564056942294,0.43147477340951923,0.08001673878926852,118,21,3,5,0.959349593495935,0.875,0.9171747967479675,0.9036065573770491,0.9455782312925171,1
final,studio_M1.wav,energy07,,False,studio_M1.wav,117.66421470966492,26.658475905644895,82,0.6537337122882058,0.9790754001700631,0.0,0.5442697041527563,0.7642147096649126,0.25847590564489664,80,23,2,14,0.851063829787234,0.92,0.885531914893617,0.8255131964809383,0.865546218487395,0
final,studio_M1.wav,recover5_C0.1,phone_F1.wav|phone_M1.wav|studio_F1.wav,False,studio_M1.wav,116.28381794692022,26.11409728427644,87,0.5271018418133299,1.0829648322862073,6.097560975609756,2.569209216569764,0.6161820530797826,0.28590271572355874,85,23,2,9,0.9042553191489362,0.92,0.9121276595744681,0.8731220315983328,0.907563025210084,0
final,studio_M1.wav,recover5_C1,phone_F1.wav|phone_M1.wav|studio_F1.wav,False,studio_M1.wav,116.93239604357846,26.660711700248427,88,0.027712612128707004,0.9875443191228361,7.317073170731708,2.7774433673277503,0.03239604357845849,0.2607117002484287,85,22,3,9,0.9042553191489362,0.88,0.892127659574468,0.8598901098901099,0.8991596638655462,0
final,studio_M1.wav,recover5_C10,phone_F1.wav|phone_M1.wav|studio_F1.wav,False,studio_M1.wav,116.93239604357846,26.660711700248427,88,0.027712612128707004,0.9875443191228361,7.317073170731708,2.7774433673277503,0.03239604357845849,0.2607117002484287,85,22,3,9,0.9042553191489362,0.88,0.892127659574468,0.8598901098901099,0.8991596638655462,0
phone_F1.wav,phone_M1.wav,energy07,,False,phone_M1.wav,124.08987439285497,17.09747458648309,231,0.3151773588156536,1.7706820623993498,0.43103448275862066,0.8389646346578746,0.3898743928549635,0.2974745864830908,216,47,15,28,0.8852459016393442,0.7580645161290323,0.8216552088841882,0.7978025355359202,0.8594771241830066,0
phone_F1.wav,phone_M1.wav,recover5_C0.1,studio_F1.wav|studio_M1.wav,False,phone_M1.wav,124.38562794184514,22.210764099522866,223,0.5542667274415042,32.20692916382657,3.8793103448275863,12.213502078698554,0.6856279418451408,5.410764099522865,220,59,3,24,0.9016393442622951,0.9516129032258065,0.9266261237440507,0.8779886288119323,0.9117647058823529,0
phone_F1.wav,phone_M1.wav,recover5_C1,studio_F1.wav|studio_M1.wav,False,phone_M1.wav,124.51052312784488,22.098342937940508,226,0.6552329246927034,31.53775558297921,2.586206896551724,11.593065134741211,0.8105231278448741,5.298342937940507,222,58,4,22,0.9098360655737705,0.9354838709677419,0.9226599682707561,0.880791129757267,0.9150326797385621,0
phone_F1.wav,phone_M1.wav,recover5_C10,studio_F1.wav|studio_M1.wav,False,phone_M1.wav,124.51052312784488,22.098342937940508,226,0.6552329246927034,31.53775558297921,2.586206896551724,11.593065134741211,0.8105231278448741,5.298342937940507,222,58,4,22,0.9098360655737705,0.9354838709677419,0.9226599682707561,0.880791129757267,0.9150326797385621,0
phone_F1.wav,studio_F1.wav,energy07,,False,studio_F1.wav,231.47539353520264,36.47003849277122,122,0.8168090310116061,0.8966345305129911,3.937007874015748,1.8834838118467818,1.8753935352026474,0.3299615072287807,117,20,4,6,0.9512195121951219,0.8333333333333334,0.8922764227642277,0.8795081967213114,0.9319727891156463,1
phone_F1.wav,studio_F1.wav,recover5_C0.1,phone_M1.wav|studio_M1.wav,False,studio_F1.wav,230.0314747734095,36.880016738789266,122,0.18792455287871046,0.21743679018822967,3.937007874015748,1.4474564056942294,0.43147477340951923,0.08001673878926852,118,21,3,5,0.959349593495935,0.875,0.9171747967479675,0.9036065573770491,0.9455782312925171,1
phone_F1.wav,studio_F1.wav,recover5_C1,phone_M1.wav|studio_M1.wav,False,studio_F1.wav,230.0314747734095,36.880016738789266,122,0.18792455287871046,0.21743679018822967,3.937007874015748,1.4474564056942294,0.43147477340951923,0.08001673878926852,118,21,3,5,0.959349593495935,0.875,0.9171747967479675,0.9036065573770491,0.9455782312925171,1
phone_F1.wav,studio_F1.wav,recover5_C10,phone_M1.wav|studio_M1.wav,False,studio_F1.wav,230.0314747734095,36.880016738789266,122,0.18792455287871046,0.21743679018822967,3.937007874015748,1.4474564056942294,0.43147477340951923,0.08001673878926852,118,21,3,5,0.959349593495935,0.875,0.9171747967479675,0.9036065573770491,0.9455782312925171,1
phone_F1.wav,studio_M1.wav,energy07,,False,studio_M1.wav,117.66421470966492,26.658475905644895,82,0.6537337122882058,0.9790754001700631,0.0,0.5442697041527563,0.7642147096649126,0.25847590564489664,80,23,2,14,0.851063829787234,0.92,0.885531914893617,0.8255131964809383,0.865546218487395,0
phone_F1.wav,studio_M1.wav,recover5_C0.1,phone_M1.wav|studio_F1.wav,False,studio_M1.wav,116.93239604357846,26.660711700248427,88,0.027712612128707004,0.9875443191228361,7.317073170731708,2.7774433673277503,0.03239604357845849,0.2607117002484287,85,22,3,9,0.9042553191489362,0.88,0.892127659574468,0.8598901098901099,0.8991596638655462,0
phone_F1.wav,studio_M1.wav,recover5_C1,phone_M1.wav|studio_F1.wav,False,studio_M1.wav,116.93239604357846,26.660711700248427,88,0.027712612128707004,0.9875443191228361,7.317073170731708,2.7774433673277503,0.03239604357845849,0.2607117002484287,85,22,3,9,0.9042553191489362,0.88,0.892127659574468,0.8598901098901099,0.8991596638655462,0
phone_F1.wav,studio_M1.wav,recover5_C10,phone_M1.wav|studio_F1.wav,False,studio_M1.wav,116.93239604357846,26.660711700248427,88,0.027712612128707004,0.9875443191228361,7.317073170731708,2.7774433673277503,0.03239604357845849,0.2607117002484287,85,22,3,9,0.9042553191489362,0.88,0.892127659574468,0.8598901098901099,0.8991596638655462,0
phone_M1.wav,phone_F1.wav,energy07,,False,phone_F1.wav,217.5292405251851,21.20648211264417,151,0.8948239912732345,2.9440879254571324,2.027027027027027,1.9553129812524646,1.9292405251850937,0.6064821126441693,142,60,9,11,0.9281045751633987,0.8695652173913043,0.8988348962773516,0.8956766917293233,0.9099099099099099,0
phone_M1.wav,phone_F1.wav,recover5_C0.1,studio_F1.wav|studio_M1.wav,False,phone_F1.wav,217.94454556326332,21.352286196204616,150,1.0874515599551595,3.6518747388573543,1.3513513513513513,2.030225883387955,2.344545563263324,0.752286196204615,143,62,7,10,0.934640522875817,0.8985507246376812,0.9165956237567491,0.9116635067762096,0.9234234234234234,0
phone_M1.wav,phone_F1.wav,recover5_C1,studio_F1.wav|studio_M1.wav,False,phone_F1.wav,217.85863464848927,21.30746090022785,151,1.04760419688742,3.434276214698287,2.027027027027027,2.169635812870911,2.258634648489277,0.7074609002278471,144,62,7,9,0.9411764705882353,0.8985507246376812,0.9198635976129582,0.9165413533834585,0.9279279279279279,0
phone_M1.wav,phone_F1.wav,recover5_C10,studio_F1.wav|studio_M1.wav,False,phone_F1.wav,217.85863464848927,21.30746090022785,151,1.04760419688742,3.434276214698287,2.027027027027027,2.169635812870911,2.258634648489277,0.7074609002278471,144,62,7,9,0.9411764705882353,0.8985507246376812,0.9198635976129582,0.9165413533834585,0.9279279279279279,0
phone_M1.wav,studio_F1.wav,energy07,,False,studio_F1.wav,231.47539353520264,36.47003849277122,122,0.8168090310116061,0.8966345305129911,3.937007874015748,1.8834838118467818,1.8753935352026474,0.3299615072287807,117,20,4,6,0.9512195121951219,0.8333333333333334,0.8922764227642277,0.8795081967213114,0.9319727891156463,1
phone_M1.wav,studio_F1.wav,recover5_C0.1,phone_F1.wav|studio_M1.wav,False,studio_F1.wav,229.71021072513787,36.861697372741276,121,0.04800118690674018,0.16765590418825654,4.724409448818897,1.6466888466379646,0.11021072513787544,0.0616973727412784,118,22,2,5,0.959349593495935,0.9166666666666666,0.9380081300813008,0.9169692568385379,0.9523809523809523,1
phone_M1.wav,studio_F1.wav,recover5_C1,phone_F1.wav|studio_M1.wav,False,studio_F1.wav,230.0314747734095,36.880016738789266,122,0.18792455287871046,0.21743679018822967,3.937007874015748,1.4474564056942294,0.43147477340951923,0.08001673878926852,118,21,3,5,0.959349593495935,0.875,0.9171747967479675,0.9036065573770491,0.9455782312925171,1
phone_M1.wav,studio_F1.wav,recover5_C10,phone_F1.wav|studio_M1.wav,False,studio_F1.wav,230.0314747734095,36.880016738789266,122,0.18792455287871046,0.21743679018822967,3.937007874015748,1.4474564056942294,0.43147477340951923,0.08001673878926852,118,21,3,5,0.959349593495935,0.875,0.9171747967479675,0.9036065573770491,0.9455782312925171,1
phone_M1.wav,studio_M1.wav,energy07,,False,studio_M1.wav,117.66421470966492,26.658475905644895,82,0.6537337122882058,0.9790754001700631,0.0,0.5442697041527563,0.7642147096649126,0.25847590564489664,80,23,2,14,0.851063829787234,0.92,0.885531914893617,0.8255131964809383,0.865546218487395,0
phone_M1.wav,studio_M1.wav,recover5_C0.1,phone_F1.wav|studio_F1.wav,False,studio_M1.wav,115.6888221434747,25.672474403270886,86,1.036080287874517,2.755778775489062,4.878048780487805,2.8899692812837947,1.2111778565253104,0.7275255967291123,84,23,2,10,0.8936170212765957,0.92,0.9068085106382979,0.8632183908045977,0.8991596638655462,0
phone_M1.wav,studio_M1.wav,recover5_C1,phone_F1.wav|studio_F1.wav,False,studio_M1.wav,115.6888221434747,25.672474403270886,86,1.036080287874517,2.755778775489062,4.878048780487805,2.8899692812837947,1.2111778565253104,0.7275255967291123,84,23,2,10,0.8936170212765957,0.92,0.9068085106382979,0.8632183908045977,0.8991596638655462,0
phone_M1.wav,studio_M1.wav,recover5_C10,phone_F1.wav|studio_F1.wav,False,studio_M1.wav,115.28569112051999,25.550998398002264,85,1.3809314623439013,3.2159151590823285,3.658536585365854,2.751794402264028,1.6143088794800207,0.8490016019977347,83,23,2,11,0.8829787234042553,0.92,0.9014893617021277,0.8535176593125651,0.8907563025210085,0
studio_F1.wav,phone_F1.wav,energy07,,False,phone_F1.wav,217.5292405251851,21.20648211264417,151,0.8948239912732345,2.9440879254571324,2.027027027027027,1.9553129812524646,1.9292405251850937,0.6064821126441693,142,60,9,11,0.9281045751633987,0.8695652173913043,0.8988348962773516,0.8956766917293233,0.9099099099099099,0
studio_F1.wav,phone_F1.wav,recover5_C0.1,phone_M1.wav|studio_M1.wav,False,phone_F1.wav,217.89742538367102,21.36561987769582,154,1.065596189086747,3.716601348037957,4.054054054054054,2.945417197059586,2.297425383671026,0.7656198776958192,144,59,10,9,0.9411764705882353,0.855072463768116,0.8981244671781756,0.8997123088994032,0.9144144144144144,0
studio_F1.wav,phone_F1.wav,recover5_C1,phone_M1.wav|studio_M1.wav,False,phone_F1.wav,217.89742538367102,21.36561987769582,154,1.065596189086747,3.716601348037957,4.054054054054054,2.945417197059586,2.297425383671026,0.7656198776958192,144,59,10,9,0.9411764705882353,0.855072463768116,0.8981244671781756,0.8997123088994032,0.9144144144144144,0
studio_F1.wav,phone_F1.wav,recover5_C10,phone_M1.wav|studio_M1.wav,False,phone_F1.wav,217.89742538367102,21.36561987769582,154,1.065596189086747,3.716601348037957,4.054054054054054,2.945417197059586,2.297425383671026,0.7656198776958192,144,59,10,9,0.9411764705882353,0.855072463768116,0.8981244671781756,0.8997123088994032,0.9144144144144144,0
studio_F1.wav,phone_M1.wav,energy07,,False,phone_M1.wav,124.08987439285497,17.09747458648309,231,0.3151773588156536,1.7706820623993498,0.43103448275862066,0.8389646346578746,0.3898743928549635,0.2974745864830908,216,47,15,28,0.8852459016393442,0.7580645161290323,0.8216552088841882,0.7978025355359202,0.8594771241830066,0
studio_F1.wav,phone_M1.wav,recover5_C0.1,phone_F1.wav|studio_M1.wav,False,phone_M1.wav,124.4453916999716,22.242834905050508,222,0.6025801939948193,32.39782681577683,4.310344827586207,12.436917279119285,0.7453916999715915,5.442834905050507,219,59,3,25,0.8975409836065574,0.9516129032258065,0.9245769434161819,0.8740666705861603,0.9084967320261438,0
studio_F1.wav,phone_M1.wav,recover5_C1,phone_F1.wav|studio_M1.wav,False,phone_M1.wav,124.51152742927422,22.2147729333334,223,0.6560448094375274,32.23079126984166,3.8793103448275863,12.255382141368925,0.8115274292742214,5.414772933333399,220,59,3,24,0.9016393442622951,0.9516129032258065,0.9266261237440507,0.8779886288119323,0.9117647058823529,0
studio_F1.wav,phone_M1.wav,recover5_C10,phone_F1.wav|studio_M1.wav,False,phone_M1.wav,124.51152742927422,22.2147729333334,223,0.6560448094375274,32.23079126984166,3.8793103448275863,12.255382141368925,0.8115274292742214,5.414772933333399,220,59,3,24,0.9016393442622951,0.9516129032258065,0.9266261237440507,0.8779886288119323,0.9117647058823529,0
studio_F1.wav,studio_M1.wav,energy07,,False,studio_M1.wav,117.66421470966492,26.658475905644895,82,0.6537337122882058,0.9790754001700631,0.0,0.5442697041527563,0.7642147096649126,0.25847590564489664,80,23,2,14,0.851063829787234,0.92,0.885531914893617,0.8255131964809383,0.865546218487395,0
studio_F1.wav,studio_M1.wav,recover5_C0.1,phone_F1.wav|phone_M1.wav,False,studio_M1.wav,116.93239604357846,26.660711700248427,88,0.027712612128707004,0.9875443191228361,7.317073170731708,2.7774433673277503,0.03239604357845849,0.2607117002484287,85,22,3,9,0.9042553191489362,0.88,0.892127659574468,0.8598901098901099,0.8991596638655462,0
studio_F1.wav,studio_M1.wav,recover5_C1,phone_F1.wav|phone_M1.wav,False,studio_M1.wav,116.93239604357846,26.660711700248427,88,0.027712612128707004,0.9875443191228361,7.317073170731708,2.7774433673277503,0.03239604357845849,0.2607117002484287,85,22,3,9,0.9042553191489362,0.88,0.892127659574468,0.8598901098901099,0.8991596638655462,0
studio_F1.wav,studio_M1.wav,recover5_C10,phone_F1.wav|phone_M1.wav,False,studio_M1.wav,116.93239604357846,26.660711700248427,88,0.027712612128707004,0.9875443191228361,7.317073170731708,2.7774433673277503,0.03239604357845849,0.2607117002484287,85,22,3,9,0.9042553191489362,0.88,0.892127659574468,0.8598901098901099,0.8991596638655462,0
studio_M1.wav,phone_F1.wav,energy07,,False,phone_F1.wav,217.5292405251851,21.20648211264417,151,0.8948239912732345,2.9440879254571324,2.027027027027027,1.9553129812524646,1.9292405251850937,0.6064821126441693,142,60,9,11,0.9281045751633987,0.8695652173913043,0.8988348962773516,0.8956766917293233,0.9099099099099099,0
studio_M1.wav,phone_F1.wav,recover5_C0.1,phone_M1.wav|studio_F1.wav,False,phone_F1.wav,217.6817438519607,21.267568104779084,153,0.9655583728945777,3.2406218678596233,3.3783783783783785,2.5281862063775264,2.0817438519607094,0.6675681047790825,144,60,9,9,0.9411764705882353,0.8695652173913043,0.9053708439897699,0.9053708439897699,0.918918918918919,0
studio_M1.wav,phone_F1.wav,recover5_C1,phone_M1.wav|studio_F1.wav,False,phone_F1.wav,217.69083778003957,21.33711602231602,152,0.9697763358254075,3.5782331180389297,2.7027027027027026,2.4169040521890133,2.0908377800395783,0.7371160223160196,144,61,8,9,0.9411764705882353,0.8840579710144928,0.9126172208013641,0.910980068404293,0.9234234234234234,0
studio_M1.wav,phone_F1.wav,recover5_C10,phone_M1.wav|studio_F1.wav,False,phone_F1.wav,217.77506851081873,21.38244976420938,151,1.008844392773067,3.798299826259117,2.027027027027027,2.2780570820197372,2.1750685108187326,0.7824497642093782,143,61,8,10,0.934640522875817,0.8840579710144928,0.909349246945155,0.906109022556391,0.918918918918919,0
studio_M1.wav,phone_M1.wav,energy07,,False,phone_M1.wav,124.08987439285497,17.09747458648309,231,0.3151773588156536,1.7706820623993498,0.43103448275862066,0.8389646346578746,0.3898743928549635,0.2974745864830908,216,47,15,28,0.8852459016393442,0.7580645161290323,0.8216552088841882,0.7978025355359202,0.8594771241830066,0
studio_M1.wav,phone_M1.wav,recover5_C0.1,phone_F1.wav|studio_F1.wav,False,phone_M1.wav,124.65118415186224,22.39965897457665,217,0.7689443426533841,33.3313034200991,6.4655172413793105,13.52192166804393,0.9511841518622361,5.5996589745766485,215,60,2,29,0.8811475409836066,0.967741935483871,0.9244447382337388,0.863728433724555,0.8986928104575164,0
studio_M1.wav,phone_M1.wav,recover5_C1,phone_F1.wav|studio_F1.wav,False,phone_M1.wav,124.53367709687635,22.585864621682454,212,0.673950765461878,34.43967036715746,8.620689655172415,14.578103595930584,0.8336770968763432,5.785864621682453,212,62,0,32,0.8688524590163934,1.0,0.9344262295081966,0.8623481781376519,0.8954248366013072,0
studio_M1.wav,phone_M1.wav,recover5_C10,phone_F1.wav|studio_F1.wav,False,phone_M1.wav,124.68258577644613,22.64112802405631,210,0.7943296495118262,34.768619190811364,9.482758620689655,15.015235820337614,0.982585776446129,5.84112802405631,210,62,0,34,0.860655737704918,1.0,0.930327868852459,0.8549601293704343,0.8888888888888888,0
studio_M1.wav,studio_F1.wav,energy07,,False,studio_F1.wav,231.47539353520264,36.47003849277122,122,0.8168090310116061,0.8966345305129911,3.937007874015748,1.8834838118467818,1.8753935352026474,0.3299615072287807,117,20,4,6,0.9512195121951219,0.8333333333333334,0.8922764227642277,0.8795081967213114,0.9319727891156463,1
studio_M1.wav,studio_F1.wav,recover5_C0.1,phone_F1.wav|phone_M1.wav,False,studio_F1.wav,230.0314747734095,36.880016738789266,122,0.18792455287871046,0.21743679018822967,3.937007874015748,1.4474564056942294,0.43147477340951923,0.08001673878926852,118,21,3,5,0.959349593495935,0.875,0.9171747967479675,0.9036065573770491,0.9455782312925171,1
studio_M1.wav,studio_F1.wav,recover5_C1,phone_F1.wav|phone_M1.wav,False,studio_F1.wav,230.0314747734095,36.880016738789266,122,0.18792455287871046,0.21743679018822967,3.937007874015748,1.4474564056942294,0.43147477340951923,0.08001673878926852,118,21,3,5,0.959349593495935,0.875,0.9171747967479675,0.9036065573770491,0.9455782312925171,1
studio_M1.wav,studio_F1.wav,recover5_C10,phone_F1.wav|phone_M1.wav,False,studio_F1.wav,230.0314747734095,36.880016738789266,122,0.18792455287871046,0.21743679018822967,3.937007874015748,1.4474564056942294,0.43147477340951923,0.08001673878926852,118,21,3,5,0.959349593495935,0.875,0.9171747967479675,0.9036065573770491,0.9455782312925171,1
