option_id,fit_pool,eval_file_in_fit,file,F0mean,F0std,F0num,F0mean_mape,F0std_mape,F0num_mape,average_mape,F0mean_abs_error,F0std_abs_error,TP,TN,FP,FN,recall_v,recall_uv,balanced_accuracy,macro_f1,accuracy_vu,false_voiced_sil
raw_recovery_C1,phone_F1.wav|phone_M1.wav,True,phone_F1.wav,217.77506851081873,21.38244976420938,151,1.008844392773067,3.798299826259117,2.027027027027027,2.2780570820197372,2.1750685108187326,0.7824497642093782,143,61,8,10,0.934640522875817,0.8840579710144928,0.909349246945155,0.906109022556391,0.918918918918919,0
raw_recovery_C1,phone_F1.wav|phone_M1.wav,True,phone_M1.wav,124.42314755955672,22.055446356241696,228,0.584597865446016,31.28241878715294,1.7241379310344827,11.197051527877813,0.7231475595567218,5.255446356241695,224,59,3,20,0.9180327868852459,0.9516129032258065,0.9348228450555263,0.8940235804309526,0.9248366013071896,1
raw_recovery_C1,phone_F1.wav|phone_M1.wav,False,studio_F1.wav,230.0314747734095,36.880016738789266,122,0.18792455287871046,0.21743679018822967,3.937007874015748,1.4474564056942294,0.43147477340951923,0.08001673878926852,118,21,3,5,0.959349593495935,0.875,0.9171747967479675,0.9036065573770491,0.9455782312925171,1
raw_recovery_C1,phone_F1.wav|phone_M1.wav,False,studio_M1.wav,116.93239604357846,26.660711700248427,88,0.027712612128707004,0.9875443191228361,7.317073170731708,2.7774433673277503,0.03239604357845849,0.2607117002484287,85,22,3,9,0.9042553191489362,0.88,0.892127659574468,0.8598901098901099,0.8991596638655462,0
raw_recovery_C1,phone_F1.wav|studio_F1.wav,True,phone_F1.wav,217.94454556326332,21.352286196204616,150,1.0874515599551595,3.6518747388573543,1.3513513513513513,2.030225883387955,2.344545563263324,0.752286196204615,143,62,7,10,0.934640522875817,0.8985507246376812,0.9165956237567491,0.9116635067762096,0.9234234234234234,0
raw_recovery_C1,phone_F1.wav|studio_F1.wav,False,phone_M1.wav,124.53367709687635,22.585864621682454,212,0.673950765461878,34.43967036715746,8.620689655172415,14.578103595930584,0.8336770968763432,5.785864621682453,212,62,0,32,0.8688524590163934,1.0,0.9344262295081966,0.8623481781376519,0.8954248366013072,0
raw_recovery_C1,phone_F1.wav|studio_F1.wav,True,studio_F1.wav,229.71021072513787,36.861697372741276,121,0.04800118690674018,0.16765590418825654,4.724409448818897,1.6466888466379646,0.11021072513787544,0.0616973727412784,118,22,2,5,0.959349593495935,0.9166666666666666,0.9380081300813008,0.9169692568385379,0.9523809523809523,1
raw_recovery_C1,phone_F1.wav|studio_F1.wav,False,studio_M1.wav,115.6888221434747,25.672474403270886,86,1.036080287874517,2.755778775489062,4.878048780487805,2.8899692812837947,1.2111778565253104,0.7275255967291123,84,23,2,10,0.8936170212765957,0.92,0.9068085106382979,0.8632183908045977,0.8991596638655462,0
raw_recovery_C1,phone_F1.wav|studio_M1.wav,True,phone_F1.wav,217.85863464848927,21.30746090022785,151,1.04760419688742,3.434276214698287,2.027027027027027,2.169635812870911,2.258634648489277,0.7074609002278471,144,62,7,9,0.9411764705882353,0.8985507246376812,0.9198635976129582,0.9165413533834585,0.9279279279279279,0
raw_recovery_C1,phone_F1.wav|studio_M1.wav,False,phone_M1.wav,124.51152742927422,22.2147729333334,223,0.6560448094375274,32.23079126984166,3.8793103448275863,12.255382141368925,0.8115274292742214,5.414772933333399,220,59,3,24,0.9016393442622951,0.9516129032258065,0.9266261237440507,0.8779886288119323,0.9117647058823529,0
raw_recovery_C1,phone_F1.wav|studio_M1.wav,False,studio_F1.wav,230.0314747734095,36.880016738789266,122,0.18792455287871046,0.21743679018822967,3.937007874015748,1.4474564056942294,0.43147477340951923,0.08001673878926852,118,21,3,5,0.959349593495935,0.875,0.9171747967479675,0.9036065573770491,0.9455782312925171,1
raw_recovery_C1,phone_F1.wav|studio_M1.wav,True,studio_M1.wav,115.6888221434747,25.672474403270886,86,1.036080287874517,2.755778775489062,4.878048780487805,2.8899692812837947,1.2111778565253104,0.7275255967291123,84,23,2,10,0.8936170212765957,0.92,0.9068085106382979,0.8632183908045977,0.8991596638655462,0
raw_recovery_C1,phone_M1.wav|studio_F1.wav,False,phone_F1.wav,217.69083778003957,21.33711602231602,152,0.9697763358254075,3.5782331180389297,2.7027027027027026,2.4169040521890133,2.0908377800395783,0.7371160223160196,144,61,8,9,0.9411764705882353,0.8840579710144928,0.9126172208013641,0.910980068404293,0.9234234234234234,0
raw_recovery_C1,phone_M1.wav|studio_F1.wav,True,phone_M1.wav,124.4637267637858,21.888616923943978,233,0.6174023959464813,30.28938645204748,0.43103448275862066,10.44594111025086,0.7637267637857974,5.088616923943977,225,55,7,19,0.9221311475409836,0.8870967741935484,0.904613960867266,0.8771008403361344,0.9150326797385621,1
raw_recovery_C1,phone_M1.wav|studio_F1.wav,True,studio_F1.wav,230.0314747734095,36.880016738789266,122,0.18792455287871046,0.21743679018822967,3.937007874015748,1.4474564056942294,0.43147477340951923,0.08001673878926852,118,21,3,5,0.959349593495935,0.875,0.9171747967479675,0.9036065573770491,0.9455782312925171,1
raw_recovery_C1,phone_M1.wav|studio_F1.wav,False,studio_M1.wav,116.93239604357846,26.660711700248427,88,0.027712612128707004,0.9875443191228361,7.317073170731708,2.7774433673277503,0.03239604357845849,0.2607117002484287,85,22,3,9,0.9042553191489362,0.88,0.892127659574468,0.8598901098901099,0.8991596638655462,0
raw_recovery_C1,phone_M1.wav|studio_M1.wav,False,phone_F1.wav,217.89742538367102,21.36561987769582,154,1.065596189086747,3.716601348037957,4.054054054054054,2.945417197059586,2.297425383671026,0.7656198776958192,144,59,10,9,0.9411764705882353,0.855072463768116,0.8981244671781756,0.8997123088994032,0.9144144144144144,0
raw_recovery_C1,phone_M1.wav|studio_M1.wav,True,phone_M1.wav,124.4637267637858,21.888616923943978,233,0.6174023959464813,30.28938645204748,0.43103448275862066,10.44594111025086,0.7637267637857974,5.088616923943977,225,55,7,19,0.9221311475409836,0.8870967741935484,0.904613960867266,0.8771008403361344,0.9150326797385621,1
raw_recovery_C1,phone_M1.wav|studio_M1.wav,False,studio_F1.wav,230.0314747734095,36.880016738789266,122,0.18792455287871046,0.21743679018822967,3.937007874015748,1.4474564056942294,0.43147477340951923,0.08001673878926852,118,21,3,5,0.959349593495935,0.875,0.9171747967479675,0.9036065573770491,0.9455782312925171,1
raw_recovery_C1,phone_M1.wav|studio_M1.wav,True,studio_M1.wav,116.93239604357846,26.660711700248427,88,0.027712612128707004,0.9875443191228361,7.317073170731708,2.7774433673277503,0.03239604357845849,0.2607117002484287,85,22,3,9,0.9042553191489362,0.88,0.892127659574468,0.8598901098901099,0.8991596638655462,0
raw_recovery_C1,studio_F1.wav|studio_M1.wav,False,phone_F1.wav,217.85863464848927,21.30746090022785,151,1.04760419688742,3.434276214698287,2.027027027027027,2.169635812870911,2.258634648489277,0.7074609002278471,144,62,7,9,0.9411764705882353,0.8985507246376812,0.9198635976129582,0.9165413533834585,0.9279279279279279,0
raw_recovery_C1,studio_F1.wav|studio_M1.wav,False,phone_M1.wav,124.51052312784488,22.098342937940508,226,0.6552329246927034,31.53775558297921,2.586206896551724,11.593065134741211,0.8105231278448741,5.298342937940507,222,58,4,22,0.9098360655737705,0.9354838709677419,0.9226599682707561,0.880791129757267,0.9150326797385621,0
raw_recovery_C1,studio_F1.wav|studio_M1.wav,True,studio_F1.wav,229.71021072513787,36.861697372741276,121,0.04800118690674018,0.16765590418825654,4.724409448818897,1.6466888466379646,0.11021072513787544,0.0616973727412784,118,22,2,5,0.959349593495935,0.9166666666666666,0.9380081300813008,0.9169692568385379,0.9523809523809523,1
raw_recovery_C1,studio_F1.wav|studio_M1.wav,True,studio_M1.wav,116.28381794692022,26.11409728427644,87,0.5271018418133299,1.0829648322862073,6.097560975609756,2.569209216569764,0.6161820530797826,0.28590271572355874,85,23,2,9,0.9042553191489362,0.92,0.9121276595744681,0.8731220315983328,0.907563025210084,0
raw_recovery_C1,phone_F1.wav|phone_M1.wav|studio_F1.wav,True,phone_F1.wav,217.77506851081873,21.38244976420938,151,1.008844392773067,3.798299826259117,2.027027027027027,2.2780570820197372,2.1750685108187326,0.7824497642093782,143,61,8,10,0.934640522875817,0.8840579710144928,0.909349246945155,0.906109022556391,0.918918918918919,0
raw_recovery_C1,phone_F1.wav|phone_M1.wav|studio_F1.wav,True,phone_M1.wav,124.50460323232907,22.062410420528458,228,0.6504472371294031,31.323871550764625,1.7241379310344827,11.232818906309504,0.8046032323290717,5.262410420528457,224,58,4,20,0.9180327868852459,0.9354838709677419,0.9267583289264939,0.888861985472155,0.9215686274509803,0
raw_recovery_C1,phone_F1.wav|phone_M1.wav|studio_F1.wav,True,studio_F1.wav,230.0314747734095,36.880016738789266,122,0.18792455287871046,0.21743679018822967,3.937007874015748,1.4474564056942294,0.43147477340951923,0.08001673878926852,118,21,3,5,0.959349593495935,0.875,0.9171747967479675,0.9036065573770491,0.9455782312925171,1
raw_recovery_C1,phone_F1.wav|phone_M1.wav|studio_F1.wav,False,studio_M1.wav,116.93239604357846,26.660711700248427,88,0.027712612128707004,0.9875443191228361,7.317073170731708,2.7774433673277503,0.03239604357845849,0.2607117002484287,85,22,3,9,0.9042553191489362,0.88,0.892127659574468,0.8598901098901099,0.8991596638655462,0
raw_recovery_C1,phone_F1.wav|phone_M1.wav|studio_M1.wav,True,phone_F1.wav,217.69083778003957,21.33711602231602,152,0.9697763358254075,3.5782331180389297,2.7027027027027026,2.4169040521890133,2.0908377800395783,0.7371160223160196,144,61,8,9,0.9411764705882353,0.8840579710144928,0.9126172208013641,0.910980068404293,0.9234234234234234,0
raw_recovery_C1,phone_F1.wav|phone_M1.wav|studio_M1.wav,True,phone_M1.wav,124.54212838741476,21.96510236055223,231,0.680782851588327,30.74465690804898,0.43103448275862066,10.61882474746531,0.8421283874147605,5.165102360552229,224,56,6,20,0.9180327868852459,0.9032258064516129,0.9106292966684294,0.8783709411117226,0.9150326797385621,1
raw_recovery_C1,phone_F1.wav|phone_M1.wav|studio_M1.wav,False,studio_F1.wav,230.0314747734095,36.880016738789266,122,0.18792455287871046,0.21743679018822967,3.937007874015748,1.4474564056942294,0.43147477340951923,0.08001673878926852,118,21,3,5,0.959349593495935,0.875,0.9171747967479675,0.9036065573770491,0.9455782312925171,1
raw_recovery_C1,phone_F1.wav|phone_M1.wav|studio_M1.wav,True,studio_M1.wav,116.93239604357846,26.660711700248427,88,0.027712612128707004,0.9875443191228361,7.317073170731708,2.7774433673277503,0.03239604357845849,0.2607117002484287,85,22,3,9,0.9042553191489362,0.88,0.892127659574468,0.8598901098901099,0.8991596638655462,0
raw_recovery_C1,phone_F1.wav|studio_F1.wav|studio_M1.wav,True,phone_F1.wav,217.85863464848927,21.30746090022785,151,1.04760419688742,3.434276214698287,2.027027027027027,2.169635812870911,2.258634648489277,0.7074609002278471,144,62,7,9,0.9411764705882353,0.8985507246376812,0.9198635976129582,0.9165413533834585,0.9279279279279279,0
raw_recovery_C1,phone_F1.wav|studio_F1.wav|studio_M1.wav,False,phone_M1.wav,124.4453916999716,22.242834905050508,222,0.6025801939948193,32.39782681577683,4.310344827586207,12.436917279119285,0.7453916999715915,5.442834905050507,219,59,3,25,0.8975409836065574,0.9516129032258065,0.9245769434161819,0.8740666705861603,0.9084967320261438,0
raw_recovery_C1,phone_F1.wav|studio_F1.wav|studio_M1.wav,True,studio_F1.wav,229.71021072513787,36.861697372741276,121,0.04800118690674018,0.16765590418825654,4.724409448818897,1.6466888466379646,0.11021072513787544,0.0616973727412784,118,22,2,5,0.959349593495935,0.9166666666666666,0.9380081300813008,0.9169692568385379,0.9523809523809523,1
raw_recovery_C1,phone_F1.wav|studio_F1.wav|studio_M1.wav,True,studio_M1.wav,115.6888221434747,25.672474403270886,86,1.036080287874517,2.755778775489062,4.878048780487805,2.8899692812837947,1.2111778565253104,0.7275255967291123,84,23,2,10,0.8936170212765957,0.92,0.9068085106382979,0.8632183908045977,0.8991596638655462,0
raw_recovery_C1,phone_M1.wav|studio_F1.wav|studio_M1.wav,False,phone_F1.wav,217.6817438519607,21.267568104779084,153,0.9655583728945777,3.2406218678596233,3.3783783783783785,2.5281862063775264,2.0817438519607094,0.6675681047790825,144,60,9,9,0.9411764705882353,0.8695652173913043,0.9053708439897699,0.9053708439897699,0.918918918918919,0
raw_recovery_C1,phone_M1.wav|studio_F1.wav|studio_M1.wav,True,phone_M1.wav,124.54212838741476,21.96510236055223,231,0.680782851588327,30.74465690804898,0.43103448275862066,10.61882474746531,0.8421283874147605,5.165102360552229,224,56,6,20,0.9180327868852459,0.9032258064516129,0.9106292966684294,0.8783709411117226,0.9150326797385621,1
raw_recovery_C1,phone_M1.wav|studio_F1.wav|studio_M1.wav,True,studio_F1.wav,230.0314747734095,36.880016738789266,122,0.18792455287871046,0.21743679018822967,3.937007874015748,1.4474564056942294,0.43147477340951923,0.08001673878926852,118,21,3,5,0.959349593495935,0.875,0.9171747967479675,0.9036065573770491,0.9455782312925171,1
raw_recovery_C1,phone_M1.wav|studio_F1.wav|studio_M1.wav,True,studio_M1.wav,116.93239604357846,26.660711700248427,88,0.027712612128707004,0.9875443191228361,7.317073170731708,2.7774433673277503,0.03239604357845849,0.2607117002484287,85,22,3,9,0.9042553191489362,0.88,0.892127659574468,0.8598901098901099,0.8991596638655462,0
raw_recovery_C1,phone_F1.wav|phone_M1.wav|studio_F1.wav|studio_M1.wav,True,phone_F1.wav,217.69083778003957,21.33711602231602,152,0.9697763358254075,3.5782331180389297,2.7027027027027026,2.4169040521890133,2.0908377800395783,0.7371160223160196,144,61,8,9,0.9411764705882353,0.8840579710144928,0.9126172208013641,0.910980068404293,0.9234234234234234,0
raw_recovery_C1,phone_F1.wav|phone_M1.wav|studio_F1.wav|studio_M1.wav,True,phone_M1.wav,124.5548646669543,22.027264564804817,229,0.6910789546922385,31.114670028600095,1.293103448275862,11.032950810522733,0.854864666954299,5.227264564804816,224,57,5,20,0.9180327868852459,0.9193548387096774,0.9186938127974617,0.8836448811352609,0.9183006535947712,0
raw_recovery_C1,phone_F1.wav|phone_M1.wav|studio_F1.wav|studio_M1.wav,True,studio_F1.wav,230.0314747734095,36.880016738789266,122,0.18792455287871046,0.21743679018822967,3.937007874015748,1.4474564056942294,0.43147477340951923,0.08001673878926852,118,21,3,5,0.959349593495935,0.875,0.9171747967479675,0.9036065573770491,0.9455782312925171,1
raw_recovery_C1,phone_F1.wav|phone_M1.wav|studio_F1.wav|studio_M1.wav,True,studio_M1.wav,116.93239604357846,26.660711700248427,88,0.027712612128707004,0.9875443191228361,7.317073170731708,2.7774433673277503,0.03239604357845849,0.2607117002484287,85,22,3,9,0.9042553191489362,0.88,0.892127659574468,0.8598901098901099,0.8991596638655462,0
energy07,,False,phone_F1.wav,217.5292405251851,21.20648211264417,151,0.8948239912732345,2.9440879254571324,2.027027027027027,1.9553129812524646,1.9292405251850937,0.6064821126441693,142,60,9,11,0.9281045751633987,0.8695652173913043,0.8988348962773516,0.8956766917293233,0.9099099099099099,0
energy07,,False,phone_M1.wav,124.08987439285497,17.09747458648309,231,0.3151773588156536,1.7706820623993498,0.43103448275862066,0.8389646346578746,0.3898743928549635,0.2974745864830908,216,47,15,28,0.8852459016393442,0.7580645161290323,0.8216552088841882,0.7978025355359202,0.8594771241830066,0
energy07,,False,studio_F1.wav,231.47539353520264,36.47003849277122,122,0.8168090310116061,0.8966345305129911,3.937007874015748,1.8834838118467818,1.8753935352026474,0.3299615072287807,117,20,4,6,0.9512195121951219,0.8333333333333334,0.8922764227642277,0.8795081967213114,0.9319727891156463,1
energy07,,False,studio_M1.wav,117.66421470966492,26.658475905644895,82,0.6537337122882058,0.9790754001700631,0.0,0.5442697041527563,0.7642147096649126,0.25847590564489664,80,23,2,14,0.851063829787234,0.92,0.885531914893617,0.8255131964809383,0.865546218487395,0
bridge10_edge0,phone_F1.wav|phone_M1.wav,True,phone_F1.wav,217.42992204544757,21.260962127366728,148,0.8487579060517507,3.2085540163433324,0.0,1.3524373074650278,1.8299220454475744,0.6609621273667265,141,62,7,12,0.9215686274509803,0.8985507246376812,0.9100596760443307,0.9020049717724137,0.9144144144144144,0
bridge10_edge10,phone_F1.wav|phone_M1.wav,True,phone_F1.wav,217.47987991373924,21.125520004367406,150,0.8719294590627297,2.5510679823660407,1.3513513513513513,1.591449597593374,1.879879913739245,0.5255200043674044,143,62,7,10,0.934640522875817,0.8985507246376812,0.9165956237567491,0.9116635067762096,0.9234234234234234,0
bridge10_edge25,phone_F1.wav|phone_M1.wav,True,phone_F1.wav,217.47987991373924,21.125520004367406,150,0.8719294590627297,2.5510679823660407,1.3513513513513513,1.591449597593374,1.879879913739245,0.5255200043674044,143,62,7,10,0.934640522875817,0.8985507246376812,0.9165956237567491,0.9116635067762096,0.9234234234234234,0
bridge10_edge0,phone_F1.wav|phone_M1.wav,True,phone_M1.wav,122.99726532411978,17.282736165805332,222,0.5680959384642057,2.8734295583650673,4.310344827586207,2.58395677480516,0.7027346758802224,0.4827361658053313,219,59,3,25,0.8975409836065574,0.9516129032258065,0.9245769434161819,0.8740666705861603,0.9084967320261438,0
bridge10_edge10,phone_F1.wav|phone_M1.wav,True,phone_M1.wav,122.99726532411978,17.282736165805332,222,0.5680959384642057,2.8734295583650673,4.310344827586207,2.58395677480516,0.7027346758802224,0.4827361658053313,219,59,3,25,0.8975409836065574,0.9516129032258065,0.9245769434161819,0.8740666705861603,0.9084967320261438,0
bridge10_edge25,phone_F1.wav|phone_M1.wav,True,phone_M1.wav,122.66534011208482,17.183891457874484,228,0.83642674851672,2.28506820163383,1.7241379310344827,1.6152109603950109,1.0346598879151827,0.3838914578744834,224,59,3,20,0.9180327868852459,0.9516129032258065,0.9348228450555263,0.8940235804309526,0.9248366013071896,1
bridge10_edge0,phone_F1.wav|phone_M1.wav,False,studio_F1.wav,230.9279086161406,36.518457186831746,120,0.5783574112110645,0.7650619923050297,5.511811023622047,2.285076809046047,1.3279086161406042,0.2815428131682509,117,22,2,6,0.9512195121951219,0.9166666666666666,0.9339430894308942,0.9065479974570884,0.9455782312925171,1
bridge10_edge10,phone_F1.wav|phone_M1.wav,False,studio_F1.wav,230.4482576022835,36.744850768457646,121,0.369450175210582,0.1498620422346512,4.724409448818897,1.7479072220880436,0.8482576022834962,0.05514923154235163,118,22,2,5,0.959349593495935,0.9166666666666666,0.9380081300813008,0.9169692568385379,0.9523809523809523,1
bridge10_edge25,phone_F1.wav|phone_M1.wav,False,studio_F1.wav,230.4482576022835,36.744850768457646,121,0.369450175210582,0.1498620422346512,4.724409448818897,1.7479072220880436,0.8482576022834962,0.05514923154235163,118,22,2,5,0.959349593495935,0.9166666666666666,0.9380081300813008,0.9169692568385379,0.9523809523809523,1
bridge10_edge0,phone_F1.wav|phone_M1.wav,False,studio_M1.wav,117.66421470966492,26.658475905644895,82,0.6537337122882058,0.9790754001700631,0.0,0.5442697041527563,0.7642147096649126,0.25847590564489664,80,23,2,14,0.851063829787234,0.92,0.885531914893617,0.8255131964809383,0.865546218487395,0
bridge10_edge10,phone_F1.wav|phone_M1.wav,False,studio_M1.wav,117.62230022743513,26.500114259152312,83,0.617878723212256,0.37922067860724784,1.2195121951219512,0.7388705323138183,0.7223002274351273,0.10011425915231342,81,23,2,13,0.8617021276595744,0.92,0.8908510638297873,0.8346762989719366,0.8739495798319328,0
bridge10_edge25,phone_F1.wav|phone_M1.wav,False,studio_M1.wav,117.02501588804537,26.467830896298363,85,0.1069425902868847,0.25693521325137975,3.658536585365854,1.3408047963013727,0.12501588804536823,0.06783089629836425,83,23,2,11,0.8829787234042553,0.92,0.9014893617021277,0.8535176593125651,0.8907563025210085,0
bridge10_edge0,phone_F1.wav|studio_F1.wav,True,phone_F1.wav,217.6005098781096,21.231973614864078,147,0.9278802774163251,3.0678330818644484,0.6756756756756757,1.5571296783188162,2.0005098781095967,0.6319736148640764,141,63,6,12,0.9215686274509803,0.9130434782608695,0.9173060528559249,0.9075,0.918918918918919,0
bridge10_edge10,phone_F1.wav|studio_F1.wav,True,phone_F1.wav,217.64851326454195,21.095431570980633,149,0.9501452989526682,2.4050076261195708,0.6756756756756757,1.3436095335826381,2.0485132645419526,0.4954315709806316,143,63,6,10,0.934640522875817,0.9130434782608695,0.9238420005683432,0.9171719056058203,0.9279279279279279,0
bridge10_edge25,phone_F1.wav|studio_F1.wav,True,phone_F1.wav,217.64851326454195,21.095431570980633,149,0.9501452989526682,2.4050076261195708,0.6756756756756757,1.3436095335826381,2.0485132645419526,0.4954315709806316,143,63,6,10,0.934640522875817,0.9130434782608695,0.9238420005683432,0.9171719056058203,0.9279279279279279,0
bridge10_edge0,phone_F1.wav|studio_F1.wav,False,phone_M1.wav,122.74930619585443,17.495639508962828,210,0.7685479419123464,4.140711362873972,9.482758620689655,4.797339308491991,0.9506938041455726,0.6956395089628273,210,62,0,34,0.860655737704918,1.0,0.930327868852459,0.8549601293704343,0.8888888888888888,0
bridge10_edge10,phone_F1.wav|studio_F1.wav,False,phone_M1.wav,122.74930619585443,17.495639508962828,210,0.7685479419123464,4.140711362873972,9.482758620689655,4.797339308491991,0.9506938041455726,0.6956395089628273,210,62,0,34,0.860655737704918,1.0,0.930327868852459,0.8549601293704343,0.8888888888888888,0
bridge10_edge25,phone_F1.wav|studio_F1.wav,False,phone_M1.wav,122.6432049363877,17.455798094741787,212,0.8543209891772827,3.9035600877487306,8.620689655172415,4.459523577366142,1.0567950636122987,0.6557980947417867,212,62,0,32,0.8688524590163934,1.0,0.9344262295081966,0.8623481781376519,0.8954248366013072,0
bridge10_edge0,phone_F1.wav|studio_F1.wav,True,studio_F1.wav,230.60877822960163,36.504562925241686,119,0.439363340418829,0.8028181379301937,6.299212598425197,2.5137980255914067,1.0087782296016314,0.29543707475831127,117,23,1,6,0.9512195121951219,0.9583333333333334,0.9547764227642277,0.9194394425741799,0.9523809523809523,1
bridge10_edge10,phone_F1.wav|studio_F1.wav,True,studio_F1.wav,230.12778954385016,36.728856759491705,120,0.22987349470825855,0.19332402312035785,5.511811023622047,1.9783361804835546,0.5277895438501616,0.07114324050829168,118,23,1,5,0.959349593495935,0.9583333333333334,0.9588414634146342,0.9299109980928162,0.9591836734693877,1
bridge10_edge25,phone_F1.wav|studio_F1.wav,True,studio_F1.wav,230.12778954385016,36.728856759491705,120,0.22987349470825855,0.19332402312035785,5.511811023622047,1.9783361804835546,0.5277895438501616,0.07114324050829168,118,23,1,5,0.959349593495935,0.9583333333333334,0.9588414634146342,0.9299109980928162,0.9591836734693877,1
bridge10_edge0,phone_F1.wav|studio_F1.wav,False,studio_M1.wav,116.34566823370555,25.63088157354621,80,0.4741931277112516,2.9133273729310236,2.4390243902439024,1.9421816302953925,0.5543317662944531,0.7691184264537902,79,24,1,15,0.8404255319148937,0.96,0.9002127659574468,0.8290229885057472,0.865546218487395,0
bridge10_edge10,phone_F1.wav|studio_F1.wav,False,studio_M1.wav,116.31899717754366,25.473291928612728,81,0.4970084024434055,3.510257846163905,1.2195121951219512,1.7422594812430872,0.581002822456341,0.9267080713872708,80,24,1,14,0.851063829787234,0.96,0.905531914893617,0.838095238095238,0.8739495798319328,0
bridge10_edge25,phone_F1.wav|studio_F1.wav,False,studio_M1.wav,115.73872533720214,25.43420012366078,83,0.9933914993993713,3.6583328649212827,1.2195121951219512,1.9570788531475352,1.1612746627978652,0.9657998763392186,82,24,1,12,0.8723404255319149,0.96,0.9161702127659574,0.8567194591090117,0.8907563025210085,0
bridge10_edge0,phone_F1.wav|studio_M1.wav,True,phone_F1.wav,217.51518209131416,21.18539737875463,148,0.888303381871134,2.841734848323437,0.0,1.2433460767315236,1.9151820913141648,0.585397378754628,142,63,6,11,0.9281045751633987,0.9130434782608695,0.9205740267121341,0.9123202379016333,0.9234234234234234,0
bridge10_edge10,phone_F1.wav|studio_M1.wav,True,phone_F1.wav,217.56400315899427,21.05028748840499,150,0.9109476618711845,2.1858615941989745,1.3513513513513513,1.4827202024738366,1.9640031589942737,0.4502874884049888,144,63,6,9,0.9411764705882353,0.9130434782608695,0.9271099744245523,0.9220560353907731,0.9324324324324325,0
bridge10_edge25,phone_F1.wav|studio_M1.wav,True,phone_F1.wav,217.56400315899427,21.05028748840499,150,0.9109476618711845,2.1858615941989745,1.3513513513513513,1.4827202024738366,1.9640031589942737,0.4502874884049888,144,63,6,9,0.9411764705882353,0.9130434782608695,0.9271099744245523,0.9220560353907731,0.9324324324324325,0
bridge10_edge0,phone_F1.wav|studio_M1.wav,False,phone_M1.wav,122.9960506977183,17.35533784692502,218,0.5690778514807597,3.305582422172741,6.0344827586206895,3.3030476774247304,0.7039493022816998,0.5553378469250205,215,59,3,29,0.8811475409836066,0.9516129032258065,0.9163802221047066,0.8587012987012987,0.8954248366013072,0
bridge10_edge10,phone_F1.wav|studio_M1.wav,False,phone_M1.wav,122.9960506977183,17.35533784692502,218,0.5690778514807597,3.305582422172741,6.0344827586206895,3.3030476774247304,0.7039493022816998,0.5553378469250205,215,59,3,29,0.8811475409836066,0.9516129032258065,0.9163802221047066,0.8587012987012987,0.8954248366013072,0
bridge10_edge25,phone_F1.wav|studio_M1.wav,False,phone_M1.wav,122.71430725876485,17.2713742594712,223,0.7968413429548546,2.805799163519053,3.8793103448275863,2.493983617100498,0.9856927412351553,0.47137425947120093,220,59,3,24,0.9016393442622951,0.9516129032258065,0.9266261237440507,0.8779886288119323,0.9117647058823529,0
bridge10_edge0,phone_F1.wav|studio_M1.wav,False,studio_F1.wav,230.9279086161406,36.518457186831746,120,0.5783574112110645,0.7650619923050297,5.511811023622047,2.285076809046047,1.3279086161406042,0.2815428131682509,117,22,2,6,0.9512195121951219,0.9166666666666666,0.9339430894308942,0.9065479974570884,0.9455782312925171,1
bridge10_edge10,phone_F1.wav|studio_M1.wav,False,studio_F1.wav,230.4482576022835,36.744850768457646,121,0.369450175210582,0.1498620422346512,4.724409448818897,1.7479072220880436,0.8482576022834962,0.05514923154235163,118,22,2,5,0.959349593495935,0.9166666666666666,0.9380081300813008,0.9169692568385379,0.9523809523809523,1
bridge10_edge25,phone_F1.wav|studio_M1.wav,False,studio_F1.wav,230.4482576022835,36.744850768457646,121,0.369450175210582,0.1498620422346512,4.724409448818897,1.7479072220880436,0.8482576022834962,0.05514923154235163,118,22,2,5,0.959349593495935,0.9166666666666666,0.9380081300813008,0.9169692568385379,0.9523809523809523,1
bridge10_edge0,phone_F1.wav|studio_M1.wav,True,studio_M1.wav,116.34566823370555,25.63088157354621,80,0.4741931277112516,2.9133273729310236,2.4390243902439024,1.9421816302953925,0.5543317662944531,0.7691184264537902,79,24,1,15,0.8404255319148937,0.96,0.9002127659574468,0.8290229885057472,0.865546218487395,0
bridge10_edge10,phone_F1.wav|studio_M1.wav,True,studio_M1.wav,116.31899717754366,25.473291928612728,81,0.4970084024434055,3.510257846163905,1.2195121951219512,1.7422594812430872,0.581002822456341,0.9267080713872708,80,24,1,14,0.851063829787234,0.96,0.905531914893617,0.838095238095238,0.8739495798319328,0
bridge10_edge25,phone_F1.wav|studio_M1.wav,True,studio_M1.wav,115.73872533720214,25.43420012366078,83,0.9933914993993713,3.6583328649212827,1.2195121951219512,1.9570788531475352,1.1612746627978652,0.9657998763392186,82,24,1,12,0.8723404255319149,0.96,0.9161702127659574,0.8567194591090117,0.8907563025210085,0
bridge10_edge0,phone_M1.wav|studio_F1.wav,False,phone_F1.wav,217.34631181314515,21.213895952608922,149,0.8099776498817974,2.9800774398491305,0.6756756756756757,1.4885769218022011,1.7463118131451552,0.6138959526089209,142,62,7,11,0.9281045751633987,0.8985507246376812,0.9133276499005399,0.9068183938065479,0.918918918918919,0
bridge10_edge10,phone_M1.wav|studio_F1.wav,False,phone_F1.wav,217.39704625492234,21.07987810021939,151,0.8335093946764146,2.329505340870814,2.027027027027027,1.7300139208580851,1.7970462549223498,0.4798781002193877,144,62,7,9,0.9411764705882353,0.8985507246376812,0.9198635976129582,0.9165413533834585,0.9279279279279279,0
bridge10_edge25,phone_M1.wav|studio_F1.wav,False,phone_F1.wav,217.39704625492234,21.07987810021939,151,0.8335093946764146,2.329505340870814,2.027027027027027,1.7300139208580851,1.7970462549223498,0.4798781002193877,144,62,7,9,0.9411764705882353,0.8985507246376812,0.9198635976129582,0.9165413533834585,0.9279279279279279,0
bridge10_edge0,phone_M1.wav|studio_F1.wav,True,phone_M1.wav,123.07032420413105,17.18904896820427,227,0.5090345964987456,2.315767667882546,2.1551724137931036,1.6599915593914651,0.6296757958689483,0.3890489682042677,220,55,7,24,0.9016393442622951,0.8870967741935484,0.8943680592279217,0.8571622171025884,0.8986928104575164,0
bridge10_edge10,phone_M1.wav|studio_F1.wav,True,phone_M1.wav,123.07032420413105,17.18904896820427,227,0.5090345964987456,2.315767667882546,2.1551724137931036,1.6599915593914651,0.6296757958689483,0.3890489682042677,220,55,7,24,0.9016393442622951,0.8870967741935484,0.8943680592279217,0.8571622171025884,0.8986928104575164,0
bridge10_edge25,phone_M1.wav|studio_F1.wav,True,phone_M1.wav,122.74364050617382,17.09565788089467,233,0.7731281275878612,1.7598683386587468,0.43103448275862066,0.9880103163350763,0.9563594938261843,0.2956578808946695,225,55,7,19,0.9221311475409836,0.8870967741935484,0.904613960867266,0.8771008403361344,0.9150326797385621,1
bridge10_edge0,phone_M1.wav|studio_F1.wav,True,studio_F1.wav,230.9279086161406,36.518457186831746,120,0.5783574112110645,0.7650619923050297,5.511811023622047,2.285076809046047,1.3279086161406042,0.2815428131682509,117,22,2,6,0.9512195121951219,0.9166666666666666,0.9339430894308942,0.9065479974570884,0.9455782312925171,1
bridge10_edge10,phone_M1.wav|studio_F1.wav,True,studio_F1.wav,230.4482576022835,36.744850768457646,121,0.369450175210582,0.1498620422346512,4.724409448818897,1.7479072220880436,0.8482576022834962,0.05514923154235163,118,22,2,5,0.959349593495935,0.9166666666666666,0.9380081300813008,0.9169692568385379,0.9523809523809523,1
bridge10_edge25,phone_M1.wav|studio_F1.wav,True,studio_F1.wav,230.4482576022835,36.744850768457646,121,0.369450175210582,0.1498620422346512,4.724409448818897,1.7479072220880436,0.8482576022834962,0.05514923154235163,118,22,2,5,0.959349593495935,0.9166666666666666,0.9380081300813008,0.9169692568385379,0.9523809523809523,1
bridge10_edge0,phone_M1.wav|studio_F1.wav,False,studio_M1.wav,117.66421470966492,26.658475905644895,82,0.6537337122882058,0.9790754001700631,0.0,0.5442697041527563,0.7642147096649126,0.25847590564489664,80,23,2,14,0.851063829787234,0.92,0.885531914893617,0.8255131964809383,0.865546218487395,0
bridge10_edge10,phone_M1.wav|studio_F1.wav,False,studio_M1.wav,117.62230022743513,26.500114259152312,83,0.617878723212256,0.37922067860724784,1.2195121951219512,0.7388705323138183,0.7223002274351273,0.10011425915231342,81,23,2,13,0.8617021276595744,0.92,0.8908510638297873,0.8346762989719366,0.8739495798319328,0
bridge10_edge25,phone_M1.wav|studio_F1.wav,False,studio_M1.wav,117.02501588804537,26.467830896298363,85,0.1069425902868847,0.25693521325137975,3.658536585365854,1.3408047963013727,0.12501588804536823,0.06783089629836425,83,23,2,11,0.8829787234042553,0.92,0.9014893617021277,0.8535176593125651,0.8907563025210085,0
bridge10_edge0,phone_M1.wav|studio_M1.wav,False,phone_F1.wav,217.56998106595984,21.318615055276844,150,0.913720345992506,3.488422598431274,1.3513513513513513,1.9178314319250436,1.9699810659598427,0.7186150552768424,142,61,8,11,0.9281045751633987,0.8840579710144928,0.9060812730889458,0.9012709781616459,0.9144144144144144,0
bridge10_edge10,phone_M1.wav|studio_M1.wav,False,phone_F1.wav,217.61743871203035,21.184247201185485,152,0.9357322412014634,2.836151462065455,2.7027027027027026,2.1581954686565403,2.017438712030355,0.5842472011854838,144,61,8,9,0.9411764705882353,0.8840579710144928,0.9126172208013641,0.910980068404293,0.9234234234234234,0
bridge10_edge25,phone_M1.wav|studio_M1.wav,False,phone_F1.wav,217.61743871203035,21.184247201185485,152,0.9357322412014634,2.836151462065455,2.7027027027027026,2.1581954686565403,2.017438712030355,0.5842472011854838,144,61,8,9,0.9411764705882353,0.8840579710144928,0.9126172208013641,0.910980068404293,0.9234234234234234,0
bridge10_edge0,phone_M1.wav|studio_M1.wav,True,phone_M1.wav,123.07032420413105,17.18904896820427,227,0.5090345964987456,2.315767667882546,2.1551724137931036,1.6599915593914651,0.6296757958689483,0.3890489682042677,220,55,7,24,0.9016393442622951,0.8870967741935484,0.8943680592279217,0.8571622171025884,0.8986928104575164,0
bridge10_edge10,phone_M1.wav|studio_M1.wav,True,phone_M1.wav,123.07032420413105,17.18904896820427,227,0.5090345964987456,2.315767667882546,2.1551724137931036,1.6599915593914651,0.6296757958689483,0.3890489682042677,220,55,7,24,0.9016393442622951,0.8870967741935484,0.8943680592279217,0.8571622171025884,0.8986928104575164,0
bridge10_edge25,phone_M1.wav|studio_M1.wav,True,phone_M1.wav,122.74364050617382,17.09565788089467,233,0.7731281275878612,1.7598683386587468,0.43103448275862066,0.9880103163350763,0.9563594938261843,0.2956578808946695,225,55,7,19,0.9221311475409836,0.8870967741935484,0.904613960867266,0.8771008403361344,0.9150326797385621,1
bridge10_edge0,phone_M1.wav|studio_M1.wav,False,studio_F1.wav,230.9279086161406,36.518457186831746,120,0.5783574112110645,0.7650619923050297,5.511811023622047,2.285076809046047,1.3279086161406042,0.2815428131682509,117,22,2,6,0.9512195121951219,0.9166666666666666,0.9339430894308942,0.9065479974570884,0.9455782312925171,1
bridge10_edge10,phone_M1.wav|studio_M1.wav,False,studio_F1.wav,230.4482576022835,36.744850768457646,121,0.369450175210582,0.1498620422346512,4.724409448818897,1.7479072220880436,0.8482576022834962,0.05514923154235163,118,22,2,5,0.959349593495935,0.9166666666666666,0.9380081300813008,0.9169692568385379,0.9523809523809523,1
bridge10_edge25,phone_M1.wav|studio_M1.wav,False,studio_F1.wav,230.4482576022835,36.744850768457646,121,0.369450175210582,0.1498620422346512,4.724409448818897,1.7479072220880436,0.8482576022834962,0.05514923154235163,118,22,2,5,0.959349593495935,0.9166666666666666,0.9380081300813008,0.9169692568385379,0.9523809523809523,1
bridge10_edge0,phone_M1.wav|studio_M1.wav,True,studio_M1.wav,117.66421470966492,26.658475905644895,82,0.6537337122882058,0.9790754001700631,0.0,0.5442697041527563,0.7642147096649126,0.25847590564489664,80,23,2,14,0.851063829787234,0.92,0.885531914893617,0.8255131964809383,0.865546218487395,0
bridge10_edge10,phone_M1.wav|studio_M1.wav,True,studio_M1.wav,117.62230022743513,26.500114259152312,83,0.617878723212256,0.37922067860724784,1.2195121951219512,0.7388705323138183,0.7223002274351273,0.10011425915231342,81,23,2,13,0.8617021276595744,0.92,0.8908510638297873,0.8346762989719366,0.8739495798319328,0
bridge10_edge25,phone_M1.wav|studio_M1.wav,True,studio_M1.wav,117.02501588804537,26.467830896298363,85,0.1069425902868847,0.25693521325137975,3.658536585365854,1.3408047963013727,0.12501588804536823,0.06783089629836425,83,23,2,11,0.8829787234042553,0.92,0.9014893617021277,0.8535176593125651,0.8907563025210085,0
bridge10_edge0,studio_F1.wav|studio_M1.wav,False,phone_F1.wav,217.51518209131416,21.18539737875463,148,0.888303381871134,2.841734848323437,0.0,1.2433460767315236,1.9151820913141648,0.585397378754628,142,63,6,11,0.9281045751633987,0.9130434782608695,0.9205740267121341,0.9123202379016333,0.9234234234234234,0
bridge10_edge10,studio_F1.wav|studio_M1.wav,False,phone_F1.wav,217.56400315899427,21.05028748840499,150,0.9109476618711845,2.1858615941989745,1.3513513513513513,1.4827202024738366,1.9640031589942737,0.4502874884049888,144,63,6,9,0.9411764705882353,0.9130434782608695,0.9271099744245523,0.9220560353907731,0.9324324324324325,0
bridge10_edge25,studio_F1.wav|studio_M1.wav,False,phone_F1.wav,217.56400315899427,21.05028748840499,150,0.9109476618711845,2.1858615941989745,1.3513513513513513,1.4827202024738366,1.9640031589942737,0.4502874884049888,144,63,6,9,0.9411764705882353,0.9130434782608695,0.9271099744245523,0.9220560353907731,0.9324324324324325,0
bridge10_edge0,studio_F1.wav|studio_M1.wav,False,phone_M1.wav,123.01559575686599,17.27916607316247,221,0.5532774803023536,2.85217900691947,4.741379310344827,2.7156119325222168,0.6844042431340114,0.47916607316247095,217,58,4,27,0.889344262295082,0.9354838709677419,0.912414066631412,0.8612244897959184,0.8986928104575164,0
bridge10_edge10,studio_F1.wav|studio_M1.wav,False,phone_M1.wav,123.01559575686599,17.27916607316247,221,0.5532774803023536,2.85217900691947,4.741379310344827,2.7156119325222168,0.6844042431340114,0.47916607316247095,217,58,4,27,0.889344262295082,0.9354838709677419,0.912414066631412,0.8612244897959184,0.8986928104575164,0
bridge10_edge25,studio_F1.wav|studio_M1.wav,False,phone_M1.wav,122.73715986225378,17.197989189767682,226,0.7783671283316304,2.3689832724266755,2.586206896551724,1.91118576577001,0.9628401377462268,0.3979891897676815,222,58,4,22,0.9098360655737705,0.9354838709677419,0.9226599682707561,0.880791129757267,0.9150326797385621,0
bridge10_edge0,studio_F1.wav|studio_M1.wav,True,studio_F1.wav,230.60877822960163,36.504562925241686,119,0.439363340418829,0.8028181379301937,6.299212598425197,2.5137980255914067,1.0087782296016314,0.29543707475831127,117,23,1,6,0.9512195121951219,0.9583333333333334,0.9547764227642277,0.9194394425741799,0.9523809523809523,1
bridge10_edge10,studio_F1.wav|studio_M1.wav,True,studio_F1.wav,230.12778954385016,36.728856759491705,120,0.22987349470825855,0.19332402312035785,5.511811023622047,1.9783361804835546,0.5277895438501616,0.07114324050829168,118,23,1,5,0.959349593495935,0.9583333333333334,0.9588414634146342,0.9299109980928162,0.9591836734693877,1
bridge10_edge25,studio_F1.wav|studio_M1.wav,True,studio_F1.wav,230.12778954385016,36.728856759491705,120,0.22987349470825855,0.19332402312035785,5.511811023622047,1.9783361804835546,0.5277895438501616,0.07114324050829168,118,23,1,5,0.959349593495935,0.9583333333333334,0.9588414634146342,0.9299109980928162,0.9591836734693877,1
bridge10_edge0,studio_F1.wav|studio_M1.wav,True,studio_M1.wav,116.97662858937878,26.089855723937713,81,0.06555054694505649,1.1747889244783531,1.2195121951219512,0.8199505555151202,0.07662858937877104,0.31014427606228523,80,24,1,14,0.851063829787234,0.96,0.905531914893617,0.838095238095238,0.8739495798319328,0
bridge10_edge10,studio_F1.wav|studio_M1.wav,True,studio_M1.wav,116.94258815151551,25.932093011911554,82,0.03643126733575933,1.7723749548804701,0.0,0.6029354074054099,0.04258815151550266,0.4679069880884441,81,24,1,13,0.8617021276595744,0.96,0.9108510638297872,0.8473240469208211,0.8823529411764706,0
bridge10_edge25,studio_F1.wav|studio_M1.wav,True,studio_M1.wav,116.35437690513115,25.89703828028194,84,0.46674345155590974,1.90515802923507,2.4390243902439024,1.6036419570116276,0.5456230948688585,0.5029617197180585,83,24,1,11,0.8829787234042553,0.96,0.9214893617021276,0.8662921348314607,0.8991596638655462,0
bridge10_edge0,phone_F1.wav|phone_M1.wav|studio_F1.wav,True,phone_F1.wav,217.42992204544757,21.260962127366728,148,0.8487579060517507,3.2085540163433324,0.0,1.3524373074650278,1.8299220454475744,0.6609621273667265,141,62,7,12,0.9215686274509803,0.8985507246376812,0.9100596760443307,0.9020049717724137,0.9144144144144144,0
bridge10_edge10,phone_F1.wav|phone_M1.wav|studio_F1.wav,True,phone_F1.wav,217.47987991373924,21.125520004367406,150,0.8719294590627297,2.5510679823660407,1.3513513513513513,1.591449597593374,1.879879913739245,0.5255200043674044,143,62,7,10,0.934640522875817,0.8985507246376812,0.9165956237567491,0.9116635067762096,0.9234234234234234,0
bridge10_edge25,phone_F1.wav|phone_M1.wav|studio_F1.wav,True,phone_F1.wav,217.47987991373924,21.125520004367406,150,0.8719294590627297,2.5510679823660407,1.3513513513513513,1.591449597593374,1.879879913739245,0.5255200043674044,143,62,7,10,0.934640522875817,0.8985507246376812,0.9165956237567491,0.9116635067762096,0.9234234234234234,0
bridge10_edge0,phone_F1.wav|phone_M1.wav|studio_F1.wav,True,phone_M1.wav,123.0229505486344,17.28152396912851,223,0.5473318119366246,2.866214101955417,3.8793103448275863,2.4309520862398757,0.6770494513656047,0.48152396912851003,219,58,4,25,0.8975409836065574,0.9354838709677419,0.9165124272871497,0.8689507494646681,0.9052287581699346,0
bridge10_edge10,phone_F1.wav|phone_M1.wav|studio_F1.wav,True,phone_M1.wav,123.0229505486344,17.28152396912851,223,0.5473318119366246,2.866214101955417,3.8793103448275863,2.4309520862398757,0.6770494513656047,0.48152396912851003,219,58,4,25,0.8975409836065574,0.9354838709677419,0.9165124272871497,0.8689507494646681,0.9052287581699346,0
bridge10_edge25,phone_F1.wav|phone_M1.wav|studio_F1.wav,True,phone_M1.wav,122.74679578485718,17.20115496131802,228,0.7705773768333214,2.3878271507025044,1.7241379310344827,1.6275141528567694,0.9532042151428186,0.40115496131802075,224,58,4,20,0.9180327868852459,0.9354838709677419,0.9267583289264939,0.888861985472155,0.9215686274509803,0
bridge10_edge0,phone_F1.wav|phone_M1.wav|studio_F1.wav,True,studio_F1.wav,230.9279086161406,36.518457186831746,120,0.5783574112110645,0.7650619923050297,5.511811023622047,2.285076809046047,1.3279086161406042,0.2815428131682509,117,22,2,6,0.9512195121951219,0.9166666666666666,0.9339430894308942,0.9065479974570884,0.9455782312925171,1
bridge10_edge10,phone_F1.wav|phone_M1.wav|studio_F1.wav,True,studio_F1.wav,230.4482576022835,36.744850768457646,121,0.369450175210582,0.1498620422346512,4.724409448818897,1.7479072220880436,0.8482576022834962,0.05514923154235163,118,22,2,5,0.959349593495935,0.9166666666666666,0.9380081300813008,0.9169692568385379,0.9523809523809523,1
bridge10_edge25,phone_F1.wav|phone_M1.wav|studio_F1.wav,True,studio_F1.wav,230.4482576022835,36.744850768457646,121,0.369450175210582,0.1498620422346512,4.724409448818897,1.7479072220880436,0.8482576022834962,0.05514923154235163,118,22,2,5,0.959349593495935,0.9166666666666666,0.9380081300813008,0.9169692568385379,0.9523809523809523,1
bridge10_edge0,phone_F1.wav|phone_M1.wav|studio_F1.wav,False,studio_M1.wav,117.66421470966492,26.658475905644895,82,0.6537337122882058,0.9790754001700631,0.0,0.5442697041527563,0.7642147096649126,0.25847590564489664,80,23,2,14,0.851063829787234,0.92,0.885531914893617,0.8255131964809383,0.865546218487395,0
bridge10_edge10,phone_F1.wav|phone_M1.wav|studio_F1.wav,False,studio_M1.wav,117.62230022743513,26.500114259152312,83,0.617878723212256,0.37922067860724784,1.2195121951219512,0.7388705323138183,0.7223002274351273,0.10011425915231342,81,23,2,13,0.8617021276595744,0.92,0.8908510638297873,0.8346762989719366,0.8739495798319328,0
bridge10_edge25,phone_F1.wav|phone_M1.wav|studio_F1.wav,False,studio_M1.wav,117.02501588804537,26.467830896298363,85,0.1069425902868847,0.25693521325137975,3.658536585365854,1.3408047963013727,0.12501588804536823,0.06783089629836425,83,23,2,11,0.8829787234042553,0.92,0.9014893617021277,0.8535176593125651,0.8907563025210085,0
bridge10_edge0,phone_F1.wav|phone_M1.wav|studio_M1.wav,True,phone_F1.wav,217.34631181314515,21.213895952608922,149,0.8099776498817974,2.9800774398491305,0.6756756756756757,1.4885769218022011,1.7463118131451552,0.6138959526089209,142,62,7,11,0.9281045751633987,0.8985507246376812,0.9133276499005399,0.9068183938065479,0.918918918918919,0
bridge10_edge10,phone_F1.wav|phone_M1.wav|studio_M1.wav,True,phone_F1.wav,217.39704625492234,21.07987810021939,151,0.8335093946764146,2.329505340870814,2.027027027027027,1.7300139208580851,1.7970462549223498,0.4798781002193877,144,62,7,9,0.9411764705882353,0.8985507246376812,0.9198635976129582,0.9165413533834585,0.9279279279279279,0
bridge10_edge25,phone_F1.wav|phone_M1.wav|studio_M1.wav,True,phone_F1.wav,217.39704625492234,21.07987810021939,151,0.8335093946764146,2.329505340870814,2.027027027027027,1.7300139208580851,1.7970462549223498,0.4798781002193877,144,62,7,9,0.9411764705882353,0.8985507246376812,0.9198635976129582,0.9165413533834585,0.9279279279279279,0
bridge10_edge0,phone_F1.wav|phone_M1.wav|studio_M1.wav,True,phone_M1.wav,123.13843073719323,17.24770483736841,225,0.4539767686392648,2.6649097462405305,3.0172413793103448,2.0453759647300465,0.5615692628067706,0.44770483736840916,219,56,6,25,0.8975409836065574,0.9032258064516129,0.9003833950290852,0.8585593510966645,0.8986928104575164,0
bridge10_edge10,phone_F1.wav|phone_M1.wav|studio_M1.wav,True,phone_M1.wav,123.13843073719323,17.24770483736841,225,0.4539767686392648,2.6649097462405305,3.0172413793103448,2.0453759647300465,0.5615692628067706,0.44770483736840916,219,56,6,25,0.8975409836065574,0.9032258064516129,0.9003833950290852,0.8585593510966645,0.8986928104575164,0
bridge10_edge25,phone_F1.wav|phone_M1.wav|studio_M1.wav,True,phone_M1.wav,122.80714960809188,17.153546343119217,231,0.7217868972579843,2.1044425185667635,0.43103448275862066,1.0857546328611227,0.8928503919081265,0.3535463431192163,224,56,6,20,0.9180327868852459,0.9032258064516129,0.9106292966684294,0.8783709411117226,0.9150326797385621,1
bridge10_edge0,phone_F1.wav|phone_M1.wav|studio_M1.wav,False,studio_F1.wav,230.9279086161406,36.518457186831746,120,0.5783574112110645,0.7650619923050297,5.511811023622047,2.285076809046047,1.3279086161406042,0.2815428131682509,117,22,2,6,0.9512195121951219,0.9166666666666666,0.9339430894308942,0.9065479974570884,0.9455782312925171,1
bridge10_edge10,phone_F1.wav|phone_M1.wav|studio_M1.wav,False,studio_F1.wav,230.4482576022835,36.744850768457646,121,0.369450175210582,0.1498620422346512,4.724409448818897,1.7479072220880436,0.8482576022834962,0.05514923154235163,118,22,2,5,0.959349593495935,0.9166666666666666,0.9380081300813008,0.9169692568385379,0.9523809523809523,1
bridge10_edge25,phone_F1.wav|phone_M1.wav|studio_M1.wav,False,studio_F1.wav,230.4482576022835,36.744850768457646,121,0.369450175210582,0.1498620422346512,4.724409448818897,1.7479072220880436,0.8482576022834962,0.05514923154235163,118,22,2,5,0.959349593495935,0.9166666666666666,0.9380081300813008,0.9169692568385379,0.9523809523809523,1
bridge10_edge0,phone_F1.wav|phone_M1.wav|studio_M1.wav,True,studio_M1.wav,117.66421470966492,26.658475905644895,82,0.6537337122882058,0.9790754001700631,0.0,0.5442697041527563,0.7642147096649126,0.25847590564489664,80,23,2,14,0.851063829787234,0.92,0.885531914893617,0.8255131964809383,0.865546218487395,0
bridge10_edge10,phone_F1.wav|phone_M1.wav|studio_M1.wav,True,studio_M1.wav,117.62230022743513,26.500114259152312,83,0.617878723212256,0.37922067860724784,1.2195121951219512,0.7388705323138183,0.7223002274351273,0.10011425915231342,81,23,2,13,0.8617021276595744,0.92,0.8908510638297873,0.8346762989719366,0.8739495798319328,0
bridge10_edge25,phone_F1.wav|phone_M1.wav|studio_M1.wav,True,studio_M1.wav,117.02501588804537,26.467830896298363,85,0.1069425902868847,0.25693521325137975,3.658536585365854,1.3408047963013727,0.12501588804536823,0.06783089629836425,83,23,2,11,0.8829787234042553,0.92,0.9014893617021277,0.8535176593125651,0.8907563025210085,0
bridge10_edge0,phone_F1.wav|studio_F1.wav|studio_M1.wav,True,phone_F1.wav,217.51518209131416,21.18539737875463,148,0.888303381871134,2.841734848323437,0.0,1.2433460767315236,1.9151820913141648,0.585397378754628,142,63,6,11,0.9281045751633987,0.9130434782608695,0.9205740267121341,0.9123202379016333,0.9234234234234234,0
bridge10_edge10,phone_F1.wav|studio_F1.wav|studio_M1.wav,True,phone_F1.wav,217.56400315899427,21.05028748840499,150,0.9109476618711845,2.1858615941989745,1.3513513513513513,1.4827202024738366,1.9640031589942737,0.4502874884049888,144,63,6,9,0.9411764705882353,0.9130434782608695,0.9271099744245523,0.9220560353907731,0.9324324324324325,0
bridge10_edge25,phone_F1.wav|studio_F1.wav|studio_M1.wav,True,phone_F1.wav,217.56400315899427,21.05028748840499,150,0.9109476618711845,2.1858615941989745,1.3513513513513513,1.4827202024738366,1.9640031589942737,0.4502874884049888,144,63,6,9,0.9411764705882353,0.9130434782608695,0.9271099744245523,0.9220560353907731,0.9324324324324325,0
bridge10_edge0,phone_F1.wav|studio_F1.wav|studio_M1.wav,False,phone_M1.wav,122.9214073399453,17.360333821939655,217,0.6294200970531112,3.335320368688417,6.4655172413793105,3.476752569040279,0.7785926600546986,0.5603338219396541,214,59,3,30,0.8770491803278688,0.9516129032258065,0.9143310417768377,0.8549367197713005,0.8921568627450981,0
bridge10_edge10,phone_F1.wav|studio_F1.wav|studio_M1.wav,False,phone_M1.wav,122.9214073399453,17.360333821939655,217,0.6294200970531112,3.335320368688417,6.4655172413793105,3.476752569040279,0.7785926600546986,0.5603338219396541,214,59,3,30,0.8770491803278688,0.9516129032258065,0.9143310417768377,0.8549367197713005,0.8921568627450981,0
bridge10_edge25,phone_F1.wav|studio_F1.wav|studio_M1.wav,False,phone_M1.wav,122.64007594310857,17.274700283702817,222,0.8568504906155477,2.8255969268024774,4.310344827586207,2.6642640816680774,1.0599240568914325,0.47470028370281625,219,59,3,25,0.8975409836065574,0.9516129032258065,0.9245769434161819,0.8740666705861603,0.9084967320261438,0
bridge10_edge0,phone_F1.wav|studio_F1.wav|studio_M1.wav,True,studio_F1.wav,230.60877822960163,36.504562925241686,119,0.439363340418829,0.8028181379301937,6.299212598425197,2.5137980255914067,1.0087782296016314,0.29543707475831127,117,23,1,6,0.9512195121951219,0.9583333333333334,0.9547764227642277,0.9194394425741799,0.9523809523809523,1
bridge10_edge10,phone_F1.wav|studio_F1.wav|studio_M1.wav,True,studio_F1.wav,230.12778954385016,36.728856759491705,120,0.22987349470825855,0.19332402312035785,5.511811023622047,1.9783361804835546,0.5277895438501616,0.07114324050829168,118,23,1,5,0.959349593495935,0.9583333333333334,0.9588414634146342,0.9299109980928162,0.9591836734693877,1
bridge10_edge25,phone_F1.wav|studio_F1.wav|studio_M1.wav,True,studio_F1.wav,230.12778954385016,36.728856759491705,120,0.22987349470825855,0.19332402312035785,5.511811023622047,1.9783361804835546,0.5277895438501616,0.07114324050829168,118,23,1,5,0.959349593495935,0.9583333333333334,0.9588414634146342,0.9299109980928162,0.9591836734693877,1
bridge10_edge0,phone_F1.wav|studio_F1.wav|studio_M1.wav,True,studio_M1.wav,116.34566823370555,25.63088157354621,80,0.4741931277112516,2.9133273729310236,2.4390243902439024,1.9421816302953925,0.5543317662944531,0.7691184264537902,79,24,1,15,0.8404255319148937,0.96,0.9002127659574468,0.8290229885057472,0.865546218487395,0
bridge10_edge10,phone_F1.wav|studio_F1.wav|studio_M1.wav,True,studio_M1.wav,116.31899717754366,25.473291928612728,81,0.4970084024434055,3.510257846163905,1.2195121951219512,1.7422594812430872,0.581002822456341,0.9267080713872708,80,24,1,14,0.851063829787234,0.96,0.905531914893617,0.838095238095238,0.8739495798319328,0
bridge10_edge25,phone_F1.wav|studio_F1.wav|studio_M1.wav,True,studio_M1.wav,115.73872533720214,25.43420012366078,83,0.9933914993993713,3.6583328649212827,1.2195121951219512,1.9570788531475352,1.1612746627978652,0.9657998763392186,82,24,1,12,0.8723404255319149,0.96,0.9161702127659574,0.8567194591090117,0.8907563025210085,0
bridge10_edge0,phone_M1.wav|studio_F1.wav|studio_M1.wav,False,phone_F1.wav,217.34631181314515,21.213895952608922,149,0.8099776498817974,2.9800774398491305,0.6756756756756757,1.4885769218022011,1.7463118131451552,0.6138959526089209,142,62,7,11,0.9281045751633987,0.8985507246376812,0.9133276499005399,0.9068183938065479,0.918918918918919,0
bridge10_edge10,phone_M1.wav|studio_F1.wav|studio_M1.wav,False,phone_F1.wav,217.39704625492234,21.07987810021939,151,0.8335093946764146,2.329505340870814,2.027027027027027,1.7300139208580851,1.7970462549223498,0.4798781002193877,144,62,7,9,0.9411764705882353,0.8985507246376812,0.9198635976129582,0.9165413533834585,0.9279279279279279,0
bridge10_edge25,phone_M1.wav|studio_F1.wav|studio_M1.wav,False,phone_F1.wav,217.39704625492234,21.07987810021939,151,0.8335093946764146,2.329505340870814,2.027027027027027,1.7300139208580851,1.7970462549223498,0.4798781002193877,144,62,7,9,0.9411764705882353,0.8985507246376812,0.9198635976129582,0.9165413533834585,0.9279279279279279,0
bridge10_edge0,phone_M1.wav|studio_F1.wav|studio_M1.wav,True,phone_M1.wav,123.13843073719323,17.24770483736841,225,0.4539767686392648,2.6649097462405305,3.0172413793103448,2.0453759647300465,0.5615692628067706,0.44770483736840916,219,56,6,25,0.8975409836065574,0.9032258064516129,0.9003833950290852,0.8585593510966645,0.8986928104575164,0
bridge10_edge10,phone_M1.wav|studio_F1.wav|studio_M1.wav,True,phone_M1.wav,123.13843073719323,17.24770483736841,225,0.4539767686392648,2.6649097462405305,3.0172413793103448,2.0453759647300465,0.5615692628067706,0.44770483736840916,219,56,6,25,0.8975409836065574,0.9032258064516129,0.9003833950290852,0.8585593510966645,0.8986928104575164,0
bridge10_edge25,phone_M1.wav|studio_F1.wav|studio_M1.wav,True,phone_M1.wav,122.80714960809188,17.153546343119217,231,0.7217868972579843,2.1044425185667635,0.43103448275862066,1.0857546328611227,0.8928503919081265,0.3535463431192163,224,56,6,20,0.9180327868852459,0.9032258064516129,0.9106292966684294,0.8783709411117226,0.9150326797385621,1
bridge10_edge0,phone_M1.wav|studio_F1.wav|studio_M1.wav,True,studio_F1.wav,230.9279086161406,36.518457186831746,120,0.5783574112110645,0.7650619923050297,5.511811023622047,2.285076809046047,1.3279086161406042,0.2815428131682509,117,22,2,6,0.9512195121951219,0.9166666666666666,0.9339430894308942,0.9065479974570884,0.9455782312925171,1
bridge10_edge10,phone_M1.wav|studio_F1.wav|studio_M1.wav,True,studio_F1.wav,230.4482576022835,36.744850768457646,121,0.369450175210582,0.1498620422346512,4.724409448818897,1.7479072220880436,0.8482576022834962,0.05514923154235163,118,22,2,5,0.959349593495935,0.9166666666666666,0.9380081300813008,0.9169692568385379,0.9523809523809523,1
bridge10_edge25,phone_M1.wav|studio_F1.wav|studio_M1.wav,True,studio_F1.wav,230.4482576022835,36.744850768457646,121,0.369450175210582,0.1498620422346512,4.724409448818897,1.7479072220880436,0.8482576022834962,0.05514923154235163,118,22,2,5,0.959349593495935,0.9166666666666666,0.9380081300813008,0.9169692568385379,0.9523809523809523,1
bridge10_edge0,phone_M1.wav|studio_F1.wav|studio_M1.wav,True,studio_M1.wav,117.66421470966492,26.658475905644895,82,0.6537337122882058,0.9790754001700631,0.0,0.5442697041527563,0.7642147096649126,0.25847590564489664,80,23,2,14,0.851063829787234,0.92,0.885531914893617,0.8255131964809383,0.865546218487395,0
bridge10_edge10,phone_M1.wav|studio_F1.wav|studio_M1.wav,True,studio_M1.wav,117.62230022743513,26.500114259152312,83,0.617878723212256,0.37922067860724784,1.2195121951219512,0.7388705323138183,0.7223002274351273,0.10011425915231342,81,23,2,13,0.8617021276595744,0.92,0.8908510638297873,0.8346762989719366,0.8739495798319328,0
bridge10_edge25,phone_M1.wav|studio_F1.wav|studio_M1.wav,True,studio_M1.wav,117.02501588804537,26.467830896298363,85,0.1069425902868847,0.25693521325137975,3.658536585365854,1.3408047963013727,0.12501588804536823,0.06783089629836425,83,23,2,11,0.8829787234042553,0.92,0.9014893617021277,0.8535176593125651,0.8907563025210085,0
bridge10_edge0,phone_F1.wav|phone_M1.wav|studio_F1.wav|studio_M1.wav,True,phone_F1.wav,217.34631181314515,21.213895952608922,149,0.8099776498817974,2.9800774398491305,0.6756756756756757,1.4885769218022011,1.7463118131451552,0.6138959526089209,142,62,7,11,0.9281045751633987,0.8985507246376812,0.9133276499005399,0.9068183938065479,0.918918918918919,0
bridge10_edge10,phone_F1.wav|phone_M1.wav|studio_F1.wav|studio_M1.wav,True,phone_F1.wav,217.39704625492234,21.07987810021939,151,0.8335093946764146,2.329505340870814,2.027027027027027,1.7300139208580851,1.7970462549223498,0.4798781002193877,144,62,7,9,0.9411764705882353,0.8985507246376812,0.9198635976129582,0.9165413533834585,0.9279279279279279,0
bridge10_edge25,phone_F1.wav|phone_M1.wav|studio_F1.wav|studio_M1.wav,True,phone_F1.wav,217.39704625492234,21.07987810021939,151,0.8335093946764146,2.329505340870814,2.027027027027027,1.7300139208580851,1.7970462549223498,0.4798781002193877,144,62,7,9,0.9411764705882353,0.8985507246376812,0.9198635976129582,0.9165413533834585,0.9279279279279279,0
bridge10_edge0,phone_F1.wav|phone_M1.wav|studio_F1.wav|studio_M1.wav,True,phone_M1.wav,123.08094841119184,17.26464374659251,224,0.5004459084948764,2.765736586860185,3.4482758620689653,2.238152785808009,0.619051588808162,0.46464374659251106,219,57,5,25,0.8975409836065574,0.9193548387096774,0.9084479111581174,0.8637820512820513,0.9019607843137255,0
bridge10_edge10,phone_F1.wav|phone_M1.wav|studio_F1.wav|studio_M1.wav,True,phone_M1.wav,123.08094841119184,17.26464374659251,224,0.5004459084948764,2.765736586860185,3.4482758620689653,2.238152785808009,0.619051588808162,0.46464374659251106,219,57,5,25,0.8975409836065574,0.9193548387096774,0.9084479111581174,0.8637820512820513,0.9019607843137255,0
bridge10_edge25,phone_F1.wav|phone_M1.wav|studio_F1.wav|studio_M1.wav,True,phone_M1.wav,122.80473323453688,17.18583775476215,229,0.723740311611253,2.296653302155655,1.293103448275862,1.437832354014257,0.8952667654631199,0.3858377547621501,224,57,5,20,0.9180327868852459,0.9193548387096774,0.9186938127974617,0.8836448811352609,0.9183006535947712,0
bridge10_edge0,phone_F1.wav|phone_M1.wav|studio_F1.wav|studio_M1.wav,True,studio_F1.wav,230.9279086161406,36.518457186831746,120,0.5783574112110645,0.7650619923050297,5.511811023622047,2.285076809046047,1.3279086161406042,0.2815428131682509,117,22,2,6,0.9512195121951219,0.9166666666666666,0.9339430894308942,0.9065479974570884,0.9455782312925171,1
bridge10_edge10,phone_F1.wav|phone_M1.wav|studio_F1.wav|studio_M1.wav,True,studio_F1.wav,230.4482576022835,36.744850768457646,121,0.369450175210582,0.1498620422346512,4.724409448818897,1.7479072220880436,0.8482576022834962,0.05514923154235163,118,22,2,5,0.959349593495935,0.9166666666666666,0.9380081300813008,0.9169692568385379,0.9523809523809523,1
bridge10_edge25,phone_F1.wav|phone_M1.wav|studio_F1.wav|studio_M1.wav,True,studio_F1.wav,230.4482576022835,36.744850768457646,121,0.369450175210582,0.1498620422346512,4.724409448818897,1.7479072220880436,0.8482576022834962,0.05514923154235163,118,22,2,5,0.959349593495935,0.9166666666666666,0.9380081300813008,0.9169692568385379,0.9523809523809523,1
bridge10_edge0,phone_F1.wav|phone_M1.wav|studio_F1.wav|studio_M1.wav,True,studio_M1.wav,117.66421470966492,26.658475905644895,82,0.6537337122882058,0.9790754001700631,0.0,0.5442697041527563,0.7642147096649126,0.25847590564489664,80,23,2,14,0.851063829787234,0.92,0.885531914893617,0.8255131964809383,0.865546218487395,0
bridge10_edge10,phone_F1.wav|phone_M1.wav|studio_F1.wav|studio_M1.wav,True,studio_M1.wav,117.62230022743513,26.500114259152312,83,0.617878723212256,0.37922067860724784,1.2195121951219512,0.7388705323138183,0.7223002274351273,0.10011425915231342,81,23,2,13,0.8617021276595744,0.92,0.8908510638297873,0.8346762989719366,0.8739495798319328,0
bridge10_edge25,phone_F1.wav|phone_M1.wav|studio_F1.wav|studio_M1.wav,True,studio_M1.wav,117.02501588804537,26.467830896298363,85,0.1069425902868847,0.25693521325137975,3.658536585365854,1.3408047963013727,0.12501588804536823,0.06783089629836425,83,23,2,11,0.8829787234042553,0.92,0.9014893617021277,0.8535176593125651,0.8907563025210085,0
