fit_pool,file,eval_file_in_fit,actual_domain,studio_weight,predicted_domain,fallback_missing_domain
phone_F1.wav|phone_M1.wav,phone_F1.wav,True,phone,0.5,studio,True
phone_F1.wav|phone_M1.wav,phone_M1.wav,True,phone,0.5,studio,True
phone_F1.wav|phone_M1.wav,studio_F1.wav,False,studio,0.5,studio,True
phone_F1.wav|phone_M1.wav,studio_M1.wav,False,studio,0.5,studio,True
phone_F1.wav|studio_F1.wav,phone_F1.wav,True,phone,0.26064922838006294,phone,False
phone_F1.wav|studio_F1.wav,phone_M1.wav,False,phone,0.2163677689317684,phone,False
phone_F1.wav|studio_F1.wav,studio_F1.wav,True,studio,0.7393507716199371,studio,False
phone_F1.wav|studio_F1.wav,studio_M1.wav,False,studio,0.4713837106019379,phone,False
phone_F1.wav|studio_M1.wav,phone_F1.wav,True,phone,0.260649228380063,phone,False
phone_F1.wav|studio_M1.wav,phone_M1.wav,False,phone,0.5334754429781515,studio,False
phone_F1.wav|studio_M1.wav,studio_F1.wav,False,studio,1.3773110902105975e-08,phone,False
phone_F1.wav|studio_M1.wav,studio_M1.wav,True,studio,0.7393507716199371,studio,False
phone_M1.wav|studio_F1.wav,phone_F1.wav,False,phone,0.30436510478714623,phone,False
phone_M1.wav|studio_F1.wav,phone_M1.wav,True,phone,0.26064922838006294,phone,False
phone_M1.wav|studio_F1.wav,studio_F1.wav,True,studio,0.7393507716199371,studio,False
phone_M1.wav|studio_F1.wav,studio_M1.wav,False,studio,0.49234655709388486,phone,False
phone_M1.wav|studio_M1.wav,phone_F1.wav,False,phone,0.9748297035059712,studio,False
phone_M1.wav|studio_M1.wav,phone_M1.wav,True,phone,0.2606492283800629,phone,False
phone_M1.wav|studio_M1.wav,studio_F1.wav,False,studio,1.0,studio,False
phone_M1.wav|studio_M1.wav,studio_M1.wav,True,studio,0.739350771619937,studio,False
studio_F1.wav|studio_M1.wav,phone_F1.wav,False,phone,0.5,studio,True
studio_F1.wav|studio_M1.wav,phone_M1.wav,False,phone,0.5,studio,True
studio_F1.wav|studio_M1.wav,studio_F1.wav,True,studio,0.5,studio,True
studio_F1.wav|studio_M1.wav,studio_M1.wav,True,studio,0.5,studio,True
phone_F1.wav|phone_M1.wav|studio_F1.wav,phone_F1.wav,True,phone,0.16617772739790132,phone,False
phone_F1.wav|phone_M1.wav|studio_F1.wav,phone_M1.wav,True,phone,0.13006978489701973,phone,False
phone_F1.wav|phone_M1.wav|studio_F1.wav,studio_F1.wav,True,studio,0.7037524876869056,studio,False
phone_F1.wav|phone_M1.wav|studio_F1.wav,studio_M1.wav,False,studio,0.3668348214948923,phone,False
phone_F1.wav|phone_M1.wav|studio_M1.wav,phone_F1.wav,True,phone,0.1782248145334176,phone,False
phone_F1.wav|phone_M1.wav|studio_M1.wav,phone_M1.wav,True,phone,0.21194244975437265,phone,False
phone_F1.wav|phone_M1.wav|studio_M1.wav,studio_F1.wav,False,studio,0.001736927939826387,phone,False
phone_F1.wav|phone_M1.wav|studio_M1.wav,studio_M1.wav,True,studio,0.6098327365300124,studio,False
phone_F1.wav|studio_F1.wav|studio_M1.wav,phone_F1.wav,True,phone,0.3821024539383239,phone,False
phone_F1.wav|studio_F1.wav|studio_M1.wav,phone_M1.wav,False,phone,0.3099167707789638,phone,False
phone_F1.wav|studio_F1.wav|studio_M1.wav,studio_F1.wav,True,studio,0.8591026676943967,studio,False
phone_F1.wav|studio_F1.wav|studio_M1.wav,studio_M1.wav,True,studio,0.75879487838879,studio,False
phone_M1.wav|studio_F1.wav|studio_M1.wav,phone_F1.wav,False,phone,0.44444832349607016,phone,False
phone_M1.wav|studio_F1.wav|studio_M1.wav,phone_M1.wav,True,phone,0.3765192919777225,phone,False
phone_M1.wav|studio_F1.wav|studio_M1.wav,studio_F1.wav,True,studio,0.8644220583449482,studio,False
phone_M1.wav|studio_F1.wav|studio_M1.wav,studio_M1.wav,True,studio,0.7590586497191572,studio,False
phone_F1.wav|phone_M1.wav|studio_F1.wav|studio_M1.wav,phone_F1.wav,True,phone,0.2779071021064501,phone,False
phone_F1.wav|phone_M1.wav|studio_F1.wav|studio_M1.wav,phone_M1.wav,True,phone,0.21377464072236294,phone,False
phone_F1.wav|phone_M1.wav|studio_F1.wav|studio_M1.wav,studio_F1.wav,True,studio,0.8368943764668652,studio,False
phone_F1.wav|phone_M1.wav|studio_F1.wav|studio_M1.wav,studio_M1.wav,True,studio,0.6714238807762276,studio,False
