split,label,boundary,frames,mean_v_fraction,mean_uv_fraction,mean_sil_fraction
lofo,sil,False,483,0.0,0.0,1.0000000000000069
lofo,sil,True,14,0.11435050210560586,0.057110463232912564,0.7999352121801149
lofo,uv,False,121,0.0,1.0000000000000042,0.0
lofo,uv,True,59,0.20680272108843656,0.7762327529882012,0.01696452592336387
lofo,v,False,548,1.0000000000000016,0.0,0.0
lofo,v,True,66,0.7908747337318768,0.18792001649144607,0.02120524977667887
train,sil,False,483,0.0,0.0,1.0000000000000069
train,sil,True,14,0.11435050210560586,0.057110463232912564,0.7999352121801149
train,uv,False,121,0.0,1.0000000000000042,0.0
train,uv,True,59,0.20680272108843656,0.7762327529882012,0.01696452592336387
train,v,False,548,1.0000000000000016,0.0,0.0
train,v,True,66,0.7908747337318768,0.18792001649144607,0.02120524977667887
