method,split,model,file,F0mean,F0std,F0num,F0mean_mape,F0std_mape,F0num_mape,average_mape,F0mean_abs_error,F0std_abs_error,TP,TN,FP,FN,recall_v,recall_uv,balanced_accuracy,macro_f1,accuracy_vu,false_voiced_sil
yin,train,accepted,phone_F1.wav,214.6443580374503,26.551638553842558,140,0.44324766352026507,28.891449290497842,5.405405405405405,11.580034119807836,0.9556419625496915,5.951638553842557,135,64,5,18,0.8823529411764706,0.927536231884058,0.9049445865302643,0.8845919128449699,0.8963963963963963,0
yin,train,acf_single_peak_control,phone_F1.wav,204.48374853738454,41.95731833988688,140,5.155960789710321,103.67630262081008,5.405405405405405,38.079222938641934,11.116251462615452,21.35731833988688,135,64,5,18,0.8823529411764706,0.927536231884058,0.9049445865302643,0.8845919128449699,0.8963963963963963,0
yin,train,candidate,phone_F1.wav,212.78684399725498,32.72428375833738,140,1.3048033407908246,58.855746399695995,5.405405405405405,21.85531838196408,2.8131560027450178,12.124283758337377,135,64,5,18,0.8823529411764706,0.927536231884058,0.9049445865302643,0.8845919128449699,0.8963963963963963,0
yin,train,accepted,phone_M1.wav,124.0446195965237,18.807526065765618,206,0.2785930448857717,11.94955991527153,11.206896551724139,7.8116831706271475,0.34461959652369956,2.0075260657656173,201,57,5,43,0.8237704918032787,0.9193548387096774,0.8715626652564781,0.7985185185185185,0.8431372549019608,0
yin,train,acf_single_peak_control,phone_M1.wav,123.2545486383376,21.245978287419433,206,0.36010619374487224,26.464156472734718,11.206896551724139,12.677053072734575,0.44545136166240695,4.4459782874194325,201,57,5,43,0.8237704918032787,0.9193548387096774,0.8715626652564781,0.7985185185185185,0.8431372549019608,0
yin,train,candidate,phone_M1.wav,124.57932360334672,18.985772322057596,206,0.7108517407815033,13.01054953605711,11.206896551724139,8.309432609520918,0.8793236033467196,2.185772322057595,201,57,5,43,0.8237704918032787,0.9193548387096774,0.8715626652564781,0.7985185185185185,0.8431372549019608,0
yin,train,accepted,studio_F1.wav,229.12617494117202,37.53646348576116,119,0.20636979914110182,2.0012594721770744,6.299212598425197,2.8356139565811245,0.47382505882796977,0.7364634857611634,117,23,1,6,0.9512195121951219,0.9583333333333334,0.9547764227642277,0.9194394425741799,0.9523809523809523,1
yin,train,acf_single_peak_control,studio_F1.wav,227.6686533715823,40.197345290592644,119,0.841178845129654,9.231916550523497,6.299212598425197,5.457435998026116,1.9313466284176855,3.3973452905926464,117,23,1,6,0.9512195121951219,0.9583333333333334,0.9547764227642277,0.9194394425741799,0.9523809523809523,1
yin,train,candidate,studio_F1.wav,229.59336085583803,40.71870274683081,119,0.0028916133109606968,10.648648768561984,6.299212598425197,5.650250993432714,0.00663914416196576,3.91870274683081,117,23,1,6,0.9512195121951219,0.9583333333333334,0.9547764227642277,0.9194394425741799,0.9523809523809523,1
yin,train,accepted,studio_M1.wav,115.2563435802293,25.76929168456377,79,1.406036287229005,2.3890466493796603,3.658536585365854,2.4845398406581727,1.643656419770707,0.6307083154362303,77,23,2,17,0.8191489361702128,0.92,0.8695744680851064,0.798932859048466,0.8403361344537815,0
yin,train,acf_single_peak_control,studio_M1.wav,115.09528308498471,25.999901965923726,79,1.5438125876948596,1.5155228563495164,3.658536585365854,2.239290676470077,1.804716915015291,0.4000980340762723,77,23,2,17,0.8191489361702128,0.92,0.8695744680851064,0.798932859048466,0.8403361344537815,0
yin,train,candidate,studio_M1.wav,115.9294023807041,26.52525237688852,79,0.8302802560272894,0.47444082154743134,3.658536585365854,1.6544192209801913,0.9705976192959014,0.12525237688852187,77,23,2,17,0.8191489361702128,0.92,0.8695744680851064,0.798932859048466,0.8403361344537815,0
yin,lofo,accepted,phone_F1.wav,219.61734259298652,29.261393009880486,148,1.8633314438713002,42.045597135342156,0.0,14.636309526404487,4.017342592986523,8.661393009880484,138,61,8,15,0.9019607843137255,0.8840579710144928,0.8930093776641091,0.8822281167108754,0.8963963963963963,2
yin,lofo,acf_single_peak_control,phone_F1.wav,206.68181132801192,47.596439345379665,148,4.136451146562187,131.05067643388185,0.0,45.062375860148016,8.918188671988077,26.996439345379663,138,61,8,15,0.9019607843137255,0.8840579710144928,0.8930093776641091,0.8822281167108754,0.8963963963963963,2
yin,lofo,candidate,phone_F1.wav,214.3563372297674,39.77749083724077,148,0.5768380195883995,93.094615714761,0.0,31.2238179114498,1.2436627702325893,19.177490837240768,138,61,8,15,0.9019607843137255,0.8840579710144928,0.8930093776641091,0.8822281167108754,0.8963963963963963,2
yin,lofo,accepted,phone_M1.wav,124.27143386481885,18.87938768560926,202,0.4619513862723064,12.377307652436064,12.931034482758621,8.590097840488996,0.5714338648188431,2.079387685609259,197,57,5,47,0.8073770491803278,0.9193548387096774,0.8633659439450025,0.7850775298503431,0.8300653594771242,0
yin,lofo,acf_single_peak_control,phone_M1.wav,122.72870688201738,19.652673445994765,202,0.7852005804224944,16.980199083302168,12.931034482758621,10.232144715494428,0.9712931179826256,2.852673445994764,197,57,5,47,0.8073770491803278,0.9193548387096774,0.8633659439450025,0.7850775298503431,0.8300653594771242,0
yin,lofo,candidate,phone_M1.wav,124.53142757811463,18.977371056175436,202,0.6721322377644526,12.960542001044255,12.931034482758621,8.854569573855777,0.8314275781146279,2.177371056175435,197,57,5,47,0.8073770491803278,0.9193548387096774,0.8633659439450025,0.7850775298503431,0.8300653594771242,0
yin,lofo,accepted,studio_F1.wav,228.47144670563952,37.48170020809672,117,0.49153018047058894,1.8524462176541343,7.874015748031496,3.4059973820520733,1.1285532943604721,0.6817002080967214,115,23,1,8,0.9349593495934959,0.9583333333333334,0.9466463414634146,0.899353366298973,0.9387755102040817,1
yin,lofo,acf_single_peak_control,studio_F1.wav,228.45632226828553,37.47512225086282,117,0.4981174789697133,1.8345713338663596,7.874015748031496,3.4022348536225233,1.1436777317144617,0.6751222508628203,115,23,1,8,0.9349593495934959,0.9583333333333334,0.9466463414634146,0.899353366298973,0.9387755102040817,1
yin,lofo,candidate,studio_F1.wav,230.3320187431431,41.752163934635526,117,0.3188234944003053,13.456967213683503,7.874015748031496,7.216602152038436,0.7320187431431009,4.952163934635529,115,23,1,8,0.9349593495934959,0.9583333333333334,0.9466463414634146,0.899353366298973,0.9387755102040817,1
yin,lofo,accepted,studio_M1.wav,115.2563435802293,25.76929168456377,79,1.406036287229005,2.3890466493796603,3.658536585365854,2.4845398406581727,1.643656419770707,0.6307083154362303,77,23,2,17,0.8191489361702128,0.92,0.8695744680851064,0.798932859048466,0.8403361344537815,0
yin,lofo,acf_single_peak_control,studio_M1.wav,115.09528308498471,25.999901965923726,79,1.5438125876948596,1.5155228563495164,3.658536585365854,2.239290676470077,1.804716915015291,0.4000980340762723,77,23,2,17,0.8191489361702128,0.92,0.8695744680851064,0.798932859048466,0.8403361344537815,0
yin,lofo,candidate,studio_M1.wav,115.9294023807041,26.52525237688852,79,0.8302802560272894,0.47444082154743134,3.658536585365854,1.6544192209801913,0.9705976192959014,0.12525237688852187,77,23,2,17,0.8191489361702128,0.92,0.8695744680851064,0.798932859048466,0.8403361344537815,0
